index,/gimbal/yaw/angle,/gimbal/yaw/velocity,/gimbal/yaw/control_angle,/gimbal/yaw/control_velocity,/gimbal/yaw/control_torque
0,2.55274,0,nan,nan,nan
1,3.20132,0,nan,nan,nan
2,3.20132,0,nan,nan,nan
3,3.20132,0,nan,nan,nan
4,3.20132,0,nan,nan,nan
5,3.20132,0,nan,nan,nan
6,3.20132,0,nan,nan,nan
7,3.20132,0,nan,nan,nan
8,3.20132,0,nan,nan,nan
9,3.20132,0,nan,nan,nan
10,3.20132,0,nan,nan,nan
11,3.20132,0,nan,nan,nan
12,3.20132,0,nan,nan,nan
13,3.20132,0,nan,nan,nan
14,3.20132,0,nan,nan,nan
15,3.20132,0,nan,nan,nan
16,3.20132,0,nan,nan,nan
17,3.20132,0,nan,nan,nan
18,3.20132,0,nan,nan,nan
19,3.20132,0,nan,nan,nan
20,3.20132,0,nan,nan,nan
21,3.20132,0,nan,nan,nan
22,3.20132,0,nan,nan,nan
23,3.20132,0,nan,nan,nan
24,3.20132,0,nan,nan,nan
25,3.20132,0,nan,nan,nan
26,3.20132,0,nan,nan,nan
27,3.20132,0,nan,nan,nan
28,3.20132,0,nan,nan,nan
29,3.20132,0,nan,nan,nan
30,3.20132,0,nan,nan,nan
31,3.20132,0,nan,nan,nan
32,3.20132,0,nan,nan,nan
33,3.20132,0,nan,nan,nan
34,3.20132,0,nan,nan,nan
35,3.20132,0,nan,nan,nan
36,3.20132,0,nan,nan,nan
37,3.20132,0,nan,nan,nan
38,3.20132,0,nan,nan,nan
39,3.20132,0,nan,nan,nan
40,3.20132,0,nan,nan,nan
41,3.20132,0,nan,nan,nan
42,3.20132,0,nan,nan,nan
43,3.20132,0,nan,nan,nan
44,3.20132,0,nan,nan,nan
45,3.20132,0,nan,nan,nan
46,3.20132,0,nan,nan,nan
47,3.20132,0,nan,nan,nan
48,3.20132,0,nan,nan,nan
49,3.20132,0,nan,nan,nan
50,3.20132,0,nan,nan,nan
51,3.20132,0,nan,nan,nan
52,3.20132,0,nan,nan,nan
53,3.20132,0,nan,nan,nan
54,3.20132,0,nan,nan,nan
55,3.20132,0,nan,nan,nan
56,3.20132,0,nan,nan,nan
57,3.20132,0,nan,nan,nan
58,3.20132,0,nan,nan,nan
59,3.20132,0,nan,nan,nan
60,3.20132,0,nan,nan,nan
61,3.20132,0,nan,nan,nan
62,3.20132,0,nan,nan,nan
63,3.20132,0,nan,nan,nan
64,3.20132,0,nan,nan,nan
65,3.20132,0,nan,nan,nan
66,3.20132,0,nan,nan,nan
67,3.20132,0,nan,nan,nan
68,3.20132,0,nan,nan,nan
69,3.20132,0,nan,nan,nan
70,3.20132,0,nan,nan,nan
71,3.20132,0,nan,nan,nan
72,3.20132,0,nan,nan,nan
73,3.20132,0,nan,nan,nan
74,3.20132,0,nan,nan,nan
75,3.20132,0,nan,nan,nan
76,3.20132,0,nan,nan,nan
77,3.20132,0,nan,nan,nan
78,3.20132,0,nan,nan,nan
79,3.20132,0,nan,nan,nan
80,3.20132,0,nan,nan,nan
81,3.20132,0,nan,nan,nan
82,3.20132,0,nan,nan,nan
83,3.20132,0,nan,nan,nan
84,3.20132,0,nan,nan,nan
85,3.20132,0,nan,nan,nan
86,3.20132,0,nan,nan,nan
87,3.20132,0,nan,nan,nan
88,3.20132,0,nan,nan,nan
89,3.20132,0,nan,nan,nan
90,3.20132,0,nan,nan,nan
91,3.20132,0,nan,nan,nan
92,3.20132,0,nan,nan,nan
93,3.20132,0,nan,nan,nan
94,3.20132,0,nan,nan,nan
95,3.20132,0,nan,nan,nan
96,3.20132,0,nan,nan,nan
97,3.20132,0,nan,nan,nan
98,3.20132,0,nan,nan,nan
99,3.20132,0,nan,nan,nan
100,3.20132,0,nan,nan,nan
101,3.20132,0,nan,nan,nan
102,3.20132,0,nan,nan,nan
103,3.20132,0,nan,nan,nan
104,3.20132,0,nan,nan,nan
105,3.20132,0,nan,nan,nan
106,3.20132,0,nan,nan,nan
107,3.20132,0,nan,nan,nan
108,3.20132,0,nan,nan,nan
109,3.20132,0,nan,nan,nan
110,3.20132,0,nan,nan,nan
111,3.20132,0,nan,nan,nan
112,3.20132,0,nan,nan,nan
113,3.20132,0,nan,nan,nan
114,3.20132,0,nan,nan,nan
115,3.20132,0,nan,nan,nan
116,3.20132,0,nan,nan,nan
117,3.20132,0,nan,nan,nan
118,3.20132,0,nan,nan,nan
119,3.20132,0,nan,nan,nan
120,3.20132,0,nan,nan,nan
121,3.20132,0,nan,nan,nan
122,3.20132,0,nan,nan,nan
123,3.20132,0,nan,nan,nan
124,3.20132,0,nan,nan,nan
125,3.20132,0,nan,nan,nan
126,3.20132,0,nan,nan,nan
127,3.20132,0,nan,nan,nan
128,3.20132,0,nan,nan,nan
129,3.20132,0,nan,nan,nan
130,3.20132,0,nan,nan,nan
131,3.20132,0,nan,nan,nan
132,3.20132,0,nan,nan,nan
133,3.20132,0,nan,nan,nan
134,3.20132,0,nan,nan,nan
135,3.20132,0,nan,nan,nan
136,3.20132,0,nan,nan,nan
137,3.20132,0,nan,nan,nan
138,3.20132,0,nan,nan,nan
139,3.20132,0,nan,nan,nan
140,3.20132,0,nan,nan,nan
141,3.20132,0,nan,nan,nan
142,3.20132,0,nan,nan,nan
143,3.20132,0,nan,nan,nan
144,3.20132,0,nan,nan,nan
145,3.20132,0,nan,nan,nan
146,3.20132,0,nan,nan,nan
147,3.20132,0,nan,nan,nan
148,3.20132,0,nan,nan,nan
149,3.20132,0,nan,nan,nan
150,3.20132,0,nan,nan,nan
151,3.20132,0,nan,nan,nan
152,3.20132,0,nan,nan,nan
153,3.20132,0,nan,nan,nan
154,3.20132,0,nan,nan,nan
155,3.20132,0,nan,nan,nan
156,3.20132,0,nan,nan,nan
157,3.20132,0,nan,nan,nan
158,3.20132,0,nan,nan,nan
159,3.20132,0,nan,nan,nan
160,3.20132,0,nan,nan,nan
161,3.20132,0,nan,nan,nan
162,3.20132,0,nan,nan,nan
163,3.20132,0,nan,nan,nan
164,3.20132,0,nan,nan,nan
165,3.20132,0,nan,nan,nan
166,3.20132,0,nan,nan,nan
167,3.20132,0,nan,nan,nan
168,3.20132,0,nan,nan,nan
169,3.20132,0,nan,nan,nan
170,3.20132,0,nan,nan,nan
171,3.20132,0,nan,nan,nan
172,3.20132,0,nan,nan,nan
173,3.20132,0,nan,nan,nan
174,3.20132,0,nan,nan,nan
175,3.20132,0,nan,nan,nan
176,3.20132,0,nan,nan,nan
177,3.20132,0,nan,nan,nan
178,3.20132,0,nan,nan,nan
179,3.20132,0,nan,nan,nan
180,3.20132,0,nan,nan,nan
181,3.20132,0,nan,nan,nan
182,3.20132,0,nan,nan,nan
183,3.20132,0,nan,nan,nan
184,3.20132,0,nan,nan,nan
185,3.20132,0,nan,nan,nan
186,3.20132,0,nan,nan,nan
187,3.20132,0,nan,nan,nan
188,3.20132,0,nan,nan,nan
189,3.20132,0,nan,nan,nan
190,3.20132,0,nan,nan,nan
191,3.20132,0,nan,nan,nan
192,3.20132,0,nan,nan,nan
193,3.20132,0,nan,nan,nan
194,3.20132,0,nan,nan,nan
195,3.20132,0,nan,nan,nan
196,3.20132,0,nan,nan,nan
197,3.20132,0,nan,nan,nan
198,3.20132,0,nan,nan,nan
199,3.20132,0,nan,nan,nan
200,3.20132,0,nan,nan,nan
201,3.20132,0,nan,nan,nan
202,3.20132,0,nan,nan,nan
203,3.20132,0,nan,nan,nan
204,3.20132,0,nan,nan,nan
205,3.20132,0,nan,nan,nan
206,3.20132,0,nan,nan,nan
207,3.20132,0,nan,nan,nan
208,3.20132,0,nan,nan,nan
209,3.20132,0,nan,nan,nan
210,3.20132,0,nan,nan,nan
211,3.20132,0,nan,nan,nan
212,3.20132,0,nan,nan,nan
213,3.20132,0,nan,nan,nan
214,3.20132,0,nan,nan,nan
215,3.20132,0,nan,nan,nan
216,3.20132,0,nan,nan,nan
217,3.20132,0,nan,nan,nan
218,3.20132,0,nan,nan,nan
219,3.20132,0,nan,nan,nan
220,3.20132,0,nan,nan,nan
221,3.20132,0,nan,nan,nan
222,3.20132,0,nan,nan,nan
223,3.20132,0,nan,nan,nan
224,3.20132,0,nan,nan,nan
225,3.20132,0,nan,nan,nan
226,3.20132,0,nan,nan,nan
227,3.20132,0,nan,nan,nan
228,3.20132,0,nan,nan,nan
229,3.20132,0,nan,nan,nan
230,3.20132,0,nan,nan,nan
231,3.20132,0,nan,nan,nan
232,3.20132,0,nan,nan,nan
233,3.20132,0,nan,nan,nan
234,3.20132,0,nan,nan,nan
235,3.20132,0,nan,nan,nan
236,3.20132,0,nan,nan,nan
237,3.20132,0,nan,nan,nan
238,3.20132,0,nan,nan,nan
239,3.20132,0,nan,nan,nan
240,3.20132,0,nan,nan,nan
241,3.20132,0,nan,nan,nan
242,3.20132,0,nan,nan,nan
243,3.20132,0,nan,nan,nan
244,3.20132,0,nan,nan,nan
245,3.20132,0,nan,nan,nan
246,3.20132,0,nan,nan,nan
247,3.20132,0,nan,nan,nan
248,3.20132,0,nan,nan,nan
249,3.20132,0,nan,nan,nan
250,3.20132,0,nan,nan,nan
251,3.20132,0,nan,nan,nan
252,3.20132,0,nan,nan,nan
253,3.20132,0,nan,nan,nan
254,3.20132,0,nan,nan,nan
255,3.20132,0,nan,nan,nan
256,3.20132,0,nan,nan,nan
257,3.20132,0,nan,nan,nan
258,3.20132,0,nan,nan,nan
259,3.20132,0,nan,nan,nan
260,3.20132,0,nan,nan,nan
261,3.20132,0,nan,nan,nan
262,3.20132,0,nan,nan,nan
263,3.20132,0,nan,nan,nan
264,3.20132,0,nan,nan,nan
265,3.20132,0,nan,nan,nan
266,3.20132,0,nan,nan,nan
267,3.20132,0,nan,nan,nan
268,3.20132,0,nan,nan,nan
269,3.20132,0,nan,nan,nan
270,3.20132,0,nan,nan,nan
271,3.20132,0,nan,nan,nan
272,3.20132,0,nan,nan,nan
273,3.20132,0,nan,nan,nan
274,3.20132,0,nan,nan,nan
275,3.20132,0,nan,nan,nan
276,3.20132,0,nan,nan,nan
277,3.20132,0,nan,nan,nan
278,3.20132,0,nan,nan,nan
279,3.20132,0,nan,nan,nan
280,3.20132,0,nan,nan,nan
281,3.20132,0,nan,nan,nan
282,3.20132,0,nan,nan,nan
283,3.20132,0,nan,nan,nan
284,3.20132,0,nan,nan,nan
285,3.20132,0,nan,nan,nan
286,3.20132,0,nan,nan,nan
287,3.20132,0,nan,nan,nan
288,3.20132,0,nan,nan,nan
289,3.20132,0,nan,nan,nan
290,3.20132,0,nan,nan,nan
291,3.20132,0,nan,nan,nan
292,3.20132,0,nan,nan,nan
293,3.20132,0,nan,nan,nan
294,3.20132,0,nan,nan,nan
295,3.20132,0,nan,nan,nan
296,3.20132,0,nan,nan,nan
297,3.20132,0,nan,nan,nan
298,3.20132,0,nan,nan,nan
299,3.20132,0,nan,nan,nan
300,3.20132,0,nan,nan,nan
301,3.20132,0,nan,nan,nan
302,3.20132,0,nan,nan,nan
303,3.20132,0,nan,nan,nan
304,3.20132,0,nan,nan,nan
305,3.20132,0,nan,nan,nan
306,3.20132,0,nan,nan,nan
307,3.20132,0,nan,nan,nan
308,3.20132,0,nan,nan,nan
309,3.20132,0,nan,nan,nan
310,3.20132,0,nan,nan,nan
311,3.20132,0,nan,nan,nan
312,3.20132,0,nan,nan,nan
313,3.20132,0,nan,nan,nan
314,3.20132,0,nan,nan,nan
315,3.20132,0,nan,nan,nan
316,3.20132,0,nan,nan,nan
317,3.20132,0,nan,nan,nan
318,3.20132,0,nan,nan,nan
319,3.20132,0,nan,nan,nan
320,3.20132,0,nan,nan,nan
321,3.20132,0,nan,nan,nan
322,3.20132,0,nan,nan,nan
323,3.20132,0,nan,nan,nan
324,3.20132,0,nan,nan,nan
325,3.20132,0,nan,nan,nan
326,3.20132,0,nan,nan,nan
327,3.20132,0,nan,nan,nan
328,3.20132,0,nan,nan,nan
329,3.20132,0,nan,nan,nan
330,3.20132,0,nan,nan,nan
331,3.20132,0,nan,nan,nan
332,3.20132,0,nan,nan,nan
333,3.20132,0,nan,nan,nan
334,3.20132,0,nan,nan,nan
335,3.20132,0,nan,nan,nan
336,3.20132,0,nan,nan,nan
337,3.20132,0,nan,nan,nan
338,3.20132,0,nan,nan,nan
339,3.20132,0,nan,nan,nan
340,3.20132,0,nan,nan,nan
341,3.20132,0,nan,nan,nan
342,3.20132,0,nan,nan,nan
343,3.20132,0,nan,nan,nan
344,3.20132,0,nan,nan,nan
345,3.20132,0,nan,nan,nan
346,3.20132,0,nan,nan,nan
347,3.20132,0,nan,nan,nan
348,3.20132,0,nan,nan,nan
349,3.20132,0,nan,nan,nan
350,3.20132,0,nan,nan,nan
351,3.20132,0,nan,nan,nan
352,3.20132,0,nan,nan,nan
353,3.20132,0,nan,nan,nan
354,3.20132,0,nan,nan,nan
355,3.20132,0,nan,nan,nan
356,3.20132,0,nan,nan,nan
357,3.20132,0,nan,nan,nan
358,3.20132,0,nan,nan,nan
359,3.20132,0,nan,nan,nan
360,3.20132,0,nan,nan,nan
361,3.20132,0,nan,nan,nan
362,3.20132,0,nan,nan,nan
363,3.20132,0,nan,nan,nan
364,3.20132,0,nan,nan,nan
365,3.20132,0,nan,nan,nan
366,3.20132,0,nan,nan,nan
367,3.20132,0,nan,nan,nan
368,3.20132,0,nan,nan,nan
369,3.20132,0,nan,nan,nan
370,3.20132,0,nan,nan,nan
371,3.20132,0,nan,nan,nan
372,3.20132,0,nan,nan,nan
373,3.20132,0,nan,nan,nan
374,3.20132,0,nan,nan,nan
375,3.20132,0,nan,nan,nan
376,3.20132,0,nan,nan,nan
377,3.20132,0,nan,nan,nan
378,3.20132,0,nan,nan,nan
379,3.20132,0,nan,nan,nan
380,3.20132,0,nan,nan,nan
381,3.20132,0,nan,nan,nan
382,3.20132,0,nan,nan,nan
383,3.20132,0,nan,nan,nan
384,3.20132,0,nan,nan,nan
385,3.20132,0,nan,nan,nan
386,3.20132,0,nan,nan,nan
387,3.20132,0,nan,nan,nan
388,3.20132,0,nan,nan,nan
389,3.20132,0,nan,nan,nan
390,3.20132,0,nan,nan,nan
391,3.20132,0,nan,nan,nan
392,3.20132,0,nan,nan,nan
393,3.20132,0,nan,nan,nan
394,3.20132,0,nan,nan,nan
395,3.20132,0,nan,nan,nan
396,3.20132,0,nan,nan,nan
397,3.20132,0,nan,nan,nan
398,3.20132,0,nan,nan,nan
399,3.20132,0,nan,nan,nan
400,3.20132,0,nan,nan,nan
401,3.20132,0,nan,nan,nan
402,3.20132,0,nan,nan,nan
403,3.20132,0,nan,nan,nan
404,3.20132,0,nan,nan,nan
405,3.20132,0,nan,nan,nan
406,3.20132,0,nan,nan,nan
407,3.20132,0,nan,nan,nan
408,3.20132,0,nan,nan,nan
409,3.20132,0,nan,nan,nan
410,3.20132,0,nan,nan,nan
411,3.20132,0,nan,nan,nan
412,3.20132,0,nan,nan,nan
413,3.20132,0,nan,nan,nan
414,3.20132,0,nan,nan,nan
415,3.20132,0,nan,nan,nan
416,3.20132,0,nan,nan,nan
417,3.20132,0,nan,nan,nan
418,3.20132,0,nan,nan,nan
419,3.20132,0,nan,nan,nan
420,3.20132,0,nan,nan,nan
421,3.20132,0,nan,nan,nan
422,3.20132,0,nan,nan,nan
423,3.20132,0,nan,nan,nan
424,3.20132,0,nan,nan,nan
425,3.20132,0,nan,nan,nan
426,3.20132,0,nan,nan,nan
427,3.20132,0,nan,nan,nan
428,3.20132,0,nan,nan,nan
429,3.20132,0,nan,nan,nan
430,3.20132,0,nan,nan,nan
431,3.20132,0,nan,nan,nan
432,3.20132,0,nan,nan,nan
433,3.20132,0,nan,nan,nan
434,3.20132,0,nan,nan,nan
435,3.20132,0,nan,nan,nan
436,3.20132,0,nan,nan,nan
437,3.20132,0,nan,nan,nan
438,3.20132,0,nan,nan,nan
439,3.20132,0,nan,nan,nan
440,3.20132,0,nan,nan,nan
441,3.20132,0,nan,nan,nan
442,3.20132,0,nan,nan,nan
443,3.20132,0,nan,nan,nan
444,3.20132,0,nan,nan,nan
445,3.20132,0,nan,nan,nan
446,3.20132,0,nan,nan,nan
447,3.20132,0,nan,nan,nan
448,3.20132,0,nan,nan,nan
449,3.20132,0,nan,nan,nan
450,3.20132,0,nan,nan,nan
451,3.20132,0,nan,nan,nan
452,3.20132,0,nan,nan,nan
453,3.20132,0,nan,nan,nan
454,3.20132,0,nan,nan,nan
455,3.20132,0,nan,nan,nan
456,3.20132,0,nan,nan,nan
457,3.20132,0,nan,nan,nan
458,3.20132,0,nan,nan,nan
459,3.20132,0,nan,nan,nan
460,3.20132,0,nan,nan,nan
461,3.20132,0,nan,nan,nan
462,3.20132,0,nan,nan,nan
463,3.20132,0,nan,nan,nan
464,3.20132,0,nan,nan,nan
465,3.20132,0,nan,nan,nan
466,3.20132,0,nan,nan,nan
467,3.20132,0,nan,nan,nan
468,3.20132,0,nan,nan,nan
469,3.20132,0,nan,nan,nan
470,3.20132,0,nan,nan,nan
471,3.20132,0,nan,nan,nan
472,3.20132,0,nan,nan,nan
473,3.20132,0,nan,nan,nan
474,3.20132,0,nan,nan,nan
475,3.20132,0,nan,nan,nan
476,3.20132,0,nan,nan,nan
477,3.20132,0,nan,nan,nan
478,3.20132,0,nan,nan,nan
479,3.20132,0,nan,nan,nan
480,3.20132,0,nan,nan,nan
481,3.20132,0,nan,nan,nan
482,3.20132,0,nan,nan,nan
483,3.20132,0,nan,nan,nan
484,3.20132,0,nan,nan,nan
485,3.20132,0,nan,nan,nan
486,3.20132,0,nan,nan,nan
487,3.20132,0,nan,nan,nan
488,3.20132,0,nan,nan,nan
489,3.20132,0,nan,nan,nan
490,3.20132,0,nan,nan,nan
491,3.20132,0,nan,nan,nan
492,3.20132,0,nan,nan,nan
493,3.20132,0,nan,nan,nan
494,3.20132,0,nan,nan,nan
495,3.20132,0,nan,nan,nan
496,3.20132,0,nan,nan,nan
497,3.20132,0,nan,nan,nan
498,3.20132,0,nan,nan,nan
499,3.20132,0,nan,nan,nan
500,3.20132,0,nan,nan,nan
501,3.20132,0,nan,nan,nan
502,3.20132,0,nan,nan,nan
503,3.20132,0,nan,nan,nan
504,3.20132,0,nan,nan,nan
505,3.20132,0,nan,nan,nan
506,3.20132,0,nan,nan,nan
507,3.20132,0,nan,nan,nan
508,3.20132,0,nan,nan,nan
509,3.20132,0,nan,nan,nan
510,3.20132,0,nan,nan,nan
511,3.20132,0,nan,nan,nan
512,3.20132,0,nan,nan,nan
513,3.20132,0,nan,nan,nan
514,3.20132,0,nan,nan,nan
515,3.20132,0,nan,nan,nan
516,3.20132,0,nan,nan,nan
517,3.20132,0,nan,nan,nan
518,3.20132,0,nan,nan,nan
519,3.20132,0,nan,nan,nan
520,3.20132,0,nan,nan,nan
521,3.20132,0,nan,nan,nan
522,3.20132,0,nan,nan,nan
523,3.20132,0,nan,nan,nan
524,3.20132,0,nan,nan,nan
525,3.20132,0,nan,nan,nan
526,3.20132,0,nan,nan,nan
527,3.20132,0,nan,nan,nan
528,3.20132,0,nan,nan,nan
529,3.20132,0,nan,nan,nan
530,3.20132,0,nan,nan,nan
531,3.20132,0,nan,nan,nan
532,3.20132,0,nan,nan,nan
533,3.20132,0,nan,nan,nan
534,3.20132,0,nan,nan,nan
535,3.20132,0,nan,nan,nan
536,3.20132,0,nan,nan,nan
537,3.20132,0,nan,nan,nan
538,3.20132,0,nan,nan,nan
539,3.20132,0,nan,nan,nan
540,3.20132,0,nan,nan,nan
541,3.20132,0,nan,nan,nan
542,3.20132,0,nan,nan,nan
543,3.20132,0,nan,nan,nan
544,3.20132,0,nan,nan,nan
545,3.20132,0,nan,nan,nan
546,3.20132,0,nan,nan,nan
547,3.20132,0,nan,nan,nan
548,3.20132,0,nan,nan,nan
549,3.20132,0,nan,nan,nan
550,3.20132,0,nan,nan,nan
551,3.20132,0,nan,nan,nan
552,3.20132,0,nan,nan,nan
553,3.20132,0,nan,nan,nan
554,3.20132,0,nan,nan,nan
555,3.20132,0,nan,nan,nan
556,3.20132,0,nan,nan,nan
557,3.20132,0,nan,nan,nan
558,3.20132,0,nan,nan,nan
559,3.20132,0,nan,nan,nan
560,3.20132,0,nan,nan,nan
561,3.20132,0,nan,nan,nan
562,3.20132,0,nan,nan,nan
563,3.20132,0,nan,nan,nan
564,3.20132,0,nan,nan,nan
565,3.20132,0,nan,nan,nan
566,3.20132,0,nan,nan,nan
567,3.20132,0,nan,nan,nan
568,3.20132,0,nan,nan,nan
569,3.20132,0,nan,nan,nan
570,3.20132,0,nan,nan,nan
571,3.20132,0,nan,nan,nan
572,3.20132,0,nan,nan,nan
573,3.20132,0,nan,nan,nan
574,3.20132,0,nan,nan,nan
575,3.20132,0,nan,nan,nan
576,3.20132,0,nan,nan,nan
577,3.20132,0,nan,nan,nan
578,3.20132,0,nan,nan,nan
579,3.20132,0,nan,nan,nan
580,3.20132,0,nan,nan,nan
581,3.20132,0,nan,nan,nan
582,3.20132,0,nan,nan,nan
583,3.20132,0,nan,nan,nan
584,3.20132,0,nan,nan,nan
585,3.20132,0,nan,nan,nan
586,3.20132,0,nan,nan,nan
587,3.20132,0,nan,nan,nan
588,3.20132,0,nan,nan,nan
589,3.20132,0,nan,nan,nan
590,3.20132,0,nan,nan,nan
591,3.20132,0,nan,nan,nan
592,3.20132,0,nan,nan,nan
593,3.20132,0,nan,nan,nan
594,3.20132,0,nan,nan,nan
595,3.20132,0,nan,nan,nan
596,3.20132,0,nan,nan,nan
597,3.20132,0,nan,nan,nan
598,3.20132,0,nan,nan,nan
599,3.20132,0,nan,nan,nan
600,3.20132,0,nan,nan,nan
601,3.20132,0,nan,nan,nan
602,3.20132,0,nan,nan,nan
603,3.20132,0,nan,nan,nan
604,3.20132,0,nan,nan,nan
605,3.20132,0,nan,nan,nan
606,3.20132,0,nan,nan,nan
607,3.20132,0,nan,nan,nan
608,3.20132,0,nan,nan,nan
609,3.20132,0,nan,nan,nan
610,3.20132,0,nan,nan,nan
611,3.20132,0,nan,nan,nan
612,3.20132,0,nan,nan,nan
613,3.20132,0,nan,nan,nan
614,3.20132,0,nan,nan,nan
615,3.20132,0,nan,nan,nan
616,3.20132,0,nan,nan,nan
617,3.20132,0,nan,nan,nan
618,3.20132,0,nan,nan,nan
619,3.20132,0,nan,nan,nan
620,3.20132,0,nan,nan,nan
621,3.20132,0,nan,nan,nan
622,3.20132,0,nan,nan,nan
623,3.20132,0,nan,nan,nan
624,3.20132,0,nan,nan,nan
625,3.20132,0,nan,nan,nan
626,3.20132,0,nan,nan,nan
627,3.20132,0,nan,nan,nan
628,3.20132,0,nan,nan,nan
629,3.20132,0,nan,nan,nan
630,3.20132,0,nan,nan,nan
631,3.20132,0,nan,nan,nan
632,3.20132,0,nan,nan,nan
633,3.20132,0,nan,nan,nan
634,3.20132,0,nan,nan,nan
635,3.20132,0,nan,nan,nan
636,3.20132,0,nan,nan,nan
637,3.20132,0,nan,nan,nan
638,3.20132,0,nan,nan,nan
639,3.20132,0,nan,nan,nan
640,3.20132,0,nan,nan,nan
641,3.20132,0,nan,nan,nan
642,3.20132,0,nan,nan,nan
643,3.20132,0,nan,nan,nan
644,3.20132,0,nan,nan,nan
645,3.20132,0,nan,nan,nan
646,3.20132,0,nan,nan,nan
647,3.20132,0,nan,nan,nan
648,3.20132,0,nan,nan,nan
649,3.20132,0,nan,nan,nan
650,3.20132,0,nan,nan,nan
651,3.20132,0,nan,nan,nan
652,3.20132,0,nan,nan,nan
653,3.20132,0,nan,nan,nan
654,3.20132,0,nan,nan,nan
655,3.20132,0,nan,nan,nan
656,3.20132,0,nan,nan,nan
657,3.20132,0,nan,nan,nan
658,3.20132,0,nan,nan,nan
659,3.20132,0,nan,nan,nan
660,3.20132,0,nan,nan,nan
661,3.20132,0,nan,nan,nan
662,3.20132,0,nan,nan,nan
663,3.20132,0,nan,nan,nan
664,3.20132,0,nan,nan,nan
665,3.20132,0,nan,nan,nan
666,3.20132,0,nan,nan,nan
667,3.20132,0,nan,nan,nan
668,3.20132,0,nan,nan,nan
669,3.20132,0,nan,nan,nan
670,3.20132,0,nan,nan,nan
671,3.20132,0,nan,nan,nan
672,3.20132,0,nan,nan,nan
673,3.20132,0,nan,nan,nan
674,3.20132,0,nan,nan,nan
675,3.20132,0,nan,nan,nan
676,3.20132,0,nan,nan,nan
677,3.20132,0,nan,nan,nan
678,3.20132,0,nan,nan,nan
679,3.20132,0,nan,nan,nan
680,3.20132,0,nan,nan,nan
681,3.20132,0,nan,nan,nan
682,3.20132,0,nan,nan,nan
683,3.20132,0,nan,nan,nan
684,3.20132,0,nan,nan,nan
685,3.20132,0,nan,nan,nan
686,3.20132,0,nan,nan,nan
687,3.20132,0,nan,nan,nan
688,3.20132,0,nan,nan,nan
689,3.20132,0,nan,nan,nan
690,3.20132,0,nan,nan,nan
691,3.20132,0,nan,nan,nan
692,3.20132,0,nan,nan,nan
693,3.20132,0,nan,nan,nan
694,3.20132,0,nan,nan,nan
695,3.20132,0,nan,nan,nan
696,3.20132,0,nan,nan,nan
697,3.20132,0,nan,nan,nan
698,3.20132,0,nan,nan,nan
699,3.20132,0,nan,nan,nan
700,3.20132,0,nan,nan,nan
701,3.20132,0,nan,nan,nan
702,3.20132,0,nan,nan,nan
703,3.20132,0,nan,nan,nan
704,3.20132,0,nan,nan,nan
705,3.20132,0,nan,nan,nan
706,3.20132,0,nan,nan,nan
707,3.20132,0,nan,nan,nan
708,3.20132,0,nan,nan,nan
709,3.20132,0,nan,nan,nan
710,3.20132,0,nan,nan,nan
711,3.20132,0,nan,nan,nan
712,3.20132,0,nan,nan,nan
713,3.20132,0,nan,nan,nan
714,3.20132,0,nan,nan,nan
715,3.20132,0,nan,nan,nan
716,3.20132,0,nan,nan,nan
717,3.20132,0,nan,nan,nan
718,3.20132,0,nan,nan,nan
719,3.20132,0,nan,nan,nan
720,3.20132,0,nan,nan,nan
721,3.20132,0,nan,nan,nan
722,3.20132,0,nan,nan,nan
723,3.20132,0,nan,nan,nan
724,3.20132,0,nan,nan,nan
725,3.20132,0,nan,nan,nan
726,3.20132,0,nan,nan,nan
727,3.20132,0,nan,nan,nan
728,3.20132,0,nan,nan,nan
729,3.20132,0,nan,nan,nan
730,3.20132,0,nan,nan,nan
731,3.20132,0,nan,nan,nan
732,3.20132,0,nan,nan,nan
733,3.20132,0,nan,nan,nan
734,3.20132,0,nan,nan,nan
735,3.20132,0,nan,nan,nan
736,3.20132,0,nan,nan,nan
737,3.20132,0,nan,nan,nan
738,3.20132,0,nan,nan,nan
739,3.20132,0,nan,nan,nan
740,3.20132,0,nan,nan,nan
741,3.20132,0,nan,nan,nan
742,3.20132,0,nan,nan,nan
743,3.20132,0,nan,nan,nan
744,3.20132,0,nan,nan,nan
745,3.20132,0,nan,nan,nan
746,3.20132,0,nan,nan,nan
747,3.20132,0,nan,nan,nan
748,3.20132,0,nan,nan,nan
749,3.20132,0,nan,nan,nan
750,3.20132,0,nan,nan,nan
751,3.20132,0,nan,nan,nan
752,3.20132,0,nan,nan,nan
753,3.20132,0,nan,nan,nan
754,3.20132,0,nan,nan,nan
755,3.20132,0,nan,nan,nan
756,3.20132,0,nan,nan,nan
757,3.20132,0,nan,nan,nan
758,3.20132,0,nan,nan,nan
759,3.20132,0,nan,nan,nan
760,3.20132,0,nan,nan,nan
761,3.20132,0,nan,nan,nan
762,3.20132,0,nan,nan,nan
763,3.20132,0,nan,nan,nan
764,3.20132,0,nan,nan,nan
765,3.20132,0,nan,nan,nan
766,3.20132,0,nan,nan,nan
767,3.20132,0,nan,nan,nan
768,3.20132,0,nan,nan,nan
769,3.20132,0,nan,nan,nan
770,3.20132,0,nan,nan,nan
771,3.20132,0,nan,nan,nan
772,3.20132,0,nan,nan,nan
773,3.20132,0,nan,nan,nan
774,3.20132,0,nan,nan,nan
775,3.20132,0,nan,nan,nan
776,3.20132,0,nan,nan,nan
777,3.20132,0,nan,nan,nan
778,3.20132,0,nan,nan,nan
779,3.20132,0,nan,nan,nan
780,3.20132,0,nan,nan,nan
781,3.20132,0,nan,nan,nan
782,3.20132,0,nan,nan,nan
783,3.20132,0,nan,nan,nan
784,3.20132,0,nan,nan,nan
785,3.20132,0,nan,nan,nan
786,3.20132,0,nan,nan,nan
787,3.20132,0,nan,nan,nan
788,3.20132,0,nan,nan,nan
789,3.20132,0,nan,nan,nan
790,3.20132,0,nan,nan,nan
791,3.20132,0,nan,nan,nan
792,3.20132,0,nan,nan,nan
793,3.20132,0,nan,nan,nan
794,3.20132,0,nan,nan,nan
795,3.20132,0,nan,nan,nan
796,3.20132,0,nan,nan,nan
797,3.20132,0,nan,nan,nan
798,3.20132,0,nan,nan,nan
799,3.20132,0,nan,nan,nan
800,3.20132,0,nan,nan,nan
801,3.20132,0,nan,nan,nan
802,3.20132,0,nan,nan,nan
803,3.20132,0,nan,nan,nan
804,3.20132,0,nan,nan,nan
805,3.20132,0,nan,nan,nan
806,3.20132,0,nan,nan,nan
807,3.20132,0,nan,nan,nan
808,3.20132,0,nan,nan,nan
809,3.20132,0,nan,nan,nan
810,3.20132,0,nan,nan,nan
811,3.20132,0,nan,nan,nan
812,3.20132,0,nan,nan,nan
813,3.20132,0,nan,nan,nan
814,3.20132,0,nan,nan,nan
815,3.20132,0,nan,nan,nan
816,3.20132,0,nan,nan,nan
817,3.20132,0,nan,nan,nan
818,3.20132,0,nan,nan,nan
819,3.20132,0,nan,nan,nan
820,3.20132,0,nan,nan,nan
821,3.20132,0,nan,nan,nan
822,3.20132,0,nan,nan,nan
823,3.20132,0,nan,nan,nan
824,3.20132,0,nan,nan,nan
825,3.20132,0,nan,nan,nan
826,3.20132,0,nan,nan,nan
827,3.20132,0,nan,nan,nan
828,3.20132,0,nan,nan,nan
829,3.20132,0,nan,nan,nan
830,3.20132,0,nan,nan,nan
831,3.20132,0,nan,nan,nan
832,3.20132,0,nan,nan,nan
833,3.20132,0,nan,nan,nan
834,3.20132,0,nan,nan,nan
835,3.20132,0,nan,nan,nan
836,3.20132,0,nan,nan,nan
837,3.20132,0,nan,nan,nan
838,3.20132,0,nan,nan,nan
839,3.20132,0,nan,nan,nan
840,3.20132,0,nan,nan,nan
841,3.20132,0,nan,nan,nan
842,3.20132,0,nan,nan,nan
843,3.20132,0,nan,nan,nan
844,3.20132,0,nan,nan,nan
845,3.20132,0,nan,nan,nan
846,3.20132,0,nan,nan,nan
847,3.20132,0,nan,nan,nan
848,3.20132,0,nan,nan,nan
849,3.20132,0,nan,nan,nan
850,3.20132,0,nan,nan,nan
851,3.20132,0,nan,nan,nan
852,3.20132,0,nan,nan,nan
853,3.20132,0,nan,nan,nan
854,3.20132,0,nan,nan,nan
855,3.20132,0,nan,nan,nan
856,3.20132,0,nan,nan,nan
857,3.20132,0,nan,nan,nan
858,3.20132,0,nan,nan,nan
859,3.20132,0,nan,nan,nan
860,3.20132,0,nan,nan,nan
861,3.20132,0,nan,nan,nan
862,3.20132,0,nan,nan,nan
863,3.20132,0,nan,nan,nan
864,3.20132,0,nan,nan,nan
865,3.20132,0,nan,nan,nan
866,3.20132,0,nan,nan,nan
867,3.20132,0,nan,nan,nan
868,3.20132,0,nan,nan,nan
869,3.20132,0,nan,nan,nan
870,3.20132,0,nan,nan,nan
871,3.20132,0,nan,nan,nan
872,3.20132,0,nan,nan,nan
873,3.20132,0,nan,nan,nan
874,3.20132,0,nan,nan,nan
875,3.20132,0,nan,nan,nan
876,3.20132,0,nan,nan,nan
877,3.20132,0,nan,nan,nan
878,3.20132,0,nan,nan,nan
879,3.20132,0,nan,nan,nan
880,3.20132,0,nan,nan,nan
881,3.20132,0,nan,nan,nan
882,3.20132,0,nan,nan,nan
883,3.20132,0,nan,nan,nan
884,3.20132,0,nan,nan,nan
885,3.20132,0,nan,nan,nan
886,3.20132,0,nan,nan,nan
887,3.20132,0,nan,nan,nan
888,3.20132,0,nan,nan,nan
889,3.20132,0,nan,nan,nan
890,3.20132,0,nan,nan,nan
891,3.20132,0,nan,nan,nan
892,3.20132,0,nan,nan,nan
893,3.20132,0,nan,nan,nan
894,3.20132,0,nan,nan,nan
895,3.20132,0,nan,nan,nan
896,3.20132,0,nan,nan,nan
897,3.20132,0,nan,nan,nan
898,3.20132,0,nan,nan,nan
899,3.20132,0,nan,nan,nan
900,3.20132,0,nan,nan,nan
901,3.20132,0,nan,nan,nan
902,3.20132,0,nan,nan,nan
903,3.20132,0,nan,nan,nan
904,3.20132,0,nan,nan,nan
905,3.20132,0,nan,nan,nan
906,3.20132,0,nan,nan,nan
907,3.20132,0,nan,nan,nan
908,3.20132,0,nan,nan,nan
909,3.20132,0,nan,nan,nan
910,3.20132,0,nan,nan,nan
911,3.20132,0,nan,nan,nan
912,3.20132,0,nan,nan,nan
913,3.20132,0,nan,nan,nan
914,3.20132,0,nan,nan,nan
915,3.20132,0,nan,nan,nan
916,3.20132,0,nan,nan,nan
917,3.20132,0,nan,nan,nan
918,3.20132,0,nan,nan,nan
919,3.20132,0,nan,nan,nan
920,3.20132,0,nan,nan,nan
921,3.20132,0,nan,nan,nan
922,3.20132,0,nan,nan,nan
923,3.20132,0,nan,nan,nan
924,3.20132,0,nan,nan,nan
925,3.20132,0,nan,nan,nan
926,3.20132,0,nan,nan,nan
927,3.20132,0,nan,nan,nan
928,3.20132,0,nan,nan,nan
929,3.20132,0,nan,nan,nan
930,3.20132,0,nan,nan,nan
931,3.20132,0,nan,nan,nan
932,3.20132,0,nan,nan,nan
933,3.20132,0,nan,nan,nan
934,3.20132,0,nan,nan,nan
935,3.20132,0,nan,nan,nan
936,3.20132,0,nan,nan,nan
937,3.20132,0,nan,nan,nan
938,3.20132,0,nan,nan,nan
939,3.20132,0,nan,nan,nan
940,3.20132,0,nan,nan,nan
941,3.20132,0,nan,nan,nan
942,3.20132,0,nan,nan,nan
943,3.20132,0,nan,nan,nan
944,3.20132,0,nan,nan,nan
945,3.20132,0,nan,nan,nan
946,3.20132,0,nan,nan,nan
947,3.20132,0,nan,nan,nan
948,3.20132,0,nan,nan,nan
949,3.20132,0,nan,nan,nan
950,3.20132,0,nan,nan,nan
951,3.20132,0,nan,nan,nan
952,3.20132,0,nan,nan,nan
953,3.20132,0,nan,nan,nan
954,3.20132,0,nan,nan,nan
955,3.20132,0,nan,nan,nan
956,3.20132,0,nan,nan,nan
957,3.20132,0,nan,nan,nan
958,3.20132,0,nan,nan,nan
959,3.20132,0,nan,nan,nan
960,3.20132,0,nan,nan,nan
961,3.20132,0,nan,nan,nan
962,3.20132,0,nan,nan,nan
963,3.20132,0,nan,nan,nan
964,3.20132,0,nan,nan,nan
965,3.20132,0,nan,nan,nan
966,3.20132,0,nan,nan,nan
967,3.20132,0,nan,nan,nan
968,3.20132,0,nan,nan,nan
969,3.20132,0,nan,nan,nan
970,3.20132,0,nan,nan,nan
971,3.20132,0,nan,nan,nan
972,3.20132,0,nan,nan,nan
973,3.20132,0,nan,nan,nan
974,3.20132,0,nan,nan,nan
975,3.20132,0,nan,nan,nan
976,3.20132,0,nan,nan,nan
977,3.20132,0,nan,nan,nan
978,3.20132,0,nan,nan,nan
979,3.20132,0,nan,nan,nan
980,3.20132,0,nan,nan,nan
981,3.20132,0,nan,nan,nan
982,3.20132,0,nan,nan,nan
983,3.20132,0,nan,nan,nan
984,3.20132,0,nan,nan,nan
985,3.20132,0,nan,nan,nan
986,3.20132,0,nan,nan,nan
987,3.20132,0,nan,nan,nan
988,3.20132,0,nan,nan,nan
989,3.20132,0,nan,nan,nan
990,3.20132,0,nan,nan,nan
991,3.20132,0,nan,nan,nan
992,3.20132,0,nan,nan,nan
993,3.20132,0,nan,nan,nan
994,3.20132,0,nan,nan,nan
995,3.20132,0,nan,nan,nan
996,3.20132,0,nan,nan,nan
997,3.20132,0,nan,nan,nan
998,3.20132,0,nan,nan,nan
999,3.20132,0,nan,nan,nan
1000,3.20132,0,nan,nan,nan
1001,3.20132,0,nan,nan,nan
1002,3.20132,0,nan,nan,nan
1003,3.20132,0,nan,nan,nan
1004,3.20132,0,nan,nan,nan
1005,3.20132,0,nan,nan,nan
1006,3.20132,0,nan,nan,nan
1007,3.20132,0,nan,nan,nan
1008,3.20132,0,nan,nan,nan
1009,3.20132,0,nan,nan,nan
1010,3.20132,0,nan,nan,nan
1011,3.20132,0,nan,nan,nan
1012,3.20132,0,nan,nan,nan
1013,3.20132,0,nan,nan,nan
1014,3.20132,0,nan,nan,nan
1015,3.20132,0,nan,nan,nan
1016,3.20132,0,nan,nan,nan
1017,3.20132,0,nan,nan,nan
1018,3.20132,0,nan,nan,nan
1019,3.20132,0,nan,nan,nan
1020,3.20132,0,nan,nan,nan
1021,3.20132,0,nan,nan,nan
1022,3.20132,0,nan,nan,nan
1023,3.20132,0,nan,nan,nan
1024,3.20132,0,nan,nan,nan
1025,3.20132,0,nan,nan,nan
1026,3.20132,0,nan,nan,nan
1027,3.20132,0,nan,nan,nan
1028,3.20132,0,nan,nan,nan
1029,3.20132,0,nan,nan,nan
1030,3.20132,0,nan,nan,nan
1031,3.20132,0,nan,nan,nan
1032,3.20132,0,nan,nan,nan
1033,3.20132,0,nan,nan,nan
1034,3.20132,0,nan,nan,nan
1035,3.20132,0,nan,nan,nan
1036,3.20132,0,nan,nan,nan
1037,3.20132,0,nan,nan,nan
1038,3.20132,0,nan,nan,nan
1039,3.20132,0,nan,nan,nan
1040,3.20132,0,nan,nan,nan
1041,3.20132,0,nan,nan,nan
1042,3.20132,0,nan,nan,nan
1043,3.20132,0,nan,nan,nan
1044,3.20132,0,nan,nan,nan
1045,3.20132,0,nan,nan,nan
1046,3.20132,0,nan,nan,nan
1047,3.20132,0,nan,nan,nan
1048,3.20132,0,nan,nan,nan
1049,3.20132,0,nan,nan,nan
1050,3.20132,0,nan,nan,nan
1051,3.20132,0,nan,nan,nan
1052,3.20132,0,nan,nan,nan
1053,3.20132,0,nan,nan,nan
1054,3.20132,0,nan,nan,nan
1055,3.20132,0,nan,nan,nan
1056,3.20132,0,nan,nan,nan
1057,3.20132,0,nan,nan,nan
1058,3.20132,0,nan,nan,nan
1059,3.20132,0,nan,nan,nan
1060,3.20132,0,nan,nan,nan
1061,3.20132,0,nan,nan,nan
1062,3.20132,0,nan,nan,nan
1063,3.20132,0,nan,nan,nan
1064,3.20132,0,nan,nan,nan
1065,3.20132,0,nan,nan,nan
1066,3.20132,0,nan,nan,nan
1067,3.20132,0,nan,nan,nan
1068,3.20132,0,nan,nan,nan
1069,3.20132,0,nan,nan,nan
1070,3.20132,0,nan,nan,nan
1071,3.20132,0,nan,nan,nan
1072,3.20132,0,nan,nan,nan
1073,3.20132,0,nan,nan,nan
1074,3.20132,0,nan,nan,nan
1075,3.20132,0,nan,nan,nan
1076,3.20132,0,nan,nan,nan
1077,3.20132,0,nan,nan,nan
1078,3.20132,0,nan,nan,nan
1079,3.20132,0,nan,nan,nan
1080,3.20132,0,nan,nan,nan
1081,3.20132,0,nan,nan,nan
1082,3.20132,0,nan,nan,nan
1083,3.20132,0,nan,nan,nan
1084,3.20132,0,nan,nan,nan
1085,3.20132,0,nan,nan,nan
1086,3.20132,0,nan,nan,nan
1087,3.20132,0,nan,nan,nan
1088,3.20132,0,nan,nan,nan
1089,3.20132,0,nan,nan,nan
1090,3.20132,0,nan,nan,nan
1091,3.20132,0,nan,nan,nan
1092,3.20132,0,nan,nan,nan
1093,3.20132,0,nan,nan,nan
1094,3.20132,0,nan,nan,nan
1095,3.20132,0,nan,nan,nan
1096,3.20132,0,nan,nan,nan
1097,3.20132,0,nan,nan,nan
1098,3.20132,0,nan,nan,nan
1099,3.20132,0,nan,nan,nan
1100,3.20132,0,nan,nan,nan
1101,3.20132,0,nan,nan,nan
1102,3.20132,0,nan,nan,nan
1103,3.20132,0,nan,nan,nan
1104,3.20132,0,nan,nan,nan
1105,3.20132,0,nan,nan,nan
1106,3.20132,0,nan,nan,nan
1107,3.20132,0,nan,nan,nan
1108,3.20132,0,nan,nan,nan
1109,3.20132,0,nan,nan,nan
1110,3.20132,0,nan,nan,nan
1111,3.20132,0,nan,nan,nan
1112,3.20132,0,nan,nan,nan
1113,3.20132,0,nan,nan,nan
1114,3.20132,0,nan,nan,nan
1115,3.20132,0,nan,nan,nan
1116,3.20132,0,nan,nan,nan
1117,3.20132,0,nan,nan,nan
1118,3.20132,0,nan,nan,nan
1119,3.20132,0,nan,nan,nan
1120,3.20132,0,nan,nan,nan
1121,3.20132,0,nan,nan,nan
1122,3.20132,0,nan,nan,nan
1123,3.20132,0,nan,nan,nan
1124,3.20132,0,nan,nan,nan
1125,3.20132,0,nan,nan,nan
1126,3.20132,0,nan,nan,nan
1127,3.20132,0,nan,nan,nan
1128,3.20132,0,nan,nan,nan
1129,3.20132,0,nan,nan,nan
1130,3.20132,0,nan,nan,nan
1131,3.20132,0,nan,nan,nan
1132,3.20132,0,nan,nan,nan
1133,3.20132,0,nan,nan,nan
1134,3.20132,0,nan,nan,nan
1135,3.20132,0,nan,nan,nan
1136,3.20132,0,nan,nan,nan
1137,3.20132,0,nan,nan,nan
1138,3.20132,0,nan,nan,nan
1139,3.20132,0,nan,nan,nan
1140,3.20132,0,nan,nan,nan
1141,3.20132,0,nan,nan,nan
1142,3.20132,0,nan,nan,nan
1143,3.20132,0,nan,nan,nan
1144,3.20132,0,nan,nan,nan
1145,3.20132,0,nan,nan,nan
1146,3.20132,0,nan,nan,nan
1147,3.20132,0,nan,nan,nan
1148,3.20132,0,nan,nan,nan
1149,3.20132,0,nan,nan,nan
1150,3.20132,0,nan,nan,nan
1151,3.20132,0,nan,nan,nan
1152,3.20132,0,nan,nan,nan
1153,3.20132,0,nan,nan,nan
1154,3.20132,0,nan,nan,nan
1155,3.20132,0,nan,nan,nan
1156,3.20132,0,nan,nan,nan
1157,3.20132,0,nan,nan,nan
1158,3.20132,0,nan,nan,nan
1159,3.20132,0,nan,nan,nan
1160,3.20132,0,nan,nan,nan
1161,3.20132,0,nan,nan,nan
1162,3.20132,0,nan,nan,nan
1163,3.20132,0,nan,nan,nan
1164,3.20132,0,nan,nan,nan
1165,3.20132,0,nan,nan,nan
1166,3.20132,0,nan,nan,nan
1167,3.20132,0,nan,nan,nan
1168,3.20132,0,nan,nan,nan
1169,3.20132,0,nan,nan,nan
1170,3.20132,0,nan,nan,nan
1171,3.20132,0,nan,nan,nan
1172,3.20132,0,nan,nan,nan
1173,3.20132,0,nan,nan,nan
1174,3.20132,0,nan,nan,nan
1175,3.20132,0,nan,nan,nan
1176,3.20132,0,nan,nan,nan
1177,3.20132,0,nan,nan,nan
1178,3.20132,0,nan,nan,nan
1179,3.20132,0,nan,nan,nan
1180,3.20132,0,nan,nan,nan
1181,3.20132,0,nan,nan,nan
1182,3.20132,0,nan,nan,nan
1183,3.20132,0,nan,nan,nan
1184,3.20132,0,nan,nan,nan
1185,3.20132,0,nan,nan,nan
1186,3.20132,0,nan,nan,nan
1187,3.20132,0,nan,nan,nan
1188,3.20132,0,nan,nan,nan
1189,3.20132,0,nan,nan,nan
1190,3.20132,0,nan,nan,nan
1191,3.20132,0,nan,nan,nan
1192,3.20132,0,nan,nan,nan
1193,3.20132,0,nan,nan,nan
1194,3.20132,0,nan,nan,nan
1195,3.20132,0,nan,nan,nan
1196,3.20132,0,nan,nan,nan
1197,3.20132,0,nan,nan,nan
1198,3.20132,0,nan,nan,nan
1199,3.20132,0,nan,nan,nan
1200,3.20132,0,nan,nan,nan
1201,3.20132,0,nan,nan,nan
1202,3.20132,0,nan,nan,nan
1203,3.20132,0,nan,nan,nan
1204,3.20132,0,nan,nan,nan
1205,3.20132,0,nan,nan,nan
1206,3.20132,0,nan,nan,nan
1207,3.20132,0,nan,nan,nan
1208,3.20132,0,nan,nan,nan
1209,3.20132,0,nan,nan,nan
1210,3.20132,0,nan,nan,nan
1211,3.20132,0,nan,nan,nan
1212,3.20132,0,nan,nan,nan
1213,3.20132,0,nan,nan,nan
1214,3.20132,0,nan,nan,nan
1215,3.20132,0,nan,nan,nan
1216,3.20132,0,nan,nan,nan
1217,3.20132,0,nan,nan,nan
1218,3.20132,0,nan,nan,nan
1219,3.20132,0,nan,nan,nan
1220,3.20132,0,nan,nan,nan
1221,3.20132,0,nan,nan,nan
1222,3.20132,0,nan,nan,nan
1223,3.20132,0,nan,nan,nan
1224,3.20132,0,nan,nan,nan
1225,3.20132,0,nan,nan,nan
1226,3.20132,0,nan,nan,nan
1227,3.20132,0,nan,nan,nan
1228,3.20132,0,nan,nan,nan
1229,3.20132,0,nan,nan,nan
1230,3.20132,0,nan,nan,nan
1231,3.20132,0,nan,nan,nan
1232,3.20132,0,nan,nan,nan
1233,3.20132,0,nan,nan,nan
1234,3.20132,0,nan,nan,nan
1235,3.20132,0,nan,nan,nan
1236,3.20132,0,nan,nan,nan
1237,3.20132,0,nan,nan,nan
1238,3.20132,0,nan,nan,nan
1239,3.20132,0,nan,nan,nan
1240,3.20132,0,nan,nan,nan
1241,3.20132,0,nan,nan,nan
1242,3.20132,0,nan,nan,nan
1243,3.20132,0,nan,nan,nan
1244,3.20132,0,nan,nan,nan
1245,3.20132,0,nan,nan,nan
1246,3.20132,0,nan,nan,nan
1247,3.20132,0,nan,nan,nan
1248,3.20132,0,nan,nan,nan
1249,3.20132,0,nan,nan,nan
1250,3.20132,0,nan,nan,nan
1251,3.20132,0,nan,nan,nan
1252,3.20132,0,nan,nan,nan
1253,3.20132,0,nan,nan,nan
1254,3.20132,0,nan,nan,nan
1255,3.20132,0,nan,nan,nan
1256,3.20132,0,nan,nan,nan
1257,3.20132,0,nan,nan,nan
1258,3.20132,0,nan,nan,nan
1259,3.20132,0,nan,nan,nan
1260,3.20132,0,nan,nan,nan
1261,3.20132,0,nan,nan,nan
1262,3.20132,0,nan,nan,nan
1263,3.20132,0,nan,nan,nan
1264,3.20132,0,nan,nan,nan
1265,3.20132,0,nan,nan,nan
1266,3.20132,0,nan,nan,nan
1267,3.20132,0,nan,nan,nan
1268,3.20132,0,nan,nan,nan
1269,3.20132,0,nan,nan,nan
1270,3.20132,0,nan,nan,nan
1271,3.20132,0,nan,nan,nan
1272,3.20132,0,nan,nan,nan
1273,3.20132,0,nan,nan,nan
1274,3.20132,0,nan,nan,nan
1275,3.20132,0,nan,nan,nan
1276,3.20132,0,nan,nan,nan
1277,3.20132,0,nan,nan,nan
1278,3.20132,0,nan,nan,nan
1279,3.20132,0,nan,nan,nan
1280,3.20132,0,nan,nan,nan
1281,3.20132,0,nan,nan,nan
1282,3.20132,0,nan,nan,nan
1283,3.20132,0,nan,nan,nan
1284,3.20132,0,nan,nan,nan
1285,3.20132,0,nan,nan,nan
1286,3.20132,0,nan,nan,nan
1287,3.20132,0,nan,nan,nan
1288,3.20132,0,nan,nan,nan
1289,3.20132,0,nan,nan,nan
1290,3.20132,0,nan,nan,nan
1291,3.20132,0,nan,nan,nan
1292,3.20132,0,nan,nan,nan
1293,3.20132,0,nan,nan,nan
1294,3.20132,0,nan,nan,nan
1295,3.20132,0,nan,nan,nan
1296,3.20132,0,nan,nan,nan
1297,3.20132,0,nan,nan,nan
1298,3.20132,0,nan,nan,nan
1299,3.20132,0,nan,nan,nan
1300,3.20132,0,nan,nan,nan
1301,3.20132,0,nan,nan,nan
1302,3.20132,0,nan,nan,nan
1303,3.20132,0,nan,nan,nan
1304,3.20132,0,nan,nan,nan
1305,3.20132,0,nan,nan,nan
1306,3.20132,0,nan,nan,nan
1307,3.20132,0,nan,nan,nan
1308,3.20132,0,nan,nan,nan
1309,3.20132,0,nan,nan,nan
1310,3.20132,0,nan,nan,nan
1311,3.20132,0,nan,nan,nan
1312,3.20132,0,nan,nan,nan
1313,3.20132,0,nan,nan,nan
1314,3.20132,0,nan,nan,nan
1315,3.20132,0,nan,nan,nan
1316,3.20132,0,nan,nan,nan
1317,3.20132,0,nan,nan,nan
1318,3.20132,0,nan,nan,nan
1319,3.20132,0,nan,nan,nan
1320,3.20132,0,nan,nan,nan
1321,3.20132,0,nan,nan,nan
1322,3.20132,0,nan,nan,nan
1323,3.20132,0,nan,nan,nan
1324,3.20132,0,nan,nan,nan
1325,3.20132,0,nan,nan,nan
1326,3.20132,0,nan,nan,nan
1327,3.20132,0,nan,nan,nan
1328,3.20132,0,nan,nan,nan
1329,3.20132,0,nan,nan,nan
1330,3.20132,0,nan,nan,nan
1331,3.20132,0,nan,nan,nan
1332,3.20132,0,nan,nan,nan
1333,3.20132,0,nan,nan,nan
1334,3.20132,0,nan,nan,nan
1335,3.20132,0,nan,nan,nan
1336,3.20132,0,nan,nan,nan
1337,3.20132,0,nan,nan,nan
1338,3.20132,0,nan,nan,nan
1339,3.20132,0,nan,nan,nan
1340,3.20132,0,nan,nan,nan
1341,3.20132,0,nan,nan,nan
1342,3.20132,0,nan,nan,nan
1343,3.20132,0,nan,nan,nan
1344,3.20132,0,nan,nan,nan
1345,3.20132,0,nan,nan,nan
1346,3.20132,0,nan,nan,nan
1347,3.20132,0,nan,nan,nan
1348,3.20132,0,nan,nan,nan
1349,3.20132,0,nan,nan,nan
1350,3.20132,0,nan,nan,nan
1351,3.20132,0,nan,nan,nan
1352,3.20132,0,nan,nan,nan
1353,3.20132,0,nan,nan,nan
1354,3.20132,0,nan,nan,nan
1355,3.20132,0,nan,nan,nan
1356,3.20132,0,nan,nan,nan
1357,3.20132,0,nan,nan,nan
1358,3.20132,0,nan,nan,nan
1359,3.20132,0,nan,nan,nan
1360,3.20132,0,nan,nan,nan
1361,3.20132,0,nan,nan,nan
1362,3.20132,0,nan,nan,nan
1363,3.20132,0,nan,nan,nan
1364,3.20132,0,nan,nan,nan
1365,3.20132,0,nan,nan,nan
1366,3.20132,0,nan,nan,nan
1367,3.20132,0,nan,nan,nan
1368,3.20132,0,nan,nan,nan
1369,3.20132,0,nan,nan,nan
1370,3.20132,0,nan,nan,nan
1371,3.20132,0,nan,nan,nan
1372,3.20132,0,nan,nan,nan
1373,3.20132,0,nan,nan,nan
1374,3.20132,0,nan,nan,nan
1375,3.20132,0,nan,nan,nan
1376,3.20132,0,nan,nan,nan
1377,3.20132,0,nan,nan,nan
1378,3.20132,0,nan,nan,nan
1379,3.20132,0,nan,nan,nan
1380,3.20132,0,nan,nan,nan
1381,3.20132,0,nan,nan,nan
1382,3.20132,0,nan,nan,nan
1383,3.20132,0,nan,nan,nan
1384,3.20132,0,nan,nan,nan
1385,3.20132,0,nan,nan,nan
1386,3.20132,0,nan,nan,nan
1387,3.20132,0,nan,nan,nan
1388,3.20132,0,nan,nan,nan
1389,3.20132,0,nan,nan,nan
1390,3.20132,0,nan,nan,nan
1391,3.20132,0,nan,nan,nan
1392,3.20132,0,nan,nan,nan
1393,3.20132,0,nan,nan,nan
1394,3.20132,0,nan,nan,nan
1395,3.20132,0,nan,nan,nan
1396,3.20132,0,nan,nan,nan
1397,3.20132,0,nan,nan,nan
1398,3.20132,0,nan,nan,nan
1399,3.20132,0,nan,nan,nan
1400,3.20132,0,nan,nan,nan
1401,3.20132,0,nan,nan,nan
1402,3.20132,0,nan,nan,nan
1403,3.20132,0,nan,nan,nan
1404,3.20132,0,nan,nan,nan
1405,3.20132,0,nan,nan,nan
1406,3.20132,0,nan,nan,nan
1407,3.20132,0,nan,nan,nan
1408,3.20132,0,nan,nan,nan
1409,3.20132,0,nan,nan,nan
1410,3.20132,0,nan,nan,nan
1411,3.20132,0,nan,nan,nan
1412,3.20132,0,nan,nan,nan
1413,3.20132,0,nan,nan,nan
1414,3.20132,0,nan,nan,nan
1415,3.20132,0,nan,nan,nan
1416,3.20132,0,nan,nan,nan
1417,3.20132,0,nan,nan,nan
1418,3.20132,0,nan,nan,nan
1419,3.20132,0,nan,nan,nan
1420,3.20132,0,nan,nan,nan
1421,3.20132,0,nan,nan,nan
1422,3.20132,0,nan,nan,nan
1423,3.20132,0,nan,nan,nan
1424,3.20132,0,nan,nan,nan
1425,3.20132,0,nan,nan,nan
1426,3.20132,0,nan,nan,nan
1427,3.20132,0,nan,nan,nan
1428,3.20132,0,nan,nan,nan
1429,3.20132,0,nan,nan,nan
1430,3.20132,0,nan,nan,nan
1431,3.20132,0,nan,nan,nan
1432,3.20132,0,nan,nan,nan
1433,3.20132,0,nan,nan,nan
1434,3.20132,0,nan,nan,nan
1435,3.20132,0,nan,nan,nan
1436,3.20132,0,nan,nan,nan
1437,3.20132,0,nan,nan,nan
1438,3.20132,0,nan,nan,nan
1439,3.20132,0,nan,nan,nan
1440,3.20132,0,nan,nan,nan
1441,3.20132,0,nan,nan,nan
1442,3.20132,0,nan,nan,nan
1443,3.20132,0,nan,nan,nan
1444,3.20132,0,nan,nan,nan
1445,3.20132,0,nan,nan,nan
1446,3.20132,0,nan,nan,nan
1447,3.20132,0,nan,nan,nan
1448,3.20132,0,nan,nan,nan
1449,3.20132,0,nan,nan,nan
1450,3.20132,0,nan,nan,nan
1451,3.20132,0,nan,nan,nan
1452,3.20132,0,nan,nan,nan
1453,3.20132,0,nan,nan,nan
1454,3.20132,0,nan,nan,nan
1455,3.20132,0,nan,nan,nan
1456,3.20132,0,nan,nan,nan
1457,3.20132,0,nan,nan,nan
1458,3.20132,0,nan,nan,nan
1459,3.20132,0,nan,nan,nan
1460,3.20132,0,nan,nan,nan
1461,3.20132,0,nan,nan,nan
1462,3.20132,0,nan,nan,nan
1463,3.20132,0,nan,nan,nan
1464,3.20132,0,nan,nan,nan
1465,3.20132,0,nan,nan,nan
1466,3.20132,0,nan,nan,nan
1467,3.20132,0,nan,nan,nan
1468,3.20132,0,nan,nan,nan
1469,3.20132,0,nan,nan,nan
1470,3.20132,0,nan,nan,nan
1471,3.20132,0,nan,nan,nan
1472,3.20132,0,nan,nan,nan
1473,3.20132,0,nan,nan,nan
1474,3.20132,0,nan,nan,nan
1475,3.20132,0,nan,nan,nan
1476,3.20132,0,nan,nan,nan
1477,3.20132,0,nan,nan,nan
1478,3.20132,0,nan,nan,nan
1479,3.20132,0,nan,nan,nan
1480,3.20132,0,nan,nan,nan
1481,3.20132,0,nan,nan,nan
1482,3.20132,0,nan,nan,nan
1483,3.20132,0,nan,nan,nan
1484,3.20132,0,nan,nan,nan
1485,3.20132,0,nan,nan,nan
1486,3.20132,0,nan,nan,nan
1487,3.20132,0,nan,nan,nan
1488,3.20132,0,nan,nan,nan
1489,3.20132,0,nan,nan,nan
1490,3.20132,0,nan,nan,nan
1491,3.20132,0,nan,nan,nan
1492,3.20132,0,nan,nan,nan
1493,3.20132,0,nan,nan,nan
1494,3.20132,0,nan,nan,nan
1495,3.20132,0,nan,nan,nan
1496,3.20132,0,nan,nan,nan
1497,3.20132,0,nan,nan,nan
1498,3.20132,0,nan,nan,nan
1499,3.20132,0,nan,nan,nan
1500,3.20132,0,nan,nan,nan
1501,3.20132,0,nan,nan,nan
1502,3.20132,0,nan,nan,nan
1503,3.20132,0,nan,nan,nan
1504,3.20132,0,nan,nan,nan
1505,3.20132,0,nan,nan,nan
1506,3.20132,0,nan,nan,nan
1507,3.20132,0,nan,nan,nan
1508,3.20132,0,nan,nan,nan
1509,3.20132,0,nan,nan,nan
1510,3.20132,0,nan,nan,nan
1511,3.20132,0,nan,nan,nan
1512,3.20132,0,nan,nan,nan
1513,3.20132,0,nan,nan,nan
1514,3.20132,0,nan,nan,nan
1515,3.20132,0,nan,nan,nan
1516,3.20132,0,nan,nan,nan
1517,3.20132,0,nan,nan,nan
1518,3.20132,0,nan,nan,nan
1519,3.20132,0,nan,nan,nan
1520,3.20132,0,nan,nan,nan
1521,3.20132,0,nan,nan,nan
1522,3.20132,0,nan,nan,nan
1523,3.20132,0,nan,nan,nan
1524,3.20132,0,nan,nan,nan
1525,3.20132,0,nan,nan,nan
1526,3.20132,0,nan,nan,nan
1527,3.20132,0,nan,nan,nan
1528,3.20132,0,nan,nan,nan
1529,3.20132,0,nan,nan,nan
1530,3.20132,0,nan,nan,nan
1531,3.20132,0,nan,nan,nan
1532,3.20132,0,nan,nan,nan
1533,3.20132,0,nan,nan,nan
1534,3.20132,0,nan,nan,nan
1535,3.20132,0,nan,nan,nan
1536,3.20132,0,nan,nan,nan
1537,3.20132,0,nan,nan,nan
1538,3.20132,0,nan,nan,nan
1539,3.20132,0,nan,nan,nan
1540,3.20132,0,nan,nan,nan
1541,3.20132,0,nan,nan,nan
1542,3.20132,0,nan,nan,nan
1543,3.20132,0,nan,nan,nan
1544,3.20132,0,nan,nan,nan
1545,3.20132,0,nan,nan,nan
1546,3.20132,0,nan,nan,nan
1547,3.20132,0,nan,nan,nan
1548,3.20132,0,nan,nan,nan
1549,3.20132,0,nan,nan,nan
1550,3.20132,0,nan,nan,nan
1551,3.20132,0,nan,nan,nan
1552,3.20132,0,nan,nan,nan
1553,3.20132,0,nan,nan,nan
1554,3.20132,0,nan,nan,nan
1555,3.20132,0,nan,nan,nan
1556,3.20132,0,nan,nan,nan
1557,3.20132,0,nan,nan,nan
1558,3.20132,0,nan,nan,nan
1559,3.20132,0,nan,nan,nan
1560,3.20132,0,nan,nan,nan
1561,3.20132,0,nan,nan,nan
1562,3.20132,0,nan,nan,nan
1563,3.20132,0,nan,nan,nan
1564,3.20132,0,nan,nan,nan
1565,3.20132,0,nan,nan,nan
1566,3.20132,0,nan,nan,nan
1567,3.20132,0,nan,nan,nan
1568,3.20132,0,nan,nan,nan
1569,3.20132,0,nan,nan,nan
1570,3.20132,0,nan,nan,nan
1571,3.20132,0,nan,nan,nan
1572,3.20132,0,nan,nan,nan
1573,3.20132,0,nan,nan,nan
1574,3.20132,0,nan,nan,nan
1575,3.20132,0,nan,nan,nan
1576,3.20132,0,nan,nan,nan
1577,3.20132,0,nan,nan,nan
1578,3.20132,0,nan,nan,nan
1579,3.20132,0,nan,nan,nan
1580,3.20132,0,nan,nan,nan
1581,3.20132,0,nan,nan,nan
1582,3.20132,0,nan,nan,nan
1583,3.20132,0,nan,nan,nan
1584,3.20132,0,nan,nan,nan
1585,3.20132,0,nan,nan,nan
1586,3.20132,0,nan,nan,nan
1587,3.20132,0,nan,nan,nan
1588,3.20132,0,nan,nan,nan
1589,3.20132,0,nan,nan,nan
1590,3.20132,0,nan,nan,nan
1591,3.20132,0,nan,nan,nan
1592,3.20132,0,nan,nan,nan
1593,3.20132,0,nan,nan,nan
1594,3.20132,0,nan,nan,nan
1595,3.20132,0,nan,nan,nan
1596,3.20132,0,nan,nan,nan
1597,3.20132,0,nan,nan,nan
1598,3.20132,0,nan,nan,nan
1599,3.20132,0,nan,nan,nan
1600,3.20132,0,nan,nan,nan
1601,3.20132,0,nan,nan,nan
1602,3.20132,0,nan,nan,nan
1603,3.20132,0,nan,nan,nan
1604,3.20132,0,nan,nan,nan
1605,3.20132,0,nan,nan,nan
1606,3.20132,0,nan,nan,nan
1607,3.20132,0,nan,nan,nan
1608,3.20132,0,nan,nan,nan
1609,3.20132,0,nan,nan,nan
1610,3.20132,0,nan,nan,nan
1611,3.20132,0,nan,nan,nan
1612,3.20132,0,nan,nan,nan
1613,3.20132,0,nan,nan,nan
1614,3.20132,0,nan,nan,nan
1615,3.20132,0,nan,nan,nan
1616,3.20132,0,nan,nan,nan
1617,3.20132,0,nan,nan,nan
1618,3.20132,0,nan,nan,nan
1619,3.20132,0,nan,nan,nan
1620,3.20132,0,nan,nan,nan
1621,3.20132,0,nan,nan,nan
1622,3.20132,0,nan,nan,nan
1623,3.20132,0,nan,nan,nan
1624,3.20132,0,nan,nan,nan
1625,3.20132,0,nan,nan,nan
1626,3.20132,0,nan,nan,nan
1627,3.20132,0,nan,nan,nan
1628,3.20132,0,nan,nan,nan
1629,3.20132,0,nan,nan,nan
1630,3.20132,0,nan,nan,nan
1631,3.20132,0,nan,nan,nan
1632,3.20132,0,nan,nan,nan
1633,3.20132,0,nan,nan,nan
1634,3.20132,0,nan,nan,nan
1635,3.20132,0,nan,nan,nan
1636,3.20132,0,nan,nan,nan
1637,3.20132,0,nan,nan,nan
1638,3.20132,0,nan,nan,nan
1639,3.20132,0,nan,nan,nan
1640,3.20132,0,nan,nan,nan
1641,3.20132,0,nan,nan,nan
1642,3.20132,0,nan,nan,nan
1643,3.20132,0,nan,nan,nan
1644,3.20132,0,nan,nan,nan
1645,3.20132,0,nan,nan,nan
1646,3.20132,0,nan,nan,nan
1647,3.20132,0,nan,nan,nan
1648,3.20132,0,nan,nan,nan
1649,3.20132,0,nan,nan,nan
1650,3.20132,0,nan,nan,nan
1651,3.20132,0,nan,nan,nan
1652,3.20132,0,nan,nan,nan
1653,3.20132,0,nan,nan,nan
1654,3.20132,0,nan,nan,nan
1655,3.20132,0,nan,nan,nan
1656,3.20132,0,nan,nan,nan
1657,3.20132,0,nan,nan,nan
1658,3.20132,0,nan,nan,nan
1659,3.20132,0,nan,nan,nan
1660,3.20132,0,nan,nan,nan
1661,3.20132,0,nan,nan,nan
1662,3.20132,0,nan,nan,nan
1663,3.20132,0,nan,nan,nan
1664,3.20132,0,nan,nan,nan
1665,3.20132,0,nan,nan,nan
1666,3.20132,0,nan,nan,nan
1667,3.20132,0,nan,nan,nan
1668,3.20132,0,nan,nan,nan
1669,3.20132,0,nan,nan,nan
1670,3.20132,0,nan,nan,nan
1671,3.20132,0,nan,nan,nan
1672,3.20132,0,nan,nan,nan
1673,3.20132,0,nan,nan,nan
1674,3.20132,0,nan,nan,nan
1675,3.20132,0,nan,nan,nan
1676,3.20132,0,nan,nan,nan
1677,3.20132,0,nan,nan,nan
1678,3.20132,0,nan,nan,nan
1679,3.20132,0,nan,nan,nan
1680,3.20132,0,nan,nan,nan
1681,3.20132,0,nan,nan,nan
1682,3.20132,0,nan,nan,nan
1683,3.20132,0,nan,nan,nan
1684,3.20132,0,nan,nan,nan
1685,3.20132,0,nan,nan,nan
1686,3.20132,0,nan,nan,nan
1687,3.20132,0,nan,nan,nan
1688,3.20132,0,nan,nan,nan
1689,3.20132,0,nan,nan,nan
1690,3.20132,0,nan,nan,nan
1691,3.20132,0,nan,nan,nan
1692,3.20132,0,nan,nan,nan
1693,3.20132,0,nan,nan,nan
1694,3.20132,0,nan,nan,nan
1695,3.20132,0,nan,nan,nan
1696,3.20132,0,nan,nan,nan
1697,3.20132,0,nan,nan,nan
1698,3.20132,0,nan,nan,nan
1699,3.20132,0,nan,nan,nan
1700,3.20132,0,nan,nan,nan
1701,3.20132,0,nan,nan,nan
1702,3.20132,0,nan,nan,nan
1703,3.20132,0,nan,nan,nan
1704,3.20132,0,nan,nan,nan
1705,3.20132,0,nan,nan,nan
1706,3.20132,0,nan,nan,nan
1707,3.20132,0,nan,nan,nan
1708,3.20132,0,nan,nan,nan
1709,3.20132,0,nan,nan,nan
1710,3.20132,0,nan,nan,nan
1711,3.20132,0,nan,nan,nan
1712,3.20132,0,nan,nan,nan
1713,3.20132,0,nan,nan,nan
1714,3.20132,0,nan,nan,nan
1715,3.20132,0,nan,nan,nan
1716,3.20132,0,nan,nan,nan
1717,3.20132,0,nan,nan,nan
1718,3.20132,0,nan,nan,nan
1719,3.20132,0,nan,nan,nan
1720,3.20132,0,nan,nan,nan
1721,3.20132,0,nan,nan,nan
1722,3.20132,0,nan,nan,nan
1723,3.20132,0,nan,nan,nan
1724,3.20132,0,nan,nan,nan
1725,3.20132,0,nan,nan,nan
1726,3.20132,0,nan,nan,nan
1727,3.20132,0,nan,nan,nan
1728,3.20132,0,nan,nan,nan
1729,3.20132,0,nan,nan,nan
1730,3.20132,0,nan,nan,nan
1731,3.20132,0,nan,nan,nan
1732,3.20132,0,nan,nan,nan
1733,3.20132,0,nan,nan,nan
1734,3.20132,0,nan,nan,nan
1735,3.20132,0,nan,nan,nan
1736,3.20132,0,nan,nan,nan
1737,3.20132,0,nan,nan,nan
1738,3.20132,0,nan,nan,nan
1739,3.20132,0,nan,nan,nan
1740,3.20132,0,nan,nan,nan
1741,3.20132,0,nan,nan,nan
1742,3.20132,0,nan,nan,nan
1743,3.20132,0,nan,nan,nan
1744,3.20132,0,nan,nan,nan
1745,3.20132,0,nan,nan,nan
1746,3.20132,0,nan,nan,nan
1747,3.20132,0,nan,nan,nan
1748,3.20132,0,nan,nan,nan
1749,3.20132,0,nan,nan,nan
1750,3.20132,0,nan,nan,nan
1751,3.20132,0,nan,nan,nan
1752,3.20132,0,nan,nan,nan
1753,3.20132,0,nan,nan,nan
1754,3.20132,0,nan,nan,nan
1755,3.20132,0,nan,nan,nan
1756,3.20132,0,nan,nan,nan
1757,3.20132,0,nan,nan,nan
1758,3.20132,0,nan,nan,nan
1759,3.20132,0,nan,nan,nan
1760,3.20132,0,nan,nan,nan
1761,3.20132,0,nan,nan,nan
1762,3.20132,0,nan,nan,nan
1763,3.20132,0,nan,nan,nan
1764,3.20132,0,nan,nan,nan
1765,3.20132,0,nan,nan,nan
1766,3.20132,0,nan,nan,nan
1767,3.20132,0,nan,nan,nan
1768,3.20132,0,nan,nan,nan
1769,3.20132,0,nan,nan,nan
1770,3.20132,0,nan,nan,nan
1771,3.20132,0,nan,nan,nan
1772,3.20132,0,nan,nan,nan
1773,3.20132,0,nan,nan,nan
1774,3.20132,0,nan,nan,nan
1775,3.20132,0,nan,nan,nan
1776,3.20132,0,nan,nan,nan
1777,3.20132,0,nan,nan,nan
1778,3.20132,0,nan,nan,nan
1779,3.20132,0,nan,nan,nan
1780,3.20132,0,nan,nan,nan
1781,3.20132,0,nan,nan,nan
1782,3.20132,0,nan,nan,nan
1783,3.20132,0,nan,nan,nan
1784,3.20132,0,nan,nan,nan
1785,3.20132,0,nan,nan,nan
1786,3.20132,0,nan,nan,nan
1787,3.20132,0,nan,nan,nan
1788,3.20132,0,nan,nan,nan
1789,3.20132,0,nan,nan,nan
1790,3.20132,0,nan,nan,nan
1791,3.20132,0,nan,nan,nan
1792,3.20132,0,nan,nan,nan
1793,3.20132,0,nan,nan,nan
1794,3.20132,0,nan,nan,nan
1795,3.20132,0,nan,nan,nan
1796,3.20132,0,nan,nan,nan
1797,3.20132,0,nan,nan,nan
1798,3.20132,0,nan,nan,nan
1799,3.20132,0,nan,nan,nan
1800,3.20132,0,nan,nan,nan
1801,3.20132,0,nan,nan,nan
1802,3.20132,0,nan,nan,nan
1803,3.20132,0,nan,nan,nan
1804,3.20132,0,nan,nan,nan
1805,3.20132,0,nan,nan,nan
1806,3.20132,0,nan,nan,nan
1807,3.20132,0,nan,nan,nan
1808,3.20132,0,nan,nan,nan
1809,3.20132,0,nan,nan,nan
1810,3.20132,0,nan,nan,nan
1811,3.20132,0,nan,nan,nan
1812,3.20132,0,nan,nan,nan
1813,3.20132,0,nan,nan,nan
1814,3.20132,0,nan,nan,nan
1815,3.20132,0,nan,nan,nan
1816,3.20132,0,nan,nan,nan
1817,3.20132,0,nan,nan,nan
1818,3.20132,0,nan,nan,nan
1819,3.20132,0,nan,nan,nan
1820,3.20132,0,nan,nan,nan
1821,3.20132,0,nan,nan,nan
1822,3.20132,0,nan,nan,nan
1823,3.20132,0,nan,nan,nan
1824,3.20132,0,nan,nan,nan
1825,3.20132,0,nan,nan,nan
1826,3.20132,0,nan,nan,nan
1827,3.20132,0,nan,nan,nan
1828,3.20132,0,nan,nan,nan
1829,3.20132,0,nan,nan,nan
1830,3.20132,0,nan,nan,nan
1831,3.20132,0,nan,nan,nan
1832,3.20132,0,nan,nan,nan
1833,3.20132,0,nan,nan,nan
1834,3.20132,0,nan,nan,nan
1835,3.20132,0,nan,nan,nan
1836,3.20132,0,nan,nan,nan
1837,3.20132,0,nan,nan,nan
1838,3.20132,0,nan,nan,nan
1839,3.20132,0,nan,nan,nan
1840,3.20132,0,nan,nan,nan
1841,3.20132,0,nan,nan,nan
1842,3.20132,0,nan,nan,nan
1843,3.20132,0,nan,nan,nan
1844,3.20132,0,nan,nan,nan
1845,3.20132,0,nan,nan,nan
1846,3.20132,0,nan,nan,nan
1847,3.20132,0,nan,nan,nan
1848,3.20132,0,nan,nan,nan
1849,3.20132,0,nan,nan,nan
1850,3.20132,0,nan,nan,nan
1851,3.20132,0,nan,nan,nan
1852,3.20132,0,nan,nan,nan
1853,3.20132,0,nan,nan,nan
1854,3.20132,0,nan,nan,nan
1855,3.20132,0,nan,nan,nan
1856,3.20132,0,nan,nan,nan
1857,3.20132,0,nan,nan,nan
1858,3.20132,0,nan,nan,nan
1859,3.20132,0,nan,nan,nan
1860,3.20132,0,nan,nan,nan
1861,3.20132,0,nan,nan,nan
1862,3.20132,0,nan,nan,nan
1863,3.20132,0,nan,nan,nan
1864,3.20132,0,nan,nan,nan
1865,3.20132,0,nan,nan,nan
1866,3.20132,0,nan,nan,nan
1867,3.20132,0,nan,nan,nan
1868,3.20132,0,nan,nan,nan
1869,3.20132,0,nan,nan,nan
1870,3.20132,0,nan,nan,nan
1871,3.20132,0,nan,nan,nan
1872,3.20132,0,nan,nan,nan
1873,3.20132,0,nan,nan,nan
1874,3.20132,0,nan,nan,nan
1875,3.20132,0,nan,nan,nan
1876,3.20132,0,nan,nan,nan
1877,3.20132,0,nan,nan,nan
1878,3.20132,0,nan,nan,nan
1879,3.20132,0,nan,nan,nan
1880,3.20132,0,nan,nan,nan
1881,3.20132,0,nan,nan,nan
1882,3.20132,0,nan,nan,nan
1883,3.20132,0,nan,nan,nan
1884,3.20132,0,nan,nan,nan
1885,3.20132,0,nan,nan,nan
1886,3.20132,0,nan,nan,nan
1887,3.20132,0,nan,nan,nan
1888,3.20132,0,nan,nan,nan
1889,3.20132,0,nan,nan,nan
1890,3.20132,0,nan,nan,nan
1891,3.20132,0,nan,nan,nan
1892,3.20132,0,nan,nan,nan
1893,3.20132,0,nan,nan,nan
1894,3.20132,0,nan,nan,nan
1895,3.20132,0,nan,nan,nan
1896,3.20132,0,nan,nan,nan
1897,3.20132,0,nan,nan,nan
1898,3.20132,0,nan,nan,nan
1899,3.20132,0,nan,nan,nan
1900,3.20132,0,nan,nan,nan
1901,3.20132,0,nan,nan,nan
1902,3.20132,0,nan,nan,nan
1903,3.20132,0,nan,nan,nan
1904,3.20132,0,nan,nan,nan
1905,3.20132,0,nan,nan,nan
1906,3.20132,0,nan,nan,nan
1907,3.20132,0,nan,nan,nan
1908,3.20132,0,nan,nan,nan
1909,3.20132,0,nan,nan,nan
1910,3.20132,0,nan,nan,nan
1911,3.20132,0,nan,nan,nan
1912,3.20132,0,nan,nan,nan
1913,3.20132,0,nan,nan,nan
1914,3.20132,0,nan,nan,nan
1915,3.20132,0,nan,nan,nan
1916,3.20132,0,nan,nan,nan
1917,3.20132,0,nan,nan,nan
1918,3.20132,0,nan,nan,nan
1919,3.20132,0,nan,nan,nan
1920,3.20132,0,nan,nan,nan
1921,3.20132,0,nan,nan,nan
1922,3.20132,0,nan,nan,nan
1923,3.20132,0,nan,nan,nan
1924,3.20132,0,nan,nan,nan
1925,3.20132,0,nan,nan,nan
1926,3.20132,0,nan,nan,nan
1927,3.20132,0,nan,nan,nan
1928,3.20132,0,nan,nan,nan
1929,3.20132,0,nan,nan,nan
1930,3.20132,0,nan,nan,nan
1931,3.20132,0,nan,nan,nan
1932,3.20132,0,nan,nan,nan
1933,3.20132,0,nan,nan,nan
1934,3.20132,0,nan,nan,nan
1935,3.20132,0,nan,nan,nan
1936,3.20132,0,nan,nan,nan
1937,3.20132,0,nan,nan,nan
1938,3.20132,0,nan,nan,nan
1939,3.20132,0,nan,nan,nan
1940,3.20132,0,nan,nan,nan
1941,3.20132,0,nan,nan,nan
1942,3.20132,0,nan,nan,nan
1943,3.20132,0,nan,nan,nan
1944,3.20132,0,nan,nan,nan
1945,3.20132,0,nan,nan,nan
1946,3.20132,0,nan,nan,nan
1947,3.20132,0,nan,nan,nan
1948,3.20132,0,nan,nan,nan
1949,3.20132,0,nan,nan,nan
1950,3.20132,0,nan,nan,nan
1951,3.20132,0,nan,nan,nan
1952,3.20132,0,nan,nan,nan
1953,3.20132,0,nan,nan,nan
1954,3.20132,0,nan,nan,nan
1955,3.20132,0,nan,nan,nan
1956,3.20132,0,nan,nan,nan
1957,3.20132,0,nan,nan,nan
1958,3.20132,0,nan,nan,nan
1959,3.20132,0,nan,nan,nan
1960,3.20132,0,nan,nan,nan
1961,3.20132,0,nan,nan,nan
1962,3.20132,0,nan,nan,nan
1963,3.20132,0,nan,nan,nan
1964,3.20132,0,nan,nan,nan
1965,3.20132,0,nan,nan,nan
1966,3.20132,0,nan,nan,nan
1967,3.20132,0,nan,nan,nan
1968,3.20132,0,nan,nan,nan
1969,3.20132,0,nan,nan,nan
1970,3.20132,0,nan,nan,nan
1971,3.20132,0,nan,nan,nan
1972,3.20132,0,nan,nan,nan
1973,3.20132,0,nan,nan,nan
1974,3.20132,0,nan,nan,nan
1975,3.20132,0,nan,nan,nan
1976,3.20132,0,nan,nan,nan
1977,3.20132,0,nan,nan,nan
1978,3.20132,0,nan,nan,nan
1979,3.20132,0,nan,nan,nan
1980,3.20132,0,nan,nan,nan
1981,3.20132,0,nan,nan,nan
1982,3.20132,0,nan,nan,nan
1983,3.20132,0,nan,nan,nan
1984,3.20132,0,nan,nan,nan
1985,3.20132,0,nan,nan,nan
1986,3.20132,0,nan,nan,nan
1987,3.20132,0,nan,nan,nan
1988,3.20132,0,nan,nan,nan
1989,3.20132,0,nan,nan,nan
1990,3.20132,0,nan,nan,nan
1991,3.20132,0,nan,nan,nan
1992,3.20132,0,nan,nan,nan
1993,3.20132,0,nan,nan,nan
1994,3.20132,0,nan,nan,nan
1995,3.20132,0,nan,nan,nan
1996,3.20132,0,nan,nan,nan
1997,3.20132,0,nan,nan,nan
1998,3.20132,0,nan,nan,nan
1999,3.20132,0,nan,nan,nan
2000,3.20132,0,nan,nan,nan
2001,3.20132,0,nan,nan,nan
2002,3.20132,0,nan,nan,nan
2003,3.20132,0,nan,nan,nan
2004,3.20132,0,nan,nan,nan
2005,3.20132,0,nan,nan,nan
2006,3.20132,0,nan,nan,nan
2007,3.20132,0,nan,nan,nan
2008,3.20132,0,nan,nan,nan
2009,3.20132,0,nan,nan,nan
2010,3.20132,0,nan,nan,nan
2011,3.20132,0,nan,nan,nan
2012,3.20132,0,nan,nan,nan
2013,3.20132,0,nan,nan,nan
2014,3.20132,0,nan,nan,nan
2015,3.20132,0,nan,nan,nan
2016,3.20132,0,nan,nan,nan
2017,3.20132,0,nan,nan,nan
2018,3.20132,0,nan,nan,nan
2019,3.20132,0,nan,nan,nan
2020,3.20132,0,nan,nan,nan
2021,3.20132,0,nan,nan,nan
2022,3.20132,0,nan,nan,nan
2023,3.20132,0,nan,nan,nan
2024,3.20132,0,nan,nan,nan
2025,3.20132,0,nan,nan,nan
2026,3.20132,0,nan,nan,nan
2027,3.20132,0,nan,nan,nan
2028,3.20132,0,nan,nan,nan
2029,3.20132,0,nan,nan,nan
2030,3.20132,0,nan,nan,nan
2031,3.20132,0,nan,nan,nan
2032,3.20132,0,nan,nan,nan
2033,3.20132,0,nan,nan,nan
2034,3.20132,0,nan,nan,nan
2035,3.20132,0,nan,nan,nan
2036,3.20132,0,nan,nan,nan
2037,3.20132,0,nan,nan,nan
2038,3.20132,0,nan,nan,nan
2039,3.20132,0,nan,nan,nan
2040,3.20132,0,nan,nan,nan
2041,3.20132,0,nan,nan,nan
2042,3.20132,0,nan,nan,nan
2043,3.20132,0,nan,nan,nan
2044,3.20132,0,nan,nan,nan
2045,3.20132,0,nan,nan,nan
2046,3.20132,0,nan,nan,nan
2047,3.20132,0,nan,nan,nan
2048,3.20132,0,nan,nan,nan
2049,3.20132,0,nan,nan,nan
2050,3.20132,0,nan,nan,nan
2051,3.20132,0,nan,nan,nan
2052,3.20132,0,nan,nan,nan
2053,3.20132,0,nan,nan,nan
2054,3.20132,0,nan,nan,nan
2055,3.20132,0,nan,nan,nan
2056,3.20132,0,nan,nan,nan
2057,3.20132,0,nan,nan,nan
2058,3.20132,0,nan,nan,nan
2059,3.20132,0,nan,nan,nan
2060,3.20132,0,nan,nan,nan
2061,3.20132,0,nan,nan,nan
2062,3.20132,0,nan,nan,nan
2063,3.20132,0,nan,nan,nan
2064,3.20132,0,nan,nan,nan
2065,3.20132,0,nan,nan,nan
2066,3.20132,0,nan,nan,nan
2067,3.20132,0,nan,nan,nan
2068,3.20132,0,nan,nan,nan
2069,3.20132,0,nan,nan,nan
2070,3.20132,0,nan,nan,nan
2071,3.20132,0,nan,nan,nan
2072,3.20132,0,nan,nan,nan
2073,3.20132,0,nan,nan,nan
2074,3.20132,0,nan,nan,nan
2075,3.20132,0,nan,nan,nan
2076,3.20132,0,nan,nan,nan
2077,3.20132,0,nan,nan,nan
2078,3.20132,0,nan,nan,nan
2079,3.20132,0,nan,nan,nan
2080,3.20132,0,nan,nan,nan
2081,3.20132,0,nan,nan,nan
2082,3.20132,0,nan,nan,nan
2083,3.20132,0,nan,nan,nan
2084,3.20132,0,nan,nan,nan
2085,3.20132,0,nan,nan,nan
2086,3.20132,0,nan,nan,nan
2087,3.20132,0,nan,nan,nan
2088,3.20132,0,nan,nan,nan
2089,3.20132,0,nan,nan,nan
2090,3.20132,0,nan,nan,nan
2091,3.20132,0,nan,nan,nan
2092,3.20132,0,nan,nan,nan
2093,3.20132,0,nan,nan,nan
2094,3.20132,0,nan,nan,nan
2095,3.20132,0,nan,nan,nan
2096,3.20132,0,nan,nan,nan
2097,3.20132,0,nan,nan,nan
2098,3.20132,0,nan,nan,nan
2099,3.20132,0,nan,nan,nan
2100,3.20132,0,nan,nan,nan
2101,3.20132,0,nan,nan,nan
2102,3.20132,0,nan,nan,nan
2103,3.20132,0,nan,nan,nan
2104,3.20132,0,nan,nan,nan
2105,3.20132,0,nan,nan,nan
2106,3.20132,0,nan,nan,nan
2107,3.20132,0,nan,nan,nan
2108,3.20132,0,nan,nan,nan
2109,3.20132,0,nan,nan,nan
2110,3.20132,0,nan,nan,nan
2111,3.20132,0,nan,nan,nan
2112,3.20132,0,nan,nan,nan
2113,3.20132,0,nan,nan,nan
2114,3.20132,0,nan,nan,nan
2115,3.20132,0,nan,nan,nan
2116,3.20132,0,nan,nan,nan
2117,3.20132,0,nan,nan,nan
2118,3.20132,0,nan,nan,nan
2119,3.20132,0,nan,nan,nan
2120,3.20132,0,nan,nan,nan
2121,3.20132,0,nan,nan,nan
2122,3.20132,0,nan,nan,nan
2123,3.20132,0,nan,nan,nan
2124,3.20132,0,nan,nan,nan
2125,3.20132,0,nan,nan,nan
2126,3.20132,0,nan,nan,nan
2127,3.20132,0,nan,nan,nan
2128,3.20132,0,nan,nan,nan
2129,3.20132,0,nan,nan,nan
2130,3.20132,0,nan,nan,nan
2131,3.20132,0,nan,nan,nan
2132,3.20132,0,nan,nan,nan
2133,3.20132,0,nan,nan,nan
2134,3.20132,0,nan,nan,nan
2135,3.20132,0,nan,nan,nan
2136,3.20132,0,nan,nan,nan
2137,3.20132,0,nan,nan,nan
2138,3.20132,0,nan,nan,nan
2139,3.20132,0,nan,nan,nan
2140,3.20132,0,nan,nan,nan
2141,3.20132,0,nan,nan,nan
2142,3.20132,0,nan,nan,nan
2143,3.20132,0,nan,nan,nan
2144,3.20132,0,nan,nan,nan
2145,3.20132,0,nan,nan,nan
2146,3.20132,0,nan,nan,nan
2147,3.20132,0,nan,nan,nan
2148,3.20132,0,nan,nan,nan
2149,3.20132,0,nan,nan,nan
2150,3.20132,0,nan,nan,nan
2151,3.20132,0,nan,nan,nan
2152,3.20132,0,nan,nan,nan
2153,3.20132,0,nan,nan,nan
2154,3.20132,0,nan,nan,nan
2155,3.20132,0,nan,nan,nan
2156,3.20132,0,nan,nan,nan
2157,3.20132,0,nan,nan,nan
2158,3.20132,0,nan,nan,nan
2159,3.20132,0,nan,nan,nan
2160,3.20132,0,nan,nan,nan
2161,3.20132,0,nan,nan,nan
2162,3.20132,0,nan,nan,nan
2163,3.20132,0,nan,nan,nan
2164,3.20132,0,nan,nan,nan
2165,3.20132,0,nan,nan,nan
2166,3.20132,0,nan,nan,nan
2167,3.20132,0,nan,nan,nan
2168,3.20132,0,nan,nan,nan
2169,3.20132,0,nan,nan,nan
2170,3.20132,0,nan,nan,nan
2171,3.20132,0,nan,nan,nan
2172,3.20132,0,nan,nan,nan
2173,3.20132,0,nan,nan,nan
2174,3.20132,0,nan,nan,nan
2175,3.20132,0,nan,nan,nan
2176,3.20132,0,nan,nan,nan
2177,3.20132,0,nan,nan,nan
2178,3.20132,0,nan,nan,nan
2179,3.20132,0,nan,nan,nan
2180,3.20132,0,nan,nan,nan
2181,3.20132,0,nan,nan,nan
2182,3.20132,0,nan,nan,nan
2183,3.20132,0,nan,nan,nan
2184,3.20132,0,nan,nan,nan
2185,3.20132,0,nan,nan,nan
2186,3.20132,0,nan,nan,nan
2187,3.20132,0,nan,nan,nan
2188,3.20132,0,nan,nan,nan
2189,3.20132,0,nan,nan,nan
2190,3.20132,0,nan,nan,nan
2191,3.20132,0,nan,nan,nan
2192,3.20132,0,nan,nan,nan
2193,3.20132,0,nan,nan,nan
2194,3.20132,0,nan,nan,nan
2195,3.20132,0,nan,nan,nan
2196,3.20132,0,nan,nan,nan
2197,3.20132,0,nan,nan,nan
2198,3.20132,0,nan,nan,nan
2199,3.20132,0,nan,nan,nan
2200,3.20132,0,nan,nan,nan
2201,3.20132,0,nan,nan,nan
2202,3.20132,0,nan,nan,nan
2203,3.20132,0,nan,nan,nan
2204,3.20132,0,nan,nan,nan
2205,3.20132,0,nan,nan,nan
2206,3.20132,0,nan,nan,nan
2207,3.20132,0,nan,nan,nan
2208,3.20132,0,nan,nan,nan
2209,3.20132,0,nan,nan,nan
2210,3.20132,0,nan,nan,nan
2211,3.20132,0,nan,nan,nan
2212,3.20132,0,nan,nan,nan
2213,3.20132,0,nan,nan,nan
2214,3.20132,0,nan,nan,nan
2215,3.20132,0,nan,nan,nan
2216,3.20132,0,nan,nan,nan
2217,3.20132,0,nan,nan,nan
2218,3.20132,0,nan,nan,nan
2219,3.20132,0,nan,nan,nan
2220,3.20132,0,nan,nan,nan
2221,3.20132,0,nan,nan,nan
2222,3.20132,0,nan,nan,nan
2223,3.20132,0,nan,nan,nan
2224,3.20132,0,nan,nan,nan
2225,3.20132,0,nan,nan,nan
2226,3.20132,0,nan,nan,nan
2227,3.20132,0,nan,nan,nan
2228,3.20132,0,nan,nan,nan
2229,3.20132,0,nan,nan,nan
2230,3.20132,0,nan,nan,nan
2231,3.20132,0,nan,nan,nan
2232,3.20132,0,nan,nan,nan
2233,3.20132,0,nan,nan,nan
2234,3.20132,0,nan,nan,nan
2235,3.20132,0,nan,nan,nan
2236,3.20132,0,nan,nan,nan
2237,3.20132,0,nan,nan,nan
2238,3.20132,0,nan,nan,nan
2239,3.20132,0,nan,nan,nan
2240,3.20132,0,nan,nan,nan
2241,3.20132,0,nan,nan,nan
2242,3.20132,0,nan,nan,nan
2243,3.20132,0,nan,nan,nan
2244,3.20132,0,nan,nan,nan
2245,3.20132,0,nan,nan,nan
2246,3.20132,0,nan,nan,nan
2247,3.20132,0,nan,nan,nan
2248,3.20132,0,nan,nan,nan
2249,3.20132,0,nan,nan,nan
2250,3.20132,0,nan,nan,nan
2251,3.20132,0,nan,nan,nan
2252,3.20132,0,nan,nan,nan
2253,3.20132,0,nan,nan,nan
2254,3.20132,0,nan,nan,nan
2255,3.20132,0,nan,nan,nan
2256,3.20132,0,nan,nan,nan
2257,3.20132,0,nan,nan,nan
2258,3.20132,0,nan,nan,nan
2259,3.20132,0,nan,nan,nan
2260,3.20132,0,nan,nan,nan
2261,3.20132,0,nan,nan,nan
2262,3.20132,0,nan,nan,nan
2263,3.20132,0,nan,nan,nan
2264,3.20132,0,nan,nan,nan
2265,3.20132,0,nan,nan,nan
2266,3.20132,0,nan,nan,nan
2267,3.20132,0,nan,nan,nan
2268,3.20132,0,nan,nan,nan
2269,3.20132,0,nan,nan,nan
2270,3.20132,0,nan,nan,nan
2271,3.20132,0,nan,nan,nan
2272,3.20132,0,nan,nan,nan
2273,3.20132,0,nan,nan,nan
2274,3.20132,0,nan,nan,nan
2275,3.20132,0,nan,nan,nan
2276,3.20132,0,nan,nan,nan
2277,3.20132,0,nan,nan,nan
2278,3.20132,0,nan,nan,nan
2279,3.20132,0,nan,nan,nan
2280,3.20132,0,nan,nan,nan
2281,3.20132,0,nan,nan,nan
2282,3.20132,0,nan,nan,nan
2283,3.20132,0,nan,nan,nan
2284,3.20132,0,nan,nan,nan
2285,3.20132,0,nan,nan,nan
2286,3.20132,0,nan,nan,nan
2287,3.20132,0,nan,nan,nan
2288,3.20132,0,nan,nan,nan
2289,3.20132,0,nan,nan,nan
2290,3.20132,0,nan,nan,nan
2291,3.20132,0,nan,nan,nan
2292,3.20132,0,nan,nan,nan
2293,3.20132,0,nan,nan,nan
2294,3.20132,0,nan,nan,nan
2295,3.20132,0,nan,nan,nan
2296,3.20132,0,nan,nan,nan
2297,3.20132,0,nan,nan,nan
2298,3.20132,0,nan,nan,nan
2299,3.20132,0,nan,nan,nan
2300,3.20132,0,nan,nan,nan
2301,3.20132,0,nan,nan,nan
2302,3.20132,0,nan,nan,nan
2303,3.20132,0,nan,nan,nan
2304,3.20132,0,nan,nan,nan
2305,3.20132,0,nan,nan,nan
2306,3.20132,0,nan,nan,nan
2307,3.20132,0,nan,nan,nan
2308,3.20132,0,nan,nan,nan
2309,3.20132,0,nan,nan,nan
2310,3.20132,0,nan,nan,nan
2311,3.20132,0,nan,nan,nan
2312,3.20132,0,nan,nan,nan
2313,3.20132,0,nan,nan,nan
2314,3.20132,0,nan,nan,nan
2315,3.20132,0,nan,nan,nan
2316,3.20132,0,nan,nan,nan
2317,3.20132,0,nan,nan,nan
2318,3.20132,0,nan,nan,nan
2319,3.20132,0,nan,nan,nan
2320,3.20132,0,nan,nan,nan
2321,3.20132,0,nan,nan,nan
2322,3.20132,0,nan,nan,nan
2323,3.20132,0,nan,nan,nan
2324,3.20132,0,nan,nan,nan
2325,3.20132,0,nan,nan,nan
2326,3.20132,0,nan,nan,nan
2327,3.20132,0,nan,nan,nan
2328,3.20132,0,nan,nan,nan
2329,3.20132,0,nan,nan,nan
2330,3.20132,0,nan,nan,nan
2331,3.20132,0,nan,nan,nan
2332,3.20132,0,nan,nan,nan
2333,3.20132,0,nan,nan,nan
2334,3.20132,0,nan,nan,nan
2335,3.20132,0,nan,nan,nan
2336,3.20132,0,nan,nan,nan
2337,3.20132,0,nan,nan,nan
2338,3.20132,0,nan,nan,nan
2339,3.20132,0,nan,nan,nan
2340,3.20132,0,nan,nan,nan
2341,3.20132,0,nan,nan,nan
2342,3.20132,0,nan,nan,nan
2343,3.20132,0,nan,nan,nan
2344,3.20132,0,nan,nan,nan
2345,3.20132,0,nan,nan,nan
2346,3.20132,0,nan,nan,nan
2347,3.20132,0,nan,nan,nan
2348,3.20132,0,nan,nan,nan
2349,3.20132,0,nan,nan,nan
2350,3.20132,0,nan,nan,nan
2351,3.20132,0,nan,nan,nan
2352,3.20132,0,nan,nan,nan
2353,3.20132,0,nan,nan,nan
2354,3.20132,0,nan,nan,nan
2355,3.20132,0,nan,nan,nan
2356,3.20132,0,nan,nan,nan
2357,3.20132,0,nan,nan,nan
2358,3.20132,0,nan,nan,nan
2359,3.20132,0,nan,nan,nan
2360,3.20132,0,nan,nan,nan
2361,3.20132,0,nan,nan,nan
2362,3.20132,0,nan,nan,nan
2363,3.20132,0,nan,nan,nan
2364,3.20132,0,nan,nan,nan
2365,3.20132,0,nan,nan,nan
2366,3.20132,0,nan,nan,nan
2367,3.20132,0,nan,nan,nan
2368,3.20132,0,nan,nan,nan
2369,3.20132,0,nan,nan,nan
2370,3.20132,0,nan,nan,nan
2371,3.20132,0,nan,nan,nan
2372,3.20132,0,nan,nan,nan
2373,3.20132,0,nan,nan,nan
2374,3.20132,0,nan,nan,nan
2375,3.20132,0,nan,nan,nan
2376,3.20132,0,nan,nan,nan
2377,3.20132,0,nan,nan,nan
2378,3.20132,0,nan,nan,nan
2379,3.20132,0,nan,nan,nan
2380,3.20132,0,nan,nan,nan
2381,3.20132,0,nan,nan,nan
2382,3.20132,0,nan,nan,nan
2383,3.20132,0,nan,nan,nan
2384,3.20132,0,nan,nan,nan
2385,3.20132,0,nan,nan,nan
2386,3.20132,0,nan,nan,nan
2387,3.20132,0,nan,nan,nan
2388,3.20132,0,nan,nan,nan
2389,3.20132,0,nan,nan,nan
2390,3.20132,0,nan,nan,nan
2391,3.20132,0,nan,nan,nan
2392,3.20132,0,nan,nan,nan
2393,3.20132,0,nan,nan,nan
2394,3.20132,0,nan,nan,nan
2395,3.20132,0,nan,nan,nan
2396,3.20132,0,nan,nan,nan
2397,3.20132,0,nan,nan,nan
2398,3.20132,0,nan,nan,nan
2399,3.20132,0,nan,nan,nan
2400,3.20132,0,nan,nan,nan
2401,3.20132,0,nan,nan,nan
2402,3.20132,0,nan,nan,nan
2403,3.20132,0,nan,nan,nan
2404,3.20132,0,nan,nan,nan
2405,3.20132,0,nan,nan,nan
2406,3.20132,0,nan,nan,nan
2407,3.20132,0,nan,nan,nan
2408,3.20132,0,nan,nan,nan
2409,3.20132,0,nan,nan,nan
2410,3.20132,0,nan,nan,nan
2411,3.20132,0,nan,nan,nan
2412,3.20132,0,nan,nan,nan
2413,3.20132,0,nan,nan,nan
2414,3.20132,0,nan,nan,nan
2415,3.20132,0,nan,nan,nan
2416,3.20132,0,nan,nan,nan
2417,3.20132,0,nan,nan,nan
2418,3.20132,0,nan,nan,nan
2419,3.20132,0,nan,nan,nan
2420,3.20132,0,nan,nan,nan
2421,3.20132,0,nan,nan,nan
2422,3.20132,0,nan,nan,nan
2423,3.20132,0,nan,nan,nan
2424,3.20132,0,nan,nan,nan
2425,3.20132,0,nan,nan,nan
2426,3.20132,0,nan,nan,nan
2427,3.20132,0,nan,nan,nan
2428,3.20132,0,nan,nan,nan
2429,3.20132,0,nan,nan,nan
2430,3.20132,0,nan,nan,nan
2431,3.20132,0,nan,nan,nan
2432,3.20132,0,nan,nan,nan
2433,3.20132,0,nan,nan,nan
2434,3.20132,0,nan,nan,nan
2435,3.20132,0,nan,nan,nan
2436,3.20132,0,nan,nan,nan
2437,3.20132,0,nan,nan,nan
2438,3.20132,0,nan,nan,nan
2439,3.20132,0,nan,nan,nan
2440,3.20132,0,nan,nan,nan
2441,3.20132,0,nan,nan,nan
2442,3.20132,0,nan,nan,nan
2443,3.20132,0,nan,nan,nan
2444,3.20132,0,nan,nan,nan
2445,3.20132,0,nan,nan,nan
2446,3.20132,0,nan,nan,nan
2447,3.20132,0,nan,nan,nan
2448,3.20132,0,nan,nan,nan
2449,3.20132,0,nan,nan,nan
2450,3.20132,0,nan,nan,nan
2451,3.20132,0,nan,nan,nan
2452,3.20132,0,nan,nan,nan
2453,3.20132,0,nan,nan,nan
2454,3.20132,0,nan,nan,nan
2455,3.20132,0,nan,nan,nan
2456,3.20132,0,nan,nan,nan
2457,3.20132,0,nan,nan,nan
2458,3.20132,0,nan,nan,nan
2459,3.20132,0,nan,nan,nan
2460,3.20132,0,nan,nan,nan
2461,3.20132,0,nan,nan,nan
2462,3.20132,0,nan,nan,nan
2463,3.20132,0,nan,nan,nan
2464,3.20132,0,nan,nan,nan
2465,3.20132,0,nan,nan,nan
2466,3.20132,0,nan,nan,nan
2467,3.20132,0,nan,nan,nan
2468,3.20132,0,nan,nan,nan
2469,3.20132,0,nan,nan,nan
2470,3.20132,0,nan,nan,nan
2471,3.20132,0,nan,nan,nan
2472,3.20132,0,nan,nan,nan
2473,3.20132,0,nan,nan,nan
2474,3.20132,0,nan,nan,nan
2475,3.20132,0,nan,nan,nan
2476,3.20132,0,nan,nan,nan
2477,3.20132,0,nan,nan,nan
2478,3.20132,0,nan,nan,nan
2479,3.20132,0,nan,nan,nan
2480,3.20132,0,nan,nan,nan
2481,3.20132,0,nan,nan,nan
2482,3.20132,0,nan,nan,nan
2483,3.20132,0,nan,nan,nan
2484,3.20132,0,nan,nan,nan
2485,3.20132,0,nan,nan,nan
2486,3.20132,0,nan,nan,nan
2487,3.20132,0,nan,nan,nan
2488,3.20132,0,nan,nan,nan
2489,3.20132,0,nan,nan,nan
2490,3.20132,0,nan,nan,nan
2491,3.20132,0,nan,nan,nan
2492,3.20132,0,nan,nan,nan
2493,3.20132,0,nan,nan,nan
2494,3.20132,0,nan,nan,nan
2495,3.20132,0,nan,nan,nan
2496,3.20132,0,nan,nan,nan
2497,3.20132,0,nan,nan,nan
2498,3.20132,0,nan,nan,nan
2499,3.20132,0,nan,nan,nan
2500,3.20132,0,nan,nan,nan
2501,3.20132,0,nan,nan,nan
2502,3.20132,0,nan,nan,nan
2503,3.20132,0,nan,nan,nan
2504,3.20132,0,nan,nan,nan
2505,3.20132,0,nan,nan,nan
2506,3.20132,0,nan,nan,nan
2507,3.20132,0,nan,nan,nan
2508,3.20132,0,nan,nan,nan
2509,3.20132,0,nan,nan,nan
2510,3.20132,0,nan,nan,nan
2511,3.20132,0,nan,nan,nan
2512,3.20132,0,nan,nan,nan
2513,3.20132,0,nan,nan,nan
2514,3.20132,0,nan,nan,nan
2515,3.20132,0,nan,nan,nan
2516,3.20132,0,nan,nan,nan
2517,3.20132,0,nan,nan,nan
2518,3.20132,0,nan,nan,nan
2519,3.20132,0,nan,nan,nan
2520,3.20132,0,nan,nan,nan
2521,3.20132,0,nan,nan,nan
2522,3.20132,0,nan,nan,nan
2523,3.20132,0,nan,nan,nan
2524,3.20132,0,nan,nan,nan
2525,3.20132,0,nan,nan,nan
2526,3.20132,0,nan,nan,nan
2527,3.20132,0,nan,nan,nan
2528,3.20132,0,nan,nan,nan
2529,3.20132,0,nan,nan,nan
2530,3.20132,0,nan,nan,nan
2531,3.20132,0,nan,nan,nan
2532,3.20132,0,nan,nan,nan
2533,3.20132,0,nan,nan,nan
2534,3.20132,0,nan,nan,nan
2535,3.20132,0,nan,nan,nan
2536,3.20132,0,nan,nan,nan
2537,3.20132,0,nan,nan,nan
2538,3.20132,0,nan,nan,nan
2539,3.20132,0,nan,nan,nan
2540,3.20132,0,nan,nan,nan
2541,3.20132,0,nan,nan,nan
2542,3.20132,0,nan,nan,nan
2543,3.20132,0,nan,nan,nan
2544,3.20132,0,nan,nan,nan
2545,3.20132,0,nan,nan,nan
2546,3.20132,0,nan,nan,nan
2547,3.20132,0,nan,nan,nan
2548,3.20132,0,nan,nan,nan
2549,3.20132,0,nan,nan,nan
2550,3.20132,0,nan,nan,nan
2551,3.20132,0,nan,nan,nan
2552,3.20132,0,nan,nan,nan
2553,3.20132,0,nan,nan,nan
2554,3.20132,0,nan,nan,nan
2555,3.20132,0,nan,nan,nan
2556,3.20132,0,nan,nan,nan
2557,3.20132,0,nan,nan,nan
2558,3.20132,0,nan,nan,nan
2559,3.20132,0,nan,nan,nan
2560,3.20132,0,nan,nan,nan
2561,3.20132,0,nan,nan,nan
2562,3.20132,0,nan,nan,nan
2563,3.20132,0,nan,nan,nan
2564,3.20132,0,nan,nan,nan
2565,3.20132,0,nan,nan,nan
2566,3.20132,0,nan,nan,nan
2567,3.20132,0,nan,nan,nan
2568,3.20132,0,nan,nan,nan
2569,3.20132,0,nan,nan,nan
2570,3.20132,0,nan,nan,nan
2571,3.20132,0,nan,nan,nan
2572,3.20132,0,nan,nan,nan
2573,3.20132,0,nan,nan,nan
2574,3.20132,0,nan,nan,nan
2575,3.20132,0,nan,nan,nan
2576,3.20132,0,nan,nan,nan
2577,3.20132,0,nan,nan,nan
2578,3.20132,0,nan,nan,nan
2579,3.20132,0,nan,nan,nan
2580,3.20132,0,nan,nan,nan
2581,3.20132,0,nan,nan,nan
2582,3.20132,0,nan,nan,nan
2583,3.20132,0,nan,nan,nan
2584,3.20132,0,nan,nan,nan
2585,3.20132,0,nan,nan,nan
2586,3.20132,0,nan,nan,nan
2587,3.20132,0,nan,nan,nan
2588,3.20132,0,nan,nan,nan
2589,3.20132,0,nan,nan,nan
2590,3.20132,0,nan,nan,nan
2591,3.20132,0,nan,nan,nan
2592,3.20132,0,nan,nan,nan
2593,3.20132,0,nan,nan,nan
2594,3.20132,0,nan,nan,nan
2595,3.20132,0,nan,nan,nan
2596,3.20132,0,nan,nan,nan
2597,3.20132,0,nan,nan,nan
2598,3.20132,0,nan,nan,nan
2599,3.20132,0,nan,nan,nan
2600,3.20132,0,nan,nan,nan
2601,3.20132,0,nan,nan,nan
2602,3.20132,0,nan,nan,nan
2603,3.20132,0,nan,nan,nan
2604,3.20132,0,nan,nan,nan
2605,3.20132,0,nan,nan,nan
2606,3.20132,0,nan,nan,nan
2607,3.20132,0,nan,nan,nan
2608,3.20132,0,nan,nan,nan
2609,3.20132,0,nan,nan,nan
2610,3.20132,0,nan,nan,nan
2611,3.20132,0,nan,nan,nan
2612,3.20132,0,nan,nan,nan
2613,3.20132,0,nan,nan,nan
2614,3.20132,0,nan,nan,nan
2615,3.20132,0,nan,nan,nan
2616,3.20132,0,nan,nan,nan
2617,3.20132,0,nan,nan,nan
2618,3.20132,0,nan,nan,nan
2619,3.20132,0,nan,nan,nan
2620,3.20132,0,nan,nan,nan
2621,3.20132,0,nan,nan,nan
2622,3.20132,0,nan,nan,nan
2623,3.20132,0,nan,nan,nan
2624,3.20132,0,nan,nan,nan
2625,3.20132,0,nan,nan,nan
2626,3.20132,0,nan,nan,nan
2627,3.20132,0,nan,nan,nan
2628,3.20132,0,nan,nan,nan
2629,3.20132,0,nan,nan,nan
2630,3.20132,0,nan,nan,nan
2631,3.20132,0,nan,nan,nan
2632,3.20132,0,nan,nan,nan
2633,3.20132,0,nan,nan,nan
2634,3.20132,0,nan,nan,nan
2635,3.20132,0,nan,nan,nan
2636,3.20132,0,nan,nan,nan
2637,3.20132,0,nan,nan,nan
2638,3.20132,0,nan,nan,nan
2639,3.20132,0,nan,nan,nan
2640,3.20132,0,nan,nan,nan
2641,3.20132,0,nan,nan,nan
2642,3.20132,0,nan,nan,nan
2643,3.20132,0,nan,nan,nan
2644,3.20132,0,nan,nan,nan
2645,3.20132,0,nan,nan,nan
2646,3.20132,0,nan,nan,nan
2647,3.20132,0,nan,nan,nan
2648,3.20132,0,nan,nan,nan
2649,3.20132,0,nan,nan,nan
2650,3.20132,0,nan,nan,nan
2651,3.20132,0,nan,nan,nan
2652,3.20132,0,nan,nan,nan
2653,3.20132,0,nan,nan,nan
2654,3.20132,0,nan,nan,nan
2655,3.20132,0,nan,nan,nan
2656,3.20132,0,nan,nan,nan
2657,3.20132,0,nan,nan,nan
2658,3.20132,0,nan,nan,nan
2659,3.20132,0,nan,nan,nan
2660,3.20132,0,nan,nan,nan
2661,3.20132,0,nan,nan,nan
2662,3.20132,0,nan,nan,nan
2663,3.20132,0,nan,nan,nan
2664,3.20132,0,nan,nan,nan
2665,3.20132,0,nan,nan,nan
2666,3.20132,0,nan,nan,nan
2667,3.20132,0,nan,nan,nan
2668,3.20132,0,nan,nan,nan
2669,3.20132,0,nan,nan,nan
2670,3.20132,0,nan,nan,nan
2671,3.20132,0,nan,nan,nan
2672,3.20132,0,nan,nan,nan
2673,3.20132,0,nan,nan,nan
2674,3.20132,0,nan,nan,nan
2675,3.20132,0,nan,nan,nan
2676,3.20132,0,nan,nan,nan
2677,3.20132,0,nan,nan,nan
2678,3.20132,0,nan,nan,nan
2679,3.20132,0,nan,nan,nan
2680,3.20132,0,nan,nan,nan
2681,3.20132,0,nan,nan,nan
2682,3.20132,0,nan,nan,nan
2683,3.20132,0,nan,nan,nan
2684,3.20132,0,nan,nan,nan
2685,3.20132,0,nan,nan,nan
2686,3.20132,0,nan,nan,nan
2687,3.20132,0,nan,nan,nan
2688,3.20132,0,nan,nan,nan
2689,3.20132,0,nan,nan,nan
2690,3.20132,0,nan,nan,nan
2691,3.20132,0,nan,nan,nan
2692,3.20132,0,nan,nan,nan
2693,3.20132,0,nan,nan,nan
2694,3.20132,0,nan,nan,nan
2695,3.20132,0,nan,nan,nan
2696,3.20132,0,nan,nan,nan
2697,3.20132,0,nan,nan,nan
2698,3.20132,0,nan,nan,nan
2699,3.20132,0,nan,nan,nan
2700,3.20132,0,nan,nan,nan
2701,3.20132,0,nan,nan,nan
2702,3.20132,0,nan,nan,nan
2703,3.20132,0,nan,nan,nan
2704,3.20132,0,nan,nan,nan
2705,3.20132,0,nan,nan,nan
2706,3.20132,0,nan,nan,nan
2707,3.20132,0,nan,nan,nan
2708,3.20132,0,nan,nan,nan
2709,3.20132,0,nan,nan,nan
2710,3.20132,0,nan,nan,nan
2711,3.20132,0,nan,nan,nan
2712,3.20132,0,nan,nan,nan
2713,3.20132,0,nan,nan,nan
2714,3.20132,0,nan,nan,nan
2715,3.20132,0,nan,nan,nan
2716,3.20132,0,nan,nan,nan
2717,3.20132,0,nan,nan,nan
2718,3.20132,0,nan,nan,nan
2719,3.20132,0,nan,nan,nan
2720,3.20132,0,nan,nan,nan
2721,3.20132,0,nan,nan,nan
2722,3.20132,0,nan,nan,nan
2723,3.20132,0,nan,nan,nan
2724,3.20132,0,nan,nan,nan
2725,3.20132,0,nan,nan,nan
2726,3.20132,0,nan,nan,nan
2727,3.20132,0,nan,nan,nan
2728,3.20132,0,nan,nan,nan
2729,3.20132,0,nan,nan,nan
2730,3.20132,0,nan,nan,nan
2731,3.20132,0,nan,nan,nan
2732,3.20132,0,nan,nan,nan
2733,3.20132,0,nan,nan,nan
2734,3.20132,0,nan,nan,nan
2735,3.20132,0,nan,nan,nan
2736,3.20132,0,nan,nan,nan
2737,3.20132,0,nan,nan,nan
2738,3.20132,0,nan,nan,nan
2739,3.20132,0,nan,nan,nan
2740,3.20132,0,nan,nan,nan
2741,3.20132,0,nan,nan,nan
2742,3.20132,0,nan,nan,nan
2743,3.20132,0,nan,nan,nan
2744,3.20132,0,nan,nan,nan
2745,3.20132,0,nan,nan,nan
2746,3.20132,0,nan,nan,nan
2747,3.20132,0,nan,nan,nan
2748,3.20132,0,nan,nan,nan
2749,3.20132,0,nan,nan,nan
2750,3.20132,0,nan,nan,nan
2751,3.20132,0,nan,nan,nan
2752,3.20132,0,nan,nan,nan
2753,3.20132,0,nan,nan,nan
2754,3.20132,0,nan,nan,nan
2755,3.20132,0,nan,nan,nan
2756,3.20132,0,nan,nan,nan
2757,3.20132,0,nan,nan,nan
2758,3.20132,0,nan,nan,nan
2759,3.20132,0,nan,nan,nan
2760,3.20132,0,nan,nan,nan
2761,3.20132,0,nan,nan,nan
2762,3.20132,0,nan,nan,nan
2763,3.20132,0,nan,nan,nan
2764,3.20132,0,nan,nan,nan
2765,3.20132,0,nan,nan,nan
2766,3.20132,0,nan,nan,nan
2767,3.20132,0,nan,nan,nan
2768,3.20132,0,nan,nan,nan
2769,3.20132,0,nan,nan,nan
2770,3.20132,0,nan,nan,nan
2771,3.20132,0,nan,nan,nan
2772,3.20132,0,nan,nan,nan
2773,3.20132,0,nan,nan,nan
2774,3.20132,0,nan,nan,nan
2775,3.20132,0,nan,nan,nan
2776,3.20132,0,nan,nan,nan
2777,3.20132,0,nan,nan,nan
2778,3.20132,0,nan,nan,nan
2779,3.20132,0,nan,nan,nan
2780,3.20132,0,nan,nan,nan
2781,3.20132,0,nan,nan,nan
2782,3.20132,0,nan,nan,nan
2783,3.20132,0,nan,nan,nan
2784,3.20132,0,nan,nan,nan
2785,3.20132,0,nan,nan,nan
2786,3.20132,0,nan,nan,nan
2787,3.20132,0,nan,nan,nan
2788,3.20132,0,nan,nan,nan
2789,3.20132,0,nan,nan,nan
2790,3.20132,0,nan,nan,nan
2791,3.20132,0,nan,nan,nan
2792,3.20132,0,nan,nan,nan
2793,3.20132,0,nan,nan,nan
2794,3.20132,0,nan,nan,nan
2795,3.20132,0,nan,nan,nan
2796,3.20132,0,nan,nan,nan
2797,3.20132,0,nan,nan,nan
2798,3.20132,0,nan,nan,nan
2799,3.20132,0,nan,nan,nan
2800,3.20132,0,nan,nan,nan
2801,3.20132,0,nan,nan,nan
2802,3.20132,0,nan,nan,nan
2803,3.20132,0,nan,nan,nan
2804,3.20132,0,nan,nan,nan
2805,3.20132,0,nan,nan,nan
2806,3.20132,0,nan,nan,nan
2807,3.20132,0,nan,nan,nan
2808,3.20132,0,nan,nan,nan
2809,3.20132,0,nan,nan,nan
2810,3.20132,0,nan,nan,nan
2811,3.20132,0,nan,nan,nan
2812,3.20132,0,nan,nan,nan
2813,3.20132,0,nan,nan,nan
2814,3.20132,0,nan,nan,nan
2815,3.20132,0,nan,nan,nan
2816,3.20132,0,nan,nan,nan
2817,3.20132,0,nan,nan,nan
2818,3.20132,0,nan,nan,nan
2819,3.20132,0,nan,nan,nan
2820,3.20132,0,nan,nan,nan
2821,3.20132,0,nan,nan,nan
2822,3.20132,0,nan,nan,nan
2823,3.20132,0,nan,nan,nan
2824,3.20132,0,nan,nan,nan
2825,3.20132,0,nan,nan,nan
2826,3.20132,0,nan,nan,nan
2827,3.20132,0,nan,nan,nan
2828,3.20132,0,nan,nan,nan
2829,3.20132,0,nan,nan,nan
2830,3.20132,0,nan,nan,nan
2831,3.20132,0,nan,nan,nan
2832,3.20132,0,nan,nan,nan
2833,3.20132,0,nan,nan,nan
2834,3.20132,0,nan,nan,nan
2835,3.20132,0,nan,nan,nan
2836,3.20132,0,nan,nan,nan
2837,3.20132,0,nan,nan,nan
2838,3.20132,0,nan,nan,nan
2839,3.20132,0,nan,nan,nan
2840,3.20132,0,nan,nan,nan
2841,3.20132,0,nan,nan,nan
2842,3.20132,0,nan,nan,nan
2843,3.20132,0,nan,nan,nan
2844,3.20132,0,nan,nan,nan
2845,3.20132,0,nan,nan,nan
2846,3.20132,0,nan,nan,nan
2847,3.20132,0,nan,nan,nan
2848,3.20132,0,nan,nan,nan
2849,3.20132,0,nan,nan,nan
2850,3.20132,0,nan,nan,nan
2851,3.20132,0,nan,nan,nan
2852,3.20132,0,nan,nan,nan
2853,3.20132,0,nan,nan,nan
2854,3.20132,0,nan,nan,nan
2855,3.20132,0,nan,nan,nan
2856,3.20132,0,nan,nan,nan
2857,3.20132,0,nan,nan,nan
2858,3.20132,0,nan,nan,nan
2859,3.20132,0,nan,nan,nan
2860,3.20132,0,nan,nan,nan
2861,3.20132,0,nan,nan,nan
2862,3.20132,0,nan,nan,nan
2863,3.20132,0,nan,nan,nan
2864,3.20132,0,nan,nan,nan
2865,3.20132,0,nan,nan,nan
2866,3.20132,0,nan,nan,nan
2867,3.20132,0,nan,nan,nan
2868,3.20132,0,nan,nan,nan
2869,3.20132,0,nan,nan,nan
2870,3.20132,0,nan,nan,nan
2871,3.20132,0,nan,nan,nan
2872,3.20132,0,nan,nan,nan
2873,3.20132,0,nan,nan,nan
2874,3.20132,0,nan,nan,nan
2875,3.20132,0,nan,nan,nan
2876,3.20132,0,nan,nan,nan
2877,3.20132,0,nan,nan,nan
2878,3.20132,0,nan,nan,nan
2879,3.20132,0,nan,nan,nan
2880,3.20132,0,nan,nan,nan
2881,3.20132,0,nan,nan,nan
2882,3.20132,0,nan,nan,nan
2883,3.20132,0,nan,nan,nan
2884,3.20132,0,nan,nan,nan
2885,3.20132,0,nan,nan,nan
2886,3.20132,0,nan,nan,nan
2887,3.20132,0,nan,nan,nan
2888,3.20132,0,nan,nan,nan
2889,3.20132,0,nan,nan,nan
2890,3.20132,0,nan,nan,nan
2891,3.20132,0,nan,nan,nan
2892,3.20132,0,nan,nan,nan
2893,3.20132,0,nan,nan,nan
2894,3.20132,0,nan,nan,nan
2895,3.20132,0,nan,nan,nan
2896,3.20132,0,nan,nan,nan
2897,3.20132,0,nan,nan,nan
2898,3.20132,0,nan,nan,nan
2899,3.20132,0,nan,nan,nan
2900,3.20132,0,nan,nan,nan
2901,3.20132,0,nan,nan,nan
2902,3.20132,0,nan,nan,nan
2903,3.20132,0,nan,nan,nan
2904,3.20132,0,nan,nan,nan
2905,3.20132,0,nan,nan,nan
2906,3.20132,0,nan,nan,nan
2907,3.20132,0,nan,nan,nan
2908,3.20132,0,nan,nan,nan
2909,3.20132,0,nan,nan,nan
2910,3.20132,0,nan,nan,nan
2911,3.20132,0,nan,nan,nan
2912,3.20132,0,nan,nan,nan
2913,3.20132,0,nan,nan,nan
2914,3.20132,0,nan,nan,nan
2915,3.20132,0,nan,nan,nan
2916,3.20132,0,nan,nan,nan
2917,3.20132,0,nan,nan,nan
2918,3.20132,0,nan,nan,nan
2919,3.20132,0,nan,nan,nan
2920,3.20132,0,nan,nan,nan
2921,3.20132,0,nan,nan,nan
2922,3.20132,0,nan,nan,nan
2923,3.20132,0,nan,nan,nan
2924,3.20132,0,nan,nan,nan
2925,3.20132,0,nan,nan,nan
2926,3.20132,0,nan,nan,nan
2927,3.20132,0,nan,nan,nan
2928,3.20132,0,nan,nan,nan
2929,3.20132,0,nan,nan,nan
2930,3.20132,0,nan,nan,nan
2931,3.20132,0,nan,nan,nan
2932,3.20132,0,nan,nan,nan
2933,3.20132,0,nan,nan,nan
2934,3.20132,0,nan,nan,nan
2935,3.20132,0,nan,nan,nan
2936,3.20132,0,nan,nan,nan
2937,3.20132,0,nan,nan,nan
2938,3.20132,0,nan,nan,nan
2939,3.20132,0,nan,nan,nan
2940,3.20132,0,nan,nan,nan
2941,3.20132,0,nan,nan,nan
2942,3.20132,0,nan,nan,nan
2943,3.20132,0,nan,nan,nan
2944,3.20132,0,nan,nan,nan
2945,3.20132,0,nan,nan,nan
2946,3.20132,0,nan,nan,nan
2947,3.20132,0,nan,nan,nan
2948,3.20132,0,nan,nan,nan
2949,3.20132,0,nan,nan,nan
2950,3.20132,0,nan,nan,nan
2951,3.20132,0,nan,nan,nan
2952,3.20132,0,nan,nan,nan
2953,3.20132,0,nan,nan,nan
2954,3.20132,0,nan,nan,nan
2955,3.20132,0,nan,nan,nan
2956,3.20132,0,nan,nan,nan
2957,3.20132,0,nan,nan,nan
2958,3.20132,0,nan,nan,nan
2959,3.20132,0,nan,nan,nan
2960,3.20132,0,nan,nan,nan
2961,3.20132,0,nan,nan,nan
2962,3.20132,0,nan,nan,nan
2963,3.20132,0,nan,nan,nan
2964,3.20132,0,nan,nan,nan
2965,3.20132,0,nan,nan,nan
2966,3.20132,0,nan,nan,nan
2967,3.20132,0,nan,nan,nan
2968,3.20132,0,nan,nan,nan
2969,3.20132,0,nan,nan,nan
2970,3.20132,0,nan,nan,nan
2971,3.20132,0,nan,nan,nan
2972,3.20132,0,nan,nan,nan
2973,3.20132,0,nan,nan,nan
2974,3.20132,0,nan,nan,nan
2975,3.20132,0,nan,nan,nan
2976,3.20132,0,nan,nan,nan
2977,3.20132,0,nan,nan,nan
2978,3.20132,0,nan,nan,nan
2979,3.20132,0,nan,nan,nan
2980,3.20132,0,nan,nan,nan
2981,3.20132,0,nan,nan,nan
2982,3.20132,0,nan,nan,nan
2983,3.20132,0,nan,nan,nan
2984,3.20132,0,nan,nan,nan
2985,3.20132,0,nan,nan,nan
2986,3.20132,0,nan,nan,nan
2987,3.20132,0,nan,nan,nan
2988,3.20132,0,nan,nan,nan
2989,3.20132,0,nan,nan,nan
2990,3.20132,0,nan,nan,nan
2991,3.20132,0,nan,nan,nan
2992,3.20132,0,nan,nan,nan
2993,3.20132,0,nan,nan,nan
2994,3.20132,0,nan,nan,nan
2995,3.20132,0,nan,nan,nan
2996,3.20132,0,nan,nan,nan
2997,3.20132,0,nan,nan,nan
2998,3.20132,0,nan,nan,nan
2999,3.20132,0,nan,nan,nan
3000,3.20132,0,nan,nan,nan
3001,3.20132,0,nan,nan,nan
3002,3.20132,0,nan,nan,nan
3003,3.20132,0,nan,nan,nan
3004,3.20132,0,nan,nan,nan
3005,3.20132,0,nan,nan,nan
3006,3.20132,0,nan,nan,nan
3007,3.20132,0,nan,nan,nan
3008,3.20132,0,nan,nan,nan
3009,3.20132,0,nan,nan,nan
3010,3.20132,0,nan,nan,nan
3011,3.20132,0,nan,nan,nan
3012,3.20132,0,nan,nan,nan
3013,3.20132,0,nan,nan,nan
3014,3.20132,0,nan,nan,nan
3015,3.20132,0,nan,nan,nan
3016,3.20132,0,nan,nan,nan
3017,3.20132,0,nan,nan,nan
3018,3.20132,0,nan,nan,nan
3019,3.20132,0,nan,nan,nan
3020,3.20132,0,nan,nan,nan
3021,3.20132,0,nan,nan,nan
3022,3.20132,0,nan,nan,nan
3023,3.20132,0,nan,nan,nan
3024,3.20132,0,nan,nan,nan
3025,3.20132,0,nan,nan,nan
3026,3.20132,0,nan,nan,nan
3027,3.20132,0,nan,nan,nan
3028,3.20132,0,nan,nan,nan
3029,3.20132,0,nan,nan,nan
3030,3.20132,0,nan,nan,nan
3031,3.20132,0,nan,nan,nan
3032,3.20132,0,nan,nan,nan
3033,3.20132,0,nan,nan,nan
3034,3.20132,0,nan,nan,nan
3035,3.20132,0,nan,nan,nan
3036,3.20132,0,nan,nan,nan
3037,3.20132,0,nan,nan,nan
3038,3.20132,0,nan,nan,nan
3039,3.20132,0,nan,nan,nan
3040,3.20132,0,nan,nan,nan
3041,3.20132,0,nan,nan,nan
3042,3.20132,0,nan,nan,nan
3043,3.20132,0,nan,nan,nan
3044,3.20132,0,nan,nan,nan
3045,3.20132,0,nan,nan,nan
3046,3.20132,0,nan,nan,nan
3047,3.20132,0,nan,nan,nan
3048,3.20132,0,nan,nan,nan
3049,3.20132,0,nan,nan,nan
3050,3.20132,0,nan,nan,nan
3051,3.20132,0,nan,nan,nan
3052,3.20132,0,nan,nan,nan
3053,3.20132,0,nan,nan,nan
3054,3.20132,0,nan,nan,nan
3055,3.20132,0,nan,nan,nan
3056,3.20132,0,nan,nan,nan
3057,3.20132,0,nan,nan,nan
3058,3.20132,0,nan,nan,nan
3059,3.20132,0,nan,nan,nan
3060,3.20132,0,nan,nan,nan
3061,3.20132,0,nan,nan,nan
3062,3.20132,0,nan,nan,nan
3063,3.20132,0,nan,nan,nan
3064,3.20132,0,nan,nan,nan
3065,3.20132,0,nan,nan,nan
3066,3.20132,0,nan,nan,nan
3067,3.20132,0,nan,nan,nan
3068,3.20132,0,nan,nan,nan
3069,3.20132,0,nan,nan,nan
3070,3.20132,0,nan,nan,nan
3071,3.20132,0,nan,nan,nan
3072,3.20132,0,nan,nan,nan
3073,3.20132,0,nan,nan,nan
3074,3.20132,0,nan,nan,nan
3075,3.20132,0,nan,nan,nan
3076,3.20132,0,nan,nan,nan
3077,3.20132,0,nan,nan,nan
3078,3.20132,0,nan,nan,nan
3079,3.20132,0,nan,nan,nan
3080,3.20132,0,nan,nan,nan
3081,3.20132,0,nan,nan,nan
3082,3.20132,0,nan,nan,nan
3083,3.20132,0,nan,nan,nan
3084,3.20132,0,nan,nan,nan
3085,3.20132,0,nan,nan,nan
3086,3.20132,0,nan,nan,nan
3087,3.20132,0,nan,nan,nan
3088,3.20132,0,nan,nan,nan
3089,3.20132,0,nan,nan,nan
3090,3.20132,0,nan,nan,nan
3091,3.20132,0,nan,nan,nan
3092,3.20132,0,nan,nan,nan
3093,3.20132,0,nan,nan,nan
3094,3.20132,0,nan,nan,nan
3095,3.20132,0,nan,nan,nan
3096,3.20132,0,nan,nan,nan
3097,3.20132,0,nan,nan,nan
3098,3.20132,0,nan,nan,nan
3099,3.20132,0,nan,nan,nan
3100,3.20132,0,nan,nan,nan
3101,3.20132,0,nan,nan,nan
3102,3.20132,0,nan,nan,nan
3103,3.20132,0,nan,nan,nan
3104,3.20132,0,nan,nan,nan
3105,3.20132,0,nan,nan,nan
3106,3.20132,0,nan,nan,nan
3107,3.20132,0,nan,nan,nan
3108,3.20132,0,nan,nan,nan
3109,3.20132,0,nan,nan,nan
3110,3.20132,0,nan,nan,nan
3111,3.20132,0,nan,nan,nan
3112,3.20132,0,nan,nan,nan
3113,3.20132,0,nan,nan,nan
3114,3.20132,0,nan,nan,nan
3115,3.20132,0,nan,nan,nan
3116,3.20132,0,nan,nan,nan
3117,3.20132,0,nan,nan,nan
3118,3.20132,0,nan,nan,nan
3119,3.20132,0,nan,nan,nan
3120,3.20132,0,nan,nan,nan
3121,3.20132,0,nan,nan,nan
3122,3.20132,0,nan,nan,nan
3123,3.20132,0,nan,nan,nan
3124,3.20132,0,nan,nan,nan
3125,3.20132,0,nan,nan,nan
3126,3.20132,0,nan,nan,nan
3127,3.20132,0,nan,nan,nan
3128,3.20132,0,nan,nan,nan
3129,3.20132,0,nan,nan,nan
3130,3.20132,0,nan,nan,nan
3131,3.20132,0,nan,nan,nan
3132,3.20132,0,nan,nan,nan
3133,3.20132,0,nan,nan,nan
3134,3.20132,0,nan,nan,nan
3135,3.20132,0,nan,nan,nan
3136,3.20132,0,nan,nan,nan
3137,3.20132,0,nan,nan,nan
3138,3.20132,0,nan,nan,nan
3139,3.20132,0,nan,nan,nan
3140,3.20132,0,nan,nan,nan
3141,3.20132,0,nan,nan,nan
3142,3.20132,0,nan,nan,nan
3143,3.20132,0,nan,nan,nan
3144,3.20132,0,nan,nan,nan
3145,3.20132,0,nan,nan,nan
3146,3.20132,0,nan,nan,nan
3147,3.20132,0,nan,nan,nan
3148,3.20132,0,nan,nan,nan
3149,3.20132,0,nan,nan,nan
3150,3.20132,0,nan,nan,nan
3151,3.20132,0,nan,nan,nan
3152,3.20132,0,nan,nan,nan
3153,3.20132,0,nan,nan,nan
3154,3.20132,0,nan,nan,nan
3155,3.20132,0,nan,nan,nan
3156,3.20132,0,nan,nan,nan
3157,3.20132,0,nan,nan,nan
3158,3.20132,0,nan,nan,nan
3159,3.20132,0,nan,nan,nan
3160,3.20132,0,nan,nan,nan
3161,3.20132,0,nan,nan,nan
3162,3.20132,0,nan,nan,nan
3163,3.20132,0,nan,nan,nan
3164,3.20132,0,nan,nan,nan
3165,3.20132,0,nan,nan,nan
3166,3.20132,0,nan,nan,nan
3167,3.20132,0,nan,nan,nan
3168,3.20132,0,nan,nan,nan
3169,3.20132,0,nan,nan,nan
3170,3.20132,0,nan,nan,nan
3171,3.20132,0,nan,nan,nan
3172,3.20132,0,nan,nan,nan
3173,3.20132,0,nan,nan,nan
3174,3.20132,0,nan,nan,nan
3175,3.20132,0,nan,nan,nan
3176,3.20132,0,nan,nan,nan
3177,3.20132,0,nan,nan,nan
3178,3.20132,0,nan,nan,nan
3179,3.20132,0,nan,nan,nan
3180,3.20132,0,nan,nan,nan
3181,3.20132,0,nan,nan,nan
3182,3.20132,0,nan,nan,nan
3183,3.20132,0,nan,nan,nan
3184,3.20132,0,nan,nan,nan
3185,3.20132,0,nan,nan,nan
3186,3.20132,0,nan,nan,nan
3187,3.20132,0,nan,nan,nan
3188,3.20132,0,nan,nan,nan
3189,3.20132,0,nan,nan,nan
3190,3.20132,0,nan,nan,nan
3191,3.20132,0,nan,nan,nan
3192,3.20132,0,nan,nan,nan
3193,3.20132,0,nan,nan,nan
3194,3.20132,0,nan,nan,nan
3195,3.20132,0,nan,nan,nan
3196,3.20132,0,nan,nan,nan
3197,3.20132,0,nan,nan,nan
3198,3.20132,0,nan,nan,nan
3199,3.20132,0,nan,nan,nan
3200,3.20132,0,nan,nan,nan
3201,3.20132,0,nan,nan,nan
3202,3.20132,0,nan,nan,nan
3203,3.20132,0,nan,nan,nan
3204,3.20132,0,nan,nan,nan
3205,3.20132,0,nan,nan,nan
3206,3.20132,0,nan,nan,nan
3207,3.20132,0,nan,nan,nan
3208,3.20132,0,nan,nan,nan
3209,3.20132,0,nan,nan,nan
3210,3.20132,0,nan,nan,nan
3211,3.20132,0,nan,nan,nan
3212,3.20132,0,nan,nan,nan
3213,3.20132,0,nan,nan,nan
3214,3.20132,0,nan,nan,nan
3215,3.20132,0,nan,nan,nan
3216,3.20132,0,nan,nan,nan
3217,3.20132,0,nan,nan,nan
3218,3.20132,0,nan,nan,nan
3219,3.20132,0,nan,nan,nan
3220,3.20132,0,nan,nan,nan
3221,3.20132,0,nan,nan,nan
3222,3.20132,0,nan,nan,nan
3223,3.20132,0,nan,nan,nan
3224,3.20132,0,nan,nan,nan
3225,3.20132,0,nan,nan,nan
3226,3.20132,0,nan,nan,nan
3227,3.20132,0,nan,nan,nan
3228,3.20132,0,nan,nan,nan
3229,3.20132,0,nan,nan,nan
3230,3.20132,0,nan,nan,nan
3231,3.20132,0,nan,nan,nan
3232,3.20132,0,nan,nan,nan
3233,3.20132,0,nan,nan,nan
3234,3.20132,0,nan,nan,nan
3235,3.20132,0,nan,nan,nan
3236,3.20132,0,nan,nan,nan
3237,3.20132,0,nan,nan,nan
3238,3.20132,0,nan,nan,nan
3239,3.20132,0,nan,nan,nan
3240,3.20132,0,nan,nan,nan
3241,3.20132,0,nan,nan,nan
3242,3.20132,0,nan,nan,nan
3243,3.20132,0,nan,nan,nan
3244,3.20132,0,nan,nan,nan
3245,3.20132,0,nan,nan,nan
3246,3.20132,0,nan,nan,nan
3247,3.20132,0,nan,nan,nan
3248,3.20132,0,nan,nan,nan
3249,3.20132,0,nan,nan,nan
3250,3.20132,0,nan,nan,nan
3251,3.20132,0,nan,nan,nan
3252,3.20132,0,nan,nan,nan
3253,3.20132,0,nan,nan,nan
3254,3.20132,0,nan,nan,nan
3255,3.20132,0,nan,nan,nan
3256,3.20132,0,nan,nan,nan
3257,3.20132,0,nan,nan,nan
3258,3.20132,0,nan,nan,nan
3259,3.20132,0,nan,nan,nan
3260,3.20132,0,nan,nan,nan
3261,3.20132,0,nan,nan,nan
3262,3.20132,0,nan,nan,nan
3263,3.20132,0,nan,nan,nan
3264,3.20132,0,nan,nan,nan
3265,3.20132,0,nan,nan,nan
3266,3.20132,0,nan,nan,nan
3267,3.20132,0,nan,nan,nan
3268,3.20132,0,nan,nan,nan
3269,3.20132,0,nan,nan,nan
3270,3.20132,0,nan,nan,nan
3271,3.20132,0,nan,nan,nan
3272,3.20132,0,nan,nan,nan
3273,3.20132,0,nan,nan,nan
3274,3.20132,0,nan,nan,nan
3275,3.20132,0,nan,nan,nan
3276,3.20132,0,nan,nan,nan
3277,3.20132,0,nan,nan,nan
3278,3.20132,0,nan,nan,nan
3279,3.20132,0,nan,nan,nan
3280,3.20132,0,nan,nan,nan
3281,3.20132,0,nan,nan,nan
3282,3.20132,0,nan,nan,nan
3283,3.20132,0,nan,nan,nan
3284,3.20132,0,nan,nan,nan
3285,3.20132,0,nan,nan,nan
3286,3.20132,0,nan,nan,nan
3287,3.20132,0,nan,nan,nan
3288,3.20132,0,nan,nan,nan
3289,3.20132,0,nan,nan,nan
3290,3.20132,0,nan,nan,nan
3291,3.20132,0,nan,nan,nan
3292,3.20132,0,nan,nan,nan
3293,3.20132,0,nan,nan,nan
3294,3.20132,0,nan,nan,nan
3295,3.20132,0,nan,nan,nan
3296,3.20132,0,nan,nan,nan
3297,3.20132,0,nan,nan,nan
3298,3.20132,0,nan,nan,nan
3299,3.20132,0,nan,nan,nan
3300,3.20132,0,nan,nan,nan
3301,3.20132,0,nan,nan,nan
3302,3.20132,0,nan,nan,nan
3303,3.20132,0,nan,nan,nan
3304,3.20132,0,nan,nan,nan
3305,3.20132,0,nan,nan,nan
3306,3.20132,0,nan,nan,nan
3307,3.20132,0,nan,nan,nan
3308,3.20132,0,nan,nan,nan
3309,3.20132,0,nan,nan,nan
3310,3.20132,0,nan,nan,nan
3311,3.20132,0,nan,nan,nan
3312,3.20132,0,nan,nan,nan
3313,3.20132,0,nan,nan,nan
3314,3.20132,0,nan,nan,nan
3315,3.20132,0,nan,nan,nan
3316,3.20132,0,nan,nan,nan
3317,3.20132,0,nan,nan,nan
3318,3.20132,0,nan,nan,nan
3319,3.20132,0,nan,nan,nan
3320,3.20132,0,nan,nan,nan
3321,3.20132,0,nan,nan,nan
3322,3.20132,0,nan,nan,nan
3323,3.20132,0,nan,nan,nan
3324,3.20132,0,nan,nan,nan
3325,3.20132,0,nan,nan,nan
3326,3.20132,0,nan,nan,nan
3327,3.20132,0,nan,nan,nan
3328,3.20132,0,nan,nan,nan
3329,3.20132,0,nan,nan,nan
3330,3.20132,0,nan,nan,nan
3331,3.20132,0,nan,nan,nan
3332,3.20132,0,nan,nan,nan
3333,3.20132,0,nan,nan,nan
3334,3.20132,0,nan,nan,nan
3335,3.20132,0,nan,nan,nan
3336,3.20132,0,nan,nan,nan
3337,3.20132,0,nan,nan,nan
3338,3.20132,0,nan,nan,nan
3339,3.20132,0,nan,nan,nan
3340,3.20132,0,nan,nan,nan
3341,3.20132,0,nan,nan,nan
3342,3.20132,0,nan,nan,nan
3343,3.20132,0,nan,nan,nan
3344,3.20132,0,nan,nan,nan
3345,3.20132,0,nan,nan,nan
3346,3.20132,0,nan,nan,nan
3347,3.20132,0,nan,nan,nan
3348,3.20132,0,nan,nan,nan
3349,3.20132,0,nan,nan,nan
3350,3.20132,0,nan,nan,nan
3351,3.20132,0,nan,nan,nan
3352,3.20132,0,nan,nan,nan
3353,3.20132,0,nan,nan,nan
3354,3.20132,0,nan,nan,nan
3355,3.20132,0,nan,nan,nan
3356,3.20132,0,nan,nan,nan
3357,3.20132,0,nan,nan,nan
3358,3.20132,0,nan,nan,nan
3359,3.20132,0,nan,nan,nan
3360,3.20132,0,nan,nan,nan
3361,3.20132,0,nan,nan,nan
3362,3.20132,0,nan,nan,nan
3363,3.20132,0,nan,nan,nan
3364,3.20132,0,nan,nan,nan
3365,3.20132,0,nan,nan,nan
3366,3.20132,0,nan,nan,nan
3367,3.20132,0,nan,nan,nan
3368,3.20132,0,nan,nan,nan
3369,3.20132,0,nan,nan,nan
3370,3.20132,0,nan,nan,nan
3371,3.20132,0,nan,nan,nan
3372,3.20132,0,nan,nan,nan
3373,3.20132,0,nan,nan,nan
3374,3.20132,0,nan,nan,nan
3375,3.20132,0,nan,nan,nan
3376,3.20132,0,nan,nan,nan
3377,3.20132,0,nan,nan,nan
3378,3.20132,0,nan,nan,nan
3379,3.20132,0,nan,nan,nan
3380,3.20132,0,nan,nan,nan
3381,3.20132,0,nan,nan,nan
3382,3.20132,0,nan,nan,nan
3383,3.20132,0,nan,nan,nan
3384,3.20132,0,nan,nan,nan
3385,3.20132,0,nan,nan,nan
3386,3.20132,0,nan,nan,nan
3387,3.20132,0,nan,nan,nan
3388,3.20132,0,nan,nan,nan
3389,3.20132,0,nan,nan,nan
3390,3.20132,0,nan,nan,nan
3391,3.20132,0,nan,nan,nan
3392,3.20132,0,nan,nan,nan
3393,3.20132,0,nan,nan,nan
3394,3.20132,0,nan,nan,nan
3395,3.20132,0,nan,nan,nan
3396,3.20132,0,nan,nan,nan
3397,3.20132,0,nan,nan,nan
3398,3.20132,0,nan,nan,nan
3399,3.20132,0,nan,nan,nan
3400,3.20132,0,nan,nan,nan
3401,3.20132,0,nan,nan,nan
3402,3.20132,0,nan,nan,nan
3403,3.20132,0,nan,nan,nan
3404,3.20132,0,nan,nan,nan
3405,3.20132,0,nan,nan,nan
3406,3.20132,0,nan,nan,nan
3407,3.20132,0,nan,nan,nan
3408,3.20132,0,nan,nan,nan
3409,3.20132,0,nan,nan,nan
3410,3.20132,0,nan,nan,nan
3411,3.20132,0,nan,nan,nan
3412,3.20132,0,nan,nan,nan
3413,3.20132,0,nan,nan,nan
3414,3.20132,0,nan,nan,nan
3415,3.20132,0,nan,nan,nan
3416,3.20132,0,nan,nan,nan
3417,3.20132,0,nan,nan,nan
3418,3.20132,0,nan,nan,nan
3419,3.20132,0,nan,nan,nan
3420,3.20132,0,nan,nan,nan
3421,3.20132,0,nan,nan,nan
3422,3.20132,0,nan,nan,nan
3423,3.20132,0,nan,nan,nan
3424,3.20132,0,nan,nan,nan
3425,3.20132,0,nan,nan,nan
3426,3.20132,0,nan,nan,nan
3427,3.20132,0,nan,nan,nan
3428,3.20132,0,nan,nan,nan
3429,3.20132,0,nan,nan,nan
3430,3.20132,0,nan,nan,nan
3431,3.20132,0,nan,nan,nan
3432,3.20132,0,nan,nan,nan
3433,3.20132,0,nan,nan,nan
3434,3.20132,0,nan,nan,nan
3435,3.20132,0,nan,nan,nan
3436,3.20132,0,nan,nan,nan
3437,3.20132,0,nan,nan,nan
3438,3.20132,0,nan,nan,nan
3439,3.20132,0,nan,nan,nan
3440,3.20132,0,nan,nan,nan
3441,3.20132,0,nan,nan,nan
3442,3.20132,0,nan,nan,nan
3443,3.20132,0,nan,nan,nan
3444,3.20132,0,nan,nan,nan
3445,3.20132,0,nan,nan,nan
3446,3.20132,0,nan,nan,nan
3447,3.20132,0,nan,nan,nan
3448,3.20132,0,nan,nan,nan
3449,3.20132,0,nan,nan,nan
3450,3.20132,0,nan,nan,nan
3451,3.20132,0,nan,nan,nan
3452,3.20132,0,nan,nan,nan
3453,3.20132,0,nan,nan,nan
3454,3.20132,0,nan,nan,nan
3455,3.20132,0,nan,nan,nan
3456,3.20132,0,nan,nan,nan
3457,3.20132,0,nan,nan,nan
3458,3.20132,0,nan,nan,nan
3459,3.20132,0,nan,nan,nan
3460,3.20132,0,nan,nan,nan
3461,3.20132,0,nan,nan,nan
3462,3.20132,0,nan,nan,nan
3463,3.20132,0,nan,nan,nan
3464,3.20132,0,nan,nan,nan
3465,3.20132,0,nan,nan,nan
3466,3.20132,0,nan,nan,nan
3467,3.20132,0,nan,nan,nan
3468,3.20132,0,nan,nan,nan
3469,3.20132,0,nan,nan,nan
3470,3.20132,0,nan,nan,nan
3471,3.20132,0,nan,nan,nan
3472,3.20132,0,nan,nan,nan
3473,3.20132,0,nan,nan,nan
3474,3.20132,0,nan,nan,nan
3475,3.20132,0,nan,nan,nan
3476,3.20132,0,nan,nan,nan
3477,3.20132,0,nan,nan,nan
3478,3.20132,0,nan,nan,nan
3479,3.20132,0,nan,nan,nan
3480,3.20132,0,nan,nan,nan
3481,3.20132,0,nan,nan,nan
3482,3.20132,0,nan,nan,nan
3483,3.20132,0,nan,nan,nan
3484,3.20132,0,nan,nan,nan
3485,3.20132,0,nan,nan,nan
3486,3.20132,0,nan,nan,nan
3487,3.20132,0,nan,nan,nan
3488,3.20132,0,nan,nan,nan
3489,3.20132,0,nan,nan,nan
3490,3.20132,0,nan,nan,nan
3491,3.20132,0,nan,nan,nan
3492,3.20132,0,nan,nan,nan
3493,3.20132,0,nan,nan,nan
3494,3.20132,0,nan,nan,nan
3495,3.20132,0,nan,nan,nan
3496,3.20132,0,nan,nan,nan
3497,3.20132,0,nan,nan,nan
3498,3.20132,0,nan,nan,nan
3499,3.20132,0,nan,nan,nan
3500,3.20132,0,nan,nan,nan
3501,3.20132,0,nan,nan,nan
3502,3.20132,0,nan,nan,nan
3503,3.20132,0,nan,nan,nan
3504,3.20132,0,nan,nan,nan
3505,3.20132,0,nan,nan,nan
3506,3.20132,0,nan,nan,nan
3507,3.20132,0,nan,nan,nan
3508,3.20132,0,nan,nan,nan
3509,3.20132,0,nan,nan,nan
3510,3.20132,0,nan,nan,nan
3511,3.20132,0,nan,nan,nan
3512,3.20132,0,nan,nan,nan
3513,3.20132,0,nan,nan,nan
3514,3.20132,0,nan,nan,nan
3515,3.20132,0,nan,nan,nan
3516,3.20132,0,nan,nan,nan
3517,3.20132,0,nan,nan,nan
3518,3.20132,0,nan,nan,nan
3519,3.20132,0,nan,nan,nan
3520,3.20132,0,nan,nan,nan
3521,3.20132,0,nan,nan,nan
3522,3.20132,0,nan,nan,nan
3523,3.20132,0,nan,nan,nan
3524,3.20132,0,nan,nan,nan
3525,3.20132,0,nan,nan,nan
3526,3.20132,0,nan,nan,nan
3527,3.20132,0,nan,nan,nan
3528,3.20132,0,nan,nan,nan
3529,3.20132,0,nan,nan,nan
3530,3.20132,0,nan,nan,nan
3531,3.20132,0,nan,nan,nan
3532,3.20132,0,nan,nan,nan
3533,3.20132,0,nan,nan,nan
3534,3.20132,0,nan,nan,nan
3535,3.20132,0,nan,nan,nan
3536,3.20132,0,nan,nan,nan
3537,3.20132,0,nan,nan,nan
3538,3.20132,0,nan,nan,nan
3539,3.20132,0,nan,nan,nan
3540,3.20132,0,nan,nan,nan
3541,3.20132,0,nan,nan,nan
3542,3.20132,0,nan,nan,nan
3543,3.20132,0,nan,nan,nan
3544,3.20132,0,nan,nan,nan
3545,3.20132,0,nan,nan,nan
3546,3.20132,0,nan,nan,nan
3547,3.20132,0,nan,nan,nan
3548,3.20132,0,nan,nan,nan
3549,3.20132,0,nan,nan,nan
3550,3.20132,0,nan,nan,nan
3551,3.20132,0,nan,nan,nan
3552,3.20132,0,nan,nan,nan
3553,3.20132,0,nan,nan,nan
3554,3.20132,0,nan,nan,nan
3555,3.20132,0,nan,nan,nan
3556,3.20132,0,nan,nan,nan
3557,3.20132,0,nan,nan,nan
3558,3.20132,0,nan,nan,nan
3559,3.20132,0,nan,nan,nan
3560,3.20132,0,nan,nan,nan
3561,3.20132,0,nan,nan,nan
3562,3.20132,0,nan,nan,nan
3563,3.20132,0,nan,nan,nan
3564,3.20132,0,nan,nan,nan
3565,3.20132,0,nan,nan,nan
3566,3.20132,0,nan,nan,nan
3567,3.20132,0,nan,nan,nan
3568,3.20132,0,nan,nan,nan
3569,3.20132,0,nan,nan,nan
3570,3.20132,0,nan,nan,nan
3571,3.20132,0,nan,nan,nan
3572,3.20132,0,nan,nan,nan
3573,3.20132,0,nan,nan,nan
3574,3.20132,0,nan,nan,nan
3575,3.20132,0,nan,nan,nan
3576,3.20132,0,nan,nan,nan
3577,3.20132,0,nan,nan,nan
3578,3.20132,0,nan,nan,nan
3579,3.20132,0,nan,nan,nan
3580,3.20132,0,nan,nan,nan
3581,3.20132,0,nan,nan,nan
3582,3.20132,0,nan,nan,nan
3583,3.20132,0,nan,nan,nan
3584,3.20132,0,nan,nan,nan
3585,3.20132,0,nan,nan,nan
3586,3.20132,0,nan,nan,nan
3587,3.20132,0,nan,nan,nan
3588,3.20132,0,nan,nan,nan
3589,3.20132,0,nan,nan,nan
3590,3.20132,0,nan,nan,nan
3591,3.20132,0,nan,nan,nan
3592,3.20132,0,nan,nan,nan
3593,3.20132,0,nan,nan,nan
3594,3.20132,0,nan,nan,nan
3595,3.20132,0,nan,nan,nan
3596,3.20132,0,nan,nan,nan
3597,3.20132,0,nan,nan,nan
3598,3.20132,0,nan,nan,nan
3599,3.20132,0,nan,nan,nan
3600,3.20132,0,nan,nan,nan
3601,3.20132,0,nan,nan,nan
3602,3.20132,0,nan,nan,nan
3603,3.20132,0,nan,nan,nan
3604,3.20132,0,nan,nan,nan
3605,3.20132,0,nan,nan,nan
3606,3.20132,0,nan,nan,nan
3607,3.20132,0,nan,nan,nan
3608,3.20132,0,nan,nan,nan
3609,3.20132,0,nan,nan,nan
3610,3.20132,0,nan,nan,nan
3611,3.20132,0,nan,nan,nan
3612,3.20132,0,nan,nan,nan
3613,3.20132,0,nan,nan,nan
3614,3.20132,0,nan,nan,nan
3615,3.20132,0,nan,nan,nan
3616,3.20132,0,nan,nan,nan
3617,3.20132,0,nan,nan,nan
3618,3.20132,0,nan,nan,nan
3619,3.20132,0,nan,nan,nan
3620,3.20132,0,nan,nan,nan
3621,3.20132,0,nan,nan,nan
3622,3.20132,0,nan,nan,nan
3623,3.20132,0,nan,nan,nan
3624,3.20132,0,nan,nan,nan
3625,3.20132,0,nan,nan,nan
3626,3.20132,0,nan,nan,nan
3627,3.20132,0,nan,nan,nan
3628,3.20132,0,nan,nan,nan
3629,3.20132,0,nan,nan,nan
3630,3.20132,0,nan,nan,nan
3631,3.20132,0,nan,nan,nan
3632,3.20132,0,nan,nan,nan
3633,3.20132,0,nan,nan,nan
3634,3.20132,0,nan,nan,nan
3635,3.20132,0,nan,nan,nan
3636,3.20132,0,nan,nan,nan
3637,3.20132,0,nan,nan,nan
3638,3.20132,0,nan,nan,nan
3639,3.20132,0,nan,nan,nan
3640,3.20132,0,nan,nan,nan
3641,3.20132,0,nan,nan,nan
3642,3.20132,0,nan,nan,nan
3643,3.20132,0,nan,nan,nan
3644,3.20132,0,nan,nan,nan
3645,3.20132,0,nan,nan,nan
3646,3.20132,0,nan,nan,nan
3647,3.20132,0,nan,nan,nan
3648,3.20132,0,nan,nan,nan
3649,3.20132,0,nan,nan,nan
3650,3.20132,0,nan,nan,nan
3651,3.20132,0,nan,nan,nan
3652,3.20132,0,nan,nan,nan
3653,3.20132,0,nan,nan,nan
3654,3.20132,0,nan,nan,nan
3655,3.20132,0,nan,nan,nan
3656,3.20132,0,nan,nan,nan
3657,3.20132,0,nan,nan,nan
3658,3.20132,0,nan,nan,nan
3659,3.20132,0,nan,nan,nan
3660,3.20132,0,nan,nan,nan
3661,3.20132,0,nan,nan,nan
3662,3.20132,0,nan,nan,nan
3663,3.20132,0,nan,nan,nan
3664,3.20132,0,nan,nan,nan
3665,3.20132,0,nan,nan,nan
3666,3.20132,0,nan,nan,nan
3667,3.20132,0,nan,nan,nan
3668,3.20132,0,nan,nan,nan
3669,3.20132,0,nan,nan,nan
3670,3.20132,0,nan,nan,nan
3671,3.20132,0,nan,nan,nan
3672,3.20132,0,nan,nan,nan
3673,3.20132,0,nan,nan,nan
3674,3.20132,0,nan,nan,nan
3675,3.20132,0,nan,nan,nan
3676,3.20132,0,nan,nan,nan
3677,3.20132,0,nan,nan,nan
3678,3.20132,0,nan,nan,nan
3679,3.20132,0,nan,nan,nan
3680,3.20132,0,nan,nan,nan
3681,3.20132,0,nan,nan,nan
3682,3.20132,0,nan,nan,nan
3683,3.20132,0,nan,nan,nan
3684,3.20132,0,nan,nan,nan
3685,3.20132,0,nan,nan,nan
3686,3.20132,0,nan,nan,nan
3687,3.20132,0,nan,nan,nan
3688,3.20132,0,nan,nan,nan
3689,3.20132,0,nan,nan,nan
3690,3.20132,0,nan,nan,nan
3691,3.20132,0,nan,nan,nan
3692,3.20132,0,nan,nan,nan
3693,3.20132,0,nan,nan,nan
3694,3.20132,0,nan,nan,nan
3695,3.20132,0,nan,nan,nan
3696,3.20132,0,nan,nan,nan
3697,3.20132,0,nan,nan,nan
3698,3.20132,0,nan,nan,nan
3699,3.20132,0,nan,nan,nan
3700,3.20132,0,nan,nan,nan
3701,3.20132,0,nan,nan,nan
3702,3.20132,0,nan,nan,nan
3703,3.20132,0,nan,nan,nan
3704,3.20132,0,nan,nan,nan
3705,3.20132,0,nan,nan,nan
3706,3.20132,0,nan,nan,nan
3707,3.20132,0,nan,nan,nan
3708,3.20132,0,nan,nan,nan
3709,3.20132,0,nan,nan,nan
3710,3.20132,0,nan,nan,nan
3711,3.20132,0,nan,nan,nan
3712,3.20132,0,nan,nan,nan
3713,3.20132,0,nan,nan,nan
3714,3.20132,0,nan,nan,nan
3715,3.20132,0,nan,nan,nan
3716,3.20132,0,nan,nan,nan
3717,3.20132,0,nan,nan,nan
3718,3.20132,0,nan,nan,nan
3719,3.20132,0,nan,nan,nan
3720,3.20132,0,nan,nan,nan
3721,3.20132,0,nan,nan,nan
3722,3.20132,0,nan,nan,nan
3723,3.20132,0,nan,nan,nan
3724,3.20132,0,nan,nan,nan
3725,3.20132,0,nan,nan,nan
3726,3.20132,0,nan,nan,nan
3727,3.20132,0,nan,nan,nan
3728,3.20132,0,nan,nan,nan
3729,3.20132,0,nan,nan,nan
3730,3.20132,0,nan,nan,nan
3731,3.20132,0,nan,nan,nan
3732,3.20132,0,nan,nan,nan
3733,3.20132,0,nan,nan,nan
3734,3.20132,0,nan,nan,nan
3735,3.20132,0,nan,nan,nan
3736,3.20132,0,nan,nan,nan
3737,3.20132,0,nan,nan,nan
3738,3.20132,0,nan,nan,nan
3739,3.20132,0,nan,nan,nan
3740,3.20132,0,nan,nan,nan
3741,3.20132,0,nan,nan,nan
3742,3.20132,0,nan,nan,nan
3743,3.20132,0,nan,nan,nan
3744,3.20132,0,nan,nan,nan
3745,3.20132,0,nan,nan,nan
3746,3.20132,0,nan,nan,nan
3747,3.20132,0,nan,nan,nan
3748,3.20132,0,nan,nan,nan
3749,3.20132,0,nan,nan,nan
3750,3.20132,0,nan,nan,nan
3751,3.20132,0,nan,nan,nan
3752,3.20132,0,nan,nan,nan
3753,3.20132,0,nan,nan,nan
3754,3.20132,0,nan,nan,nan
3755,3.20132,0,nan,nan,nan
3756,3.20132,0,nan,nan,nan
3757,3.20132,0,nan,nan,nan
3758,3.20132,0,nan,nan,nan
3759,3.20132,0,nan,nan,nan
3760,3.20132,0,nan,nan,nan
3761,3.20132,0,nan,nan,nan
3762,3.20132,0,nan,nan,nan
3763,3.20132,0,nan,nan,nan
3764,3.20132,0,nan,nan,nan
3765,3.20132,0,nan,nan,nan
3766,3.20132,0,nan,nan,nan
3767,3.20132,0,nan,nan,nan
3768,3.20132,0,nan,nan,nan
3769,3.20132,0,nan,nan,nan
3770,3.20132,0,nan,nan,nan
3771,3.20132,0,nan,nan,nan
3772,3.20132,0,nan,nan,nan
3773,3.20132,0,nan,nan,nan
3774,3.20132,0,nan,nan,nan
3775,3.20132,0,nan,nan,nan
3776,3.20132,0,nan,nan,nan
3777,3.20132,0,nan,nan,nan
3778,3.20132,0,nan,nan,nan
3779,3.20132,0,nan,nan,nan
3780,3.20132,0,nan,nan,nan
3781,3.20132,0,nan,nan,nan
3782,3.20132,0,nan,nan,nan
3783,3.20132,0,nan,nan,nan
3784,3.20132,0,nan,nan,nan
3785,3.20132,0,nan,nan,nan
3786,3.20132,0,nan,nan,nan
3787,3.20132,0,nan,nan,nan
3788,3.20132,0,nan,nan,nan
3789,3.20132,0,nan,nan,nan
3790,3.20132,0,nan,nan,nan
3791,3.20132,0,nan,nan,nan
3792,3.20132,0,nan,nan,nan
3793,3.20132,0,nan,nan,nan
3794,3.20132,0,nan,nan,nan
3795,3.20132,0,nan,nan,nan
3796,3.20132,0,nan,nan,nan
3797,3.20132,0,nan,nan,nan
3798,3.20132,0,nan,nan,nan
3799,3.20132,0,nan,nan,nan
3800,3.20132,0,nan,nan,nan
3801,3.20132,0,nan,nan,nan
3802,3.20132,0,nan,nan,nan
3803,3.20132,0,nan,nan,nan
3804,3.20132,0,nan,nan,nan
3805,3.20132,0,nan,nan,nan
3806,3.20132,0,nan,nan,nan
3807,3.20132,0,nan,nan,nan
3808,3.20132,0,nan,nan,nan
3809,3.20132,0,nan,nan,nan
3810,3.20132,0,nan,nan,nan
3811,3.20132,0,nan,nan,nan
3812,3.20132,0,nan,nan,nan
3813,3.20132,0,nan,nan,nan
3814,3.20132,0,nan,nan,nan
3815,3.20132,0,nan,nan,nan
3816,3.20132,0,nan,nan,nan
3817,3.20132,0,nan,nan,nan
3818,3.20132,0,nan,nan,nan
3819,3.20132,0,nan,nan,nan
3820,3.20132,0,nan,nan,nan
3821,3.20132,0,nan,nan,nan
3822,3.20132,0,nan,nan,nan
3823,3.20132,0,nan,nan,nan
3824,3.20132,0,nan,nan,nan
3825,3.20132,0,nan,nan,nan
3826,3.20132,0,nan,nan,nan
3827,3.20132,0,nan,nan,nan
3828,3.20132,0,nan,nan,nan
3829,3.20132,0,nan,nan,nan
3830,3.20132,0,nan,nan,nan
3831,3.20132,0,nan,nan,nan
3832,3.20132,0,nan,nan,nan
3833,3.20132,0,nan,nan,nan
3834,3.20132,0,nan,nan,nan
3835,3.20132,0,nan,nan,nan
3836,3.20132,0,nan,nan,nan
3837,3.20132,0,nan,nan,nan
3838,3.20132,0,nan,nan,nan
3839,3.20132,0,nan,nan,nan
3840,3.20132,0,nan,nan,nan
3841,3.20132,0,nan,nan,nan
3842,3.20132,0,nan,nan,nan
3843,3.20132,0,nan,nan,nan
3844,3.20132,0,nan,nan,nan
3845,3.20132,0,nan,nan,nan
3846,3.20132,0,nan,nan,nan
3847,3.20132,0,nan,nan,nan
3848,3.20132,0,nan,nan,nan
3849,3.20132,0,nan,nan,nan
3850,3.20132,0,nan,nan,nan
3851,3.20132,0,nan,nan,nan
3852,3.20132,0,nan,nan,nan
3853,3.20132,0,nan,nan,nan
3854,3.20132,0,nan,nan,nan
3855,3.20132,0,nan,nan,nan
3856,3.20132,0,nan,nan,nan
3857,3.20132,0,nan,nan,nan
3858,3.20132,0,nan,nan,nan
3859,3.20132,0,nan,nan,nan
3860,3.20132,0,nan,nan,nan
3861,3.20132,0,nan,nan,nan
3862,3.20132,0,nan,nan,nan
3863,3.20132,0,nan,nan,nan
3864,3.20132,0,nan,nan,nan
3865,3.20132,0,nan,nan,nan
3866,3.20132,0,nan,nan,nan
3867,3.20132,0,nan,nan,nan
3868,3.20132,0,nan,nan,nan
3869,3.20132,0,nan,nan,nan
3870,3.20132,0,nan,nan,nan
3871,3.20132,0,nan,nan,nan
3872,3.20132,0,nan,nan,nan
3873,3.20132,0,nan,nan,nan
3874,3.20132,0,nan,nan,nan
3875,3.20132,0,nan,nan,nan
3876,3.20132,0,nan,nan,nan
3877,3.20132,0,nan,nan,nan
3878,3.20132,0,nan,nan,nan
3879,3.20132,0,nan,nan,nan
3880,3.20132,0,nan,nan,nan
3881,3.20132,0,nan,nan,nan
3882,3.20132,0,nan,nan,nan
3883,3.20132,0,nan,nan,nan
3884,3.20132,0,nan,nan,nan
3885,3.20132,0,nan,nan,nan
3886,3.20132,0,nan,nan,nan
3887,3.20132,0,nan,nan,nan
3888,3.20132,0,nan,nan,nan
3889,3.20132,0,nan,nan,nan
3890,3.20132,0,nan,nan,nan
3891,3.20132,0,nan,nan,nan
3892,3.20132,0,nan,nan,nan
3893,3.20132,0,nan,nan,nan
3894,3.20132,0,nan,nan,nan
3895,3.20132,0,nan,nan,nan
3896,3.20132,0,nan,nan,nan
3897,3.20132,0,nan,nan,nan
3898,3.20132,0,nan,nan,nan
3899,3.20132,0,nan,nan,nan
3900,3.20132,0,nan,nan,nan
3901,3.20132,0,nan,nan,nan
3902,3.20132,0,nan,nan,nan
3903,3.20132,0,nan,nan,nan
3904,3.20132,0,nan,nan,nan
3905,3.20132,0,nan,nan,nan
3906,3.20132,0,nan,nan,nan
3907,3.20132,0,nan,nan,nan
3908,3.20132,0,nan,nan,nan
3909,3.20132,0,nan,nan,nan
3910,3.20132,0,nan,nan,nan
3911,3.20132,0,nan,nan,nan
3912,3.20132,0,nan,nan,nan
3913,3.20132,0,nan,nan,nan
3914,3.20132,0,nan,nan,nan
3915,3.20132,0,nan,nan,nan
3916,3.20132,0,nan,nan,nan
3917,3.20132,0,nan,nan,nan
3918,3.20132,0,nan,nan,nan
3919,3.20132,0,nan,nan,nan
3920,3.20132,0,nan,nan,nan
3921,3.20132,0,nan,nan,nan
3922,3.20132,0,nan,nan,nan
3923,3.20132,0,nan,nan,nan
3924,3.20132,0,nan,nan,nan
3925,3.20132,0,nan,nan,nan
3926,3.20132,0,nan,nan,nan
3927,3.20132,0,nan,nan,nan
3928,3.20132,0,nan,nan,nan
3929,3.20132,0,nan,nan,nan
3930,3.20132,0,nan,nan,nan
3931,3.20132,0,nan,nan,nan
3932,3.20132,0,nan,nan,nan
3933,3.20132,0,nan,nan,nan
3934,3.20132,0,nan,nan,nan
3935,3.20132,0,nan,nan,nan
3936,3.20132,0,nan,nan,nan
3937,3.20132,0,nan,nan,nan
3938,3.20132,0,nan,nan,nan
3939,3.20132,0,nan,nan,nan
3940,3.20132,0,nan,nan,nan
3941,3.20132,0,nan,nan,nan
3942,3.20132,0,nan,nan,nan
3943,3.20132,0,nan,nan,nan
3944,3.20132,0,nan,nan,nan
3945,3.20132,0,nan,nan,nan
3946,3.20132,0,nan,nan,nan
3947,3.20132,0,nan,nan,nan
3948,3.20132,0,nan,nan,nan
3949,3.20132,0,nan,nan,nan
3950,3.20132,0,nan,nan,nan
3951,3.20132,0,nan,nan,nan
3952,3.20132,0,nan,nan,nan
3953,3.20132,0,nan,nan,nan
3954,3.20132,0,nan,nan,nan
3955,3.20132,0,nan,nan,nan
3956,3.20132,0,nan,nan,nan
3957,3.20132,0,nan,nan,nan
3958,3.20132,0,nan,nan,nan
3959,3.20132,0,nan,nan,nan
3960,3.20132,0,nan,nan,nan
3961,3.20132,0,nan,nan,nan
3962,3.20132,0,nan,nan,nan
3963,3.20132,0,nan,nan,nan
3964,3.20132,0,nan,nan,nan
3965,3.20132,0,nan,nan,nan
3966,3.20132,0,nan,nan,nan
3967,3.20132,0,nan,nan,nan
3968,3.20132,0,nan,nan,nan
3969,3.20132,0,nan,nan,nan
3970,3.20132,0,nan,nan,nan
3971,3.20132,0,nan,nan,nan
3972,3.20132,0,nan,nan,nan
3973,3.20132,0,nan,nan,nan
3974,3.20132,0,nan,nan,nan
3975,3.20132,0,nan,nan,nan
3976,3.20132,0,nan,nan,nan
3977,3.20132,0,nan,nan,nan
3978,3.20132,0,nan,nan,nan
3979,3.20132,0,nan,nan,nan
3980,3.20132,0,nan,nan,nan
3981,3.20132,0,nan,nan,nan
3982,3.20132,0,nan,nan,nan
3983,3.20132,0,nan,nan,nan
3984,3.20132,0,nan,nan,nan
3985,3.20132,0,nan,nan,nan
3986,3.20132,0,nan,nan,nan
3987,3.20132,0,nan,nan,nan
3988,3.20132,0,nan,nan,nan
3989,3.20132,0,nan,nan,nan
3990,3.20132,0,nan,nan,nan
3991,3.20132,0,nan,nan,nan
3992,3.20132,0,nan,nan,nan
3993,3.20132,0,nan,nan,nan
3994,3.20132,0,nan,nan,nan
3995,3.20132,0,nan,nan,nan
3996,3.20132,0,nan,nan,nan
3997,3.20132,0,nan,nan,nan
3998,3.20132,0,nan,nan,nan
3999,3.20132,0,nan,nan,nan
4000,3.20132,0,nan,nan,nan
4001,3.20132,0,nan,nan,nan
4002,3.20132,0,nan,nan,nan
4003,3.20132,0,nan,nan,nan
4004,3.20132,0,nan,nan,nan
4005,3.20132,0,nan,nan,nan
4006,3.20132,0,nan,nan,nan
4007,3.20132,0,nan,nan,nan
4008,3.20132,0,nan,nan,nan
4009,3.20132,0,nan,nan,nan
4010,3.20132,0,nan,nan,nan
4011,3.20132,0,nan,nan,nan
4012,3.20132,0,nan,nan,nan
4013,3.20132,0,nan,nan,nan
4014,3.20132,0,nan,nan,nan
4015,3.20132,0,nan,nan,nan
4016,3.20132,0,nan,nan,nan
4017,3.20132,0,nan,nan,nan
4018,3.20132,0,nan,nan,nan
4019,3.20132,0,nan,nan,nan
4020,3.20132,0,nan,nan,nan
4021,3.20132,0,nan,nan,nan
4022,3.20132,0,nan,nan,nan
4023,3.20132,0,nan,nan,nan
4024,3.20132,0,nan,nan,nan
4025,3.20132,0,nan,nan,nan
4026,3.20132,0,nan,nan,nan
4027,3.20132,0,nan,nan,nan
4028,3.20132,0,nan,nan,nan
4029,3.20132,0,nan,nan,nan
4030,3.20132,0,nan,nan,nan
4031,3.20132,0,nan,nan,nan
4032,3.20132,0,nan,nan,nan
4033,3.20132,0,nan,nan,nan
4034,3.20132,0,nan,nan,nan
4035,3.20132,0,nan,nan,nan
4036,3.20132,0,nan,nan,nan
4037,3.20132,0,nan,nan,nan
4038,3.20132,0,nan,nan,nan
4039,3.20132,0,nan,nan,nan
4040,3.20132,0,nan,nan,nan
4041,3.20132,0,nan,nan,nan
4042,3.20132,0,nan,nan,nan
4043,3.20132,0,nan,nan,nan
4044,3.20132,0,nan,nan,nan
4045,3.20132,0,nan,nan,nan
4046,3.20132,0,nan,nan,nan
4047,3.20132,0,nan,nan,nan
4048,3.20132,0,nan,nan,nan
4049,3.20132,0,nan,nan,nan
4050,3.20132,0,nan,nan,nan
4051,3.20132,0,nan,nan,nan
4052,3.20132,0,nan,nan,nan
4053,3.20132,0,nan,nan,nan
4054,3.20132,0,nan,nan,nan
4055,3.20132,0,nan,nan,nan
4056,3.20132,0,nan,nan,nan
4057,3.20132,0,nan,nan,nan
4058,3.20132,0,nan,nan,nan
4059,3.20132,0,nan,nan,nan
4060,3.20132,0,nan,nan,nan
4061,3.20132,0,nan,nan,nan
4062,3.20132,0,nan,nan,nan
4063,3.20132,0,nan,nan,nan
4064,3.20132,0,nan,nan,nan
4065,3.20132,0,nan,nan,nan
4066,3.20132,0,nan,nan,nan
4067,3.20132,0,nan,nan,nan
4068,3.20132,0,nan,nan,nan
4069,3.20132,0,nan,nan,nan
4070,3.20132,0,nan,nan,nan
4071,3.20132,0,nan,nan,nan
4072,3.20132,0,nan,nan,nan
4073,3.20132,0,nan,nan,nan
4074,3.20132,0,nan,nan,nan
4075,3.20132,0,nan,nan,nan
4076,3.20132,0,nan,nan,nan
4077,3.20132,0,nan,nan,nan
4078,3.20132,0,nan,nan,nan
4079,3.20132,0,nan,nan,nan
4080,3.20132,0,nan,nan,nan
4081,3.20132,0,nan,nan,nan
4082,3.20132,0,nan,nan,nan
4083,3.20132,0,nan,nan,nan
4084,3.20132,0,nan,nan,nan
4085,3.20132,0,nan,nan,nan
4086,3.20132,0,nan,nan,nan
4087,3.20132,0,nan,nan,nan
4088,3.20132,0,nan,nan,nan
4089,3.20132,0,nan,nan,nan
4090,3.20132,0,nan,nan,nan
4091,3.20132,0,nan,nan,nan
4092,3.20132,0,nan,nan,nan
4093,3.20132,0,nan,nan,nan
4094,3.20132,0,nan,nan,nan
4095,3.20132,0,nan,nan,nan
4096,3.20132,0,nan,nan,nan
4097,3.20132,0,nan,nan,nan
4098,3.20132,0,nan,nan,nan
4099,3.20132,0,nan,nan,nan
4100,3.20132,0,nan,nan,nan
4101,3.20132,0,nan,nan,nan
4102,3.20132,0,nan,nan,nan
4103,3.20132,0,nan,nan,nan
4104,3.20132,0,nan,nan,nan
4105,3.20132,0,nan,nan,nan
4106,3.20132,0,nan,nan,nan
4107,3.20132,0,nan,nan,nan
4108,3.20132,0,nan,nan,nan
4109,3.20132,0,nan,nan,nan
4110,3.20132,0,nan,nan,nan
4111,3.20132,0,nan,nan,nan
4112,3.20132,0,nan,nan,nan
4113,3.20132,0,nan,nan,nan
4114,3.20132,0,nan,nan,nan
4115,3.20132,0,nan,nan,nan
4116,3.20132,0,nan,nan,nan
4117,3.20132,0,nan,nan,nan
4118,3.20132,0,nan,nan,nan
4119,3.20132,0,nan,nan,nan
4120,3.20132,0,nan,nan,nan
4121,3.20132,0,nan,nan,nan
4122,3.20132,0,nan,nan,nan
4123,3.20132,0,nan,nan,nan
4124,3.20132,0,nan,nan,nan
4125,3.20132,0,nan,nan,nan
4126,3.20132,0,nan,nan,nan
4127,3.20132,0,nan,nan,nan
4128,3.20132,0,nan,nan,nan
4129,3.20132,0,nan,nan,nan
4130,3.20132,0,nan,nan,nan
4131,3.20132,0,nan,nan,nan
4132,3.20132,0,nan,nan,nan
4133,3.20132,0,nan,nan,nan
4134,3.20132,0,nan,nan,nan
4135,3.20132,0,nan,nan,nan
4136,3.20132,0,nan,nan,nan
4137,3.20132,0,nan,nan,nan
4138,3.20132,0,nan,nan,nan
4139,3.20132,0,nan,nan,nan
4140,3.20132,0,nan,nan,nan
4141,3.20132,0,nan,nan,nan
4142,3.20132,0,nan,nan,nan
4143,3.20132,0,nan,nan,nan
4144,3.20132,0,nan,nan,nan
4145,3.20132,0,nan,nan,nan
4146,3.20132,0,nan,nan,nan
4147,3.20132,0,nan,nan,nan
4148,3.20132,0,nan,nan,nan
4149,3.20132,0,nan,nan,nan
4150,3.20132,0,nan,nan,nan
4151,3.20132,0,nan,nan,nan
4152,3.20132,0,nan,nan,nan
4153,3.20132,0,nan,nan,nan
4154,3.20132,0,nan,nan,nan
4155,3.20132,0,nan,nan,nan
4156,3.20132,0,nan,nan,nan
4157,3.20132,0,nan,nan,nan
4158,3.20132,0,nan,nan,nan
4159,3.20132,0,nan,nan,nan
4160,3.20132,0,nan,nan,nan
4161,3.20132,0,nan,nan,nan
4162,3.20132,0,nan,nan,nan
4163,3.20132,0,nan,nan,nan
4164,3.20132,0,nan,nan,nan
4165,3.20132,0,nan,nan,nan
4166,3.20132,0,nan,nan,nan
4167,3.20132,0,nan,nan,nan
4168,3.20132,0,nan,nan,nan
4169,3.20132,0,nan,nan,nan
4170,3.20132,0,nan,nan,nan
4171,3.20132,0,nan,nan,nan
4172,3.20132,0,nan,nan,nan
4173,3.20132,0,nan,nan,nan
4174,3.20132,0,nan,nan,nan
4175,3.20132,0,nan,nan,nan
4176,3.20132,0,nan,nan,nan
4177,3.20132,0,nan,nan,nan
4178,3.20132,0,nan,nan,nan
4179,3.20132,0,nan,nan,nan
4180,3.20132,0,nan,nan,nan
4181,3.20132,0,nan,nan,nan
4182,3.20132,0,nan,nan,nan
4183,3.20132,0,nan,nan,nan
4184,3.20132,0,nan,nan,nan
4185,3.20132,0,nan,nan,nan
4186,3.20132,0,nan,nan,nan
4187,3.20132,0,nan,nan,nan
4188,3.20132,0,nan,nan,nan
4189,3.20132,0,nan,nan,nan
4190,3.20132,0,nan,nan,nan
4191,3.20132,0,nan,nan,nan
4192,3.20132,0,nan,nan,nan
4193,3.20132,0,nan,nan,nan
4194,3.20132,0,nan,nan,nan
4195,3.20132,0,nan,nan,nan
4196,3.20132,0,nan,nan,nan
4197,3.20132,0,nan,nan,nan
4198,3.20132,0,nan,nan,nan
4199,3.20132,0,nan,nan,nan
4200,3.20132,0,nan,nan,nan
4201,3.20132,0,nan,nan,nan
4202,3.20132,0,nan,nan,nan
4203,3.20132,0,nan,nan,nan
4204,3.20132,0,nan,nan,nan
4205,3.20132,0,nan,nan,nan
4206,3.20132,0,nan,nan,nan
4207,3.20132,0,nan,nan,nan
4208,3.20132,0,nan,nan,nan
4209,3.20132,0,nan,nan,nan
4210,3.20132,0,nan,nan,nan
4211,3.20132,0,nan,nan,nan
4212,3.20132,0,nan,nan,nan
4213,3.20132,0,nan,nan,nan
4214,3.20132,0,nan,nan,nan
4215,3.20132,0,nan,nan,nan
4216,3.20132,0,nan,nan,nan
4217,3.20132,0,nan,nan,nan
4218,3.20132,0,nan,nan,nan
4219,3.20132,0,nan,nan,nan
4220,3.20132,0,nan,nan,nan
4221,3.20132,0,nan,nan,nan
4222,3.20132,0,nan,nan,nan
4223,3.20132,0,nan,nan,nan
4224,3.20132,0,nan,nan,nan
4225,3.20132,0,nan,nan,nan
4226,3.20132,0,nan,nan,nan
4227,3.20132,0,nan,nan,nan
4228,3.20132,0,nan,nan,nan
4229,3.20132,0,nan,nan,nan
4230,3.20132,0,nan,nan,nan
4231,3.20132,0,nan,nan,nan
4232,3.20132,0,nan,nan,nan
4233,3.20132,0,nan,nan,nan
4234,3.20132,0,nan,nan,nan
4235,3.20132,0,nan,nan,nan
4236,3.20132,0,nan,nan,nan
4237,3.20132,0,nan,nan,nan
4238,3.20132,0,nan,nan,nan
4239,3.20132,0,nan,nan,nan
4240,3.20132,0,nan,nan,nan
4241,3.20132,0,nan,nan,nan
4242,3.20132,0,nan,nan,nan
4243,3.20132,0,nan,nan,nan
4244,3.20132,0,nan,nan,nan
4245,3.20132,0,nan,nan,nan
4246,3.20132,0,nan,nan,nan
4247,3.20132,0,nan,nan,nan
4248,3.20132,0,nan,nan,nan
4249,3.20132,0,nan,nan,nan
4250,3.20132,0,nan,nan,nan
4251,3.20132,0,nan,nan,nan
4252,3.20132,0,nan,nan,nan
4253,3.20132,0,nan,nan,nan
4254,3.20132,0,nan,nan,nan
4255,3.20132,0,nan,nan,nan
4256,3.20132,0,nan,nan,nan
4257,3.20132,0,nan,nan,nan
4258,3.20132,0,nan,nan,nan
4259,3.20132,0,nan,nan,nan
4260,3.20132,0,nan,nan,nan
4261,3.20132,0,nan,nan,nan
4262,3.20132,0,nan,nan,nan
4263,3.20132,0,nan,nan,nan
4264,3.20132,0,nan,nan,nan
4265,3.20132,0,nan,nan,nan
4266,3.20132,0,nan,nan,nan
4267,3.20132,0,nan,nan,nan
4268,3.20132,0,nan,nan,nan
4269,3.20132,0,nan,nan,nan
4270,3.20132,0,nan,nan,nan
4271,3.20132,0,nan,nan,nan
4272,3.20132,0,nan,nan,nan
4273,3.20132,0,nan,nan,nan
4274,3.20132,0,nan,nan,nan
4275,3.20132,0,nan,nan,nan
4276,3.20132,0,nan,nan,nan
4277,3.20132,0,nan,nan,nan
4278,3.20132,0,nan,nan,nan
4279,3.20132,0,nan,nan,nan
4280,3.20132,0,nan,nan,nan
4281,3.20132,0,nan,nan,nan
4282,3.20132,0,nan,nan,nan
4283,3.20132,0,nan,nan,nan
4284,3.20132,0,nan,nan,nan
4285,3.20132,0,nan,nan,nan
4286,3.20132,0,nan,nan,nan
4287,3.20132,0,nan,nan,nan
4288,3.20132,0,nan,nan,nan
4289,3.20132,0,nan,nan,nan
4290,3.20132,0,nan,nan,nan
4291,3.20132,0,nan,nan,nan
4292,3.20132,0,nan,nan,nan
4293,3.20132,0,nan,nan,nan
4294,3.20132,0,nan,nan,nan
4295,3.20132,0,nan,nan,nan
4296,3.20132,0,nan,nan,nan
4297,3.20132,0,nan,nan,nan
4298,3.20132,0,nan,nan,nan
4299,3.20132,0,nan,nan,nan
4300,3.20132,0,nan,nan,nan
4301,3.20132,0,nan,nan,nan
4302,3.20132,0,nan,nan,nan
4303,3.20132,0,nan,nan,nan
4304,3.20132,0,nan,nan,nan
4305,3.20132,0,nan,nan,nan
4306,3.20132,0,nan,nan,nan
4307,3.20132,0,nan,nan,nan
4308,3.20132,0,nan,nan,nan
4309,3.20132,0,nan,nan,nan
4310,3.20132,0,nan,nan,nan
4311,3.20132,0,nan,nan,nan
4312,3.20132,0,nan,nan,nan
4313,3.20132,0,nan,nan,nan
4314,3.20132,0,nan,nan,nan
4315,3.20132,0,nan,nan,nan
4316,3.20132,0,nan,nan,nan
4317,3.20132,0,nan,nan,nan
4318,3.20132,0,nan,nan,nan
4319,3.20132,0,nan,nan,nan
4320,3.20132,0,nan,nan,nan
4321,3.20132,0,nan,nan,nan
4322,3.20132,0,nan,nan,nan
4323,3.20132,0,nan,nan,nan
4324,3.20132,0,nan,nan,nan
4325,3.20132,0,nan,nan,nan
4326,3.20132,0,nan,nan,nan
4327,3.20132,0,nan,nan,nan
4328,3.20132,0,nan,nan,nan
4329,3.20132,0,nan,nan,nan
4330,3.20132,0,nan,nan,nan
4331,3.20132,0,nan,nan,nan
4332,3.20132,0,nan,nan,nan
4333,3.20132,0,nan,nan,nan
4334,3.20132,0,nan,nan,nan
4335,3.20132,0,nan,nan,nan
4336,3.20132,0,nan,nan,nan
4337,3.20132,0,nan,nan,nan
4338,3.20132,0,nan,nan,nan
4339,3.20132,0,nan,nan,nan
4340,3.20132,0,nan,nan,nan
4341,3.20132,0,nan,nan,nan
4342,3.20132,0,nan,nan,nan
4343,3.20132,0,nan,nan,nan
4344,3.20132,0,nan,nan,nan
4345,3.20132,0,nan,nan,nan
4346,3.20132,0,nan,nan,nan
4347,3.20132,0,nan,nan,nan
4348,3.20132,0,nan,nan,nan
4349,3.20132,0,nan,nan,nan
4350,3.20132,0,nan,nan,nan
4351,3.20132,0,nan,nan,nan
4352,3.20132,0,nan,nan,nan
4353,3.20132,0,nan,nan,nan
4354,3.20132,0,nan,nan,nan
4355,3.20132,0,nan,nan,nan
4356,3.20132,0,nan,nan,nan
4357,3.20132,0,nan,nan,nan
4358,3.20132,0,nan,nan,nan
4359,3.20132,0,nan,nan,nan
4360,3.20132,0,nan,nan,nan
4361,3.20132,0,nan,nan,nan
4362,3.20132,0,nan,nan,nan
4363,3.20132,0,nan,nan,nan
4364,3.20132,0,nan,nan,nan
4365,3.20132,0,nan,nan,nan
4366,3.20132,0,nan,nan,nan
4367,3.20132,0,nan,nan,nan
4368,3.20132,0,nan,nan,nan
4369,3.20132,0,nan,nan,nan
4370,3.20132,0,nan,nan,nan
4371,3.20132,0,nan,nan,nan
4372,3.20132,0,nan,nan,nan
4373,3.20132,0,nan,nan,nan
4374,3.20132,0,nan,nan,nan
4375,3.20132,0,nan,nan,nan
4376,3.20132,0,nan,nan,nan
4377,3.20132,0,nan,nan,nan
4378,3.20132,0,nan,nan,nan
4379,3.20132,0,nan,nan,nan
4380,3.20132,0,nan,nan,nan
4381,3.20132,0,nan,nan,nan
4382,3.20132,0,nan,nan,nan
4383,3.20132,0,nan,nan,nan
4384,3.20132,0,nan,nan,nan
4385,3.20132,0,nan,nan,nan
4386,3.20132,0,nan,nan,nan
4387,3.20132,0,nan,nan,nan
4388,3.20132,0,nan,nan,nan
4389,3.20132,0,nan,nan,nan
4390,3.20132,0,nan,nan,nan
4391,3.20132,0,nan,nan,nan
4392,3.20132,0,nan,nan,nan
4393,3.20132,0,nan,nan,nan
4394,3.20132,0,nan,nan,nan
4395,3.20132,0,nan,nan,nan
4396,3.20132,0,nan,nan,nan
4397,3.20132,0,nan,nan,nan
4398,3.20132,0,nan,nan,nan
4399,3.20132,0,nan,nan,nan
4400,3.20132,0,nan,nan,nan
4401,3.20132,0,nan,nan,nan
4402,3.20132,0,nan,nan,nan
4403,3.20132,0,nan,nan,nan
4404,3.20132,0,nan,nan,nan
4405,3.20132,0,nan,nan,nan
4406,3.20132,0,nan,nan,nan
4407,3.20132,0,nan,nan,nan
4408,3.20132,0,nan,nan,nan
4409,3.20132,0,nan,nan,nan
4410,3.20132,0,nan,nan,nan
4411,3.20132,0,nan,nan,nan
4412,3.20132,0,nan,nan,nan
4413,3.20132,0,nan,nan,nan
4414,3.20132,0,nan,nan,nan
4415,3.20132,0,nan,nan,nan
4416,3.20132,0,nan,nan,nan
4417,3.20132,0,nan,nan,nan
4418,3.20132,0,nan,nan,nan
4419,3.20132,0,nan,nan,nan
4420,3.20132,0,nan,nan,nan
4421,3.20132,0,nan,nan,nan
4422,3.20132,0,nan,nan,nan
4423,3.20132,0,nan,nan,nan
4424,3.20132,0,nan,nan,nan
4425,3.20132,0,nan,nan,nan
4426,3.20132,0,nan,nan,nan
4427,3.20132,0,nan,nan,nan
4428,3.20132,0,nan,nan,nan
4429,3.20132,0,nan,nan,nan
4430,3.20132,0,nan,nan,nan
4431,3.20132,0,nan,nan,nan
4432,3.20132,0,nan,nan,nan
4433,3.20132,0,nan,nan,nan
4434,3.20132,0,nan,nan,nan
4435,3.20132,0,nan,nan,nan
4436,3.20132,0,nan,nan,nan
4437,3.20132,0,nan,nan,nan
4438,3.20132,0,nan,nan,nan
4439,3.20132,0,nan,nan,nan
4440,3.20132,0,nan,nan,nan
4441,3.20132,0,nan,nan,nan
4442,3.20132,0,nan,nan,nan
4443,3.20132,0,nan,nan,nan
4444,3.20132,0,nan,nan,nan
4445,3.20132,0,nan,nan,nan
4446,3.20132,0,nan,nan,nan
4447,3.20132,0,nan,nan,nan
4448,3.20132,0,nan,nan,nan
4449,3.20132,0,nan,nan,nan
4450,3.20132,0,nan,nan,nan
4451,3.20132,0,nan,nan,nan
4452,3.20132,0,nan,nan,nan
4453,3.20132,0,nan,nan,nan
4454,3.20132,0,nan,nan,nan
4455,3.20132,0,nan,nan,nan
4456,3.20132,0,nan,nan,nan
4457,3.20132,0,nan,nan,nan
4458,3.20132,0,nan,nan,nan
4459,3.20132,0,nan,nan,nan
4460,3.20132,0,nan,nan,nan
4461,3.20132,0,nan,nan,nan
4462,3.20132,0,nan,nan,nan
4463,3.20132,0,nan,nan,nan
4464,3.20132,0,nan,nan,nan
4465,3.20132,0,nan,nan,nan
4466,3.20132,0,nan,nan,nan
4467,3.20132,0,nan,nan,nan
4468,3.20132,0,nan,nan,nan
4469,3.20132,0,nan,nan,nan
4470,3.20132,0,nan,nan,nan
4471,3.20132,0,nan,nan,nan
4472,3.20132,0,nan,nan,nan
4473,3.20132,0,nan,nan,nan
4474,3.20132,0,nan,nan,nan
4475,3.20132,0,nan,nan,nan
4476,3.20132,0,nan,nan,nan
4477,3.20132,0,nan,nan,nan
4478,3.20132,0,nan,nan,nan
4479,3.20132,0,nan,nan,nan
4480,3.20132,0,nan,nan,nan
4481,3.20132,0,nan,nan,nan
4482,3.20132,0,nan,nan,nan
4483,3.20132,0,nan,nan,nan
4484,3.20132,0,nan,nan,nan
4485,3.20132,0,nan,nan,nan
4486,3.20132,0,nan,nan,nan
4487,3.20132,0,nan,nan,nan
4488,3.20132,0,nan,nan,nan
4489,3.20132,0,nan,nan,nan
4490,3.20132,0,nan,nan,nan
4491,3.20132,0,nan,nan,nan
4492,3.20132,0,nan,nan,nan
4493,3.20132,0,nan,nan,nan
4494,3.20132,0,nan,nan,nan
4495,3.20132,0,nan,nan,nan
4496,3.20132,0,nan,nan,nan
4497,3.20132,0,nan,nan,nan
4498,3.20132,0,nan,nan,nan
4499,3.20132,0,nan,nan,nan
4500,3.20132,0,nan,nan,nan
4501,3.20132,0,nan,nan,nan
4502,3.20132,0,nan,nan,nan
4503,3.20132,0,nan,nan,nan
4504,3.20132,0,nan,nan,nan
4505,3.20132,0,nan,nan,nan
4506,3.20132,0,nan,nan,nan
4507,3.20132,0,nan,nan,nan
4508,3.20132,0,nan,nan,nan
4509,3.20132,0,nan,nan,nan
4510,3.20132,0,nan,nan,nan
4511,3.20132,0,nan,nan,nan
4512,3.20132,0,nan,nan,nan
4513,3.20132,0,nan,nan,nan
4514,3.20132,0,nan,nan,nan
4515,3.20132,0,nan,nan,nan
4516,3.20132,0,nan,nan,nan
4517,3.20132,0,nan,nan,nan
4518,3.20132,0,nan,nan,nan
4519,3.20132,0,nan,nan,nan
4520,3.20132,0,nan,nan,nan
4521,3.20132,0,nan,nan,nan
4522,3.20132,0,nan,nan,nan
4523,3.20132,0,nan,nan,nan
4524,3.20132,0,nan,nan,nan
4525,3.20132,0,nan,nan,nan
4526,3.20132,0,nan,nan,nan
4527,3.20132,0,nan,nan,nan
4528,3.20132,0,nan,nan,nan
4529,3.20132,0,nan,nan,nan
4530,3.20132,0,nan,nan,nan
4531,3.20132,0,nan,nan,nan
4532,3.20132,0,nan,nan,nan
4533,3.20132,0,nan,nan,nan
4534,3.20132,0,nan,nan,nan
4535,3.20132,0,nan,nan,nan
4536,3.20132,0,nan,nan,nan
4537,3.20132,0,nan,nan,nan
4538,3.20132,0,nan,nan,nan
4539,3.20132,0,nan,nan,nan
4540,3.20132,0,nan,nan,nan
4541,3.20132,0,nan,nan,nan
4542,3.20132,0,nan,nan,nan
4543,3.20132,0,nan,nan,nan
4544,3.20132,0,nan,nan,nan
4545,3.20132,0,nan,nan,nan
4546,3.20132,0,nan,nan,nan
4547,3.20132,0,nan,nan,nan
4548,3.20132,0,nan,nan,nan
4549,3.20132,0,nan,nan,nan
4550,3.20132,0,nan,nan,nan
4551,3.20132,0,nan,nan,nan
4552,3.20132,0,nan,nan,nan
4553,3.20132,0,nan,nan,nan
4554,3.20132,0,nan,nan,nan
4555,3.20132,0,nan,nan,nan
4556,3.20132,0,nan,nan,nan
4557,3.20132,0,nan,nan,nan
4558,3.20132,0,nan,nan,nan
4559,3.20132,0,nan,nan,nan
4560,3.20132,0,nan,nan,nan
4561,3.20132,0,nan,nan,nan
4562,3.20132,0,nan,nan,nan
4563,3.20132,0,nan,nan,nan
4564,3.20132,0,nan,nan,nan
4565,3.20132,0,nan,nan,nan
4566,3.20132,0,nan,nan,nan
4567,3.20132,0,nan,nan,nan
4568,3.20132,0,nan,nan,nan
4569,3.20132,0,nan,nan,nan
4570,3.20132,0,nan,nan,nan
4571,3.20132,0,nan,nan,nan
4572,3.20132,0,nan,nan,nan
4573,3.20132,0,nan,nan,nan
4574,3.20132,0,nan,nan,nan
4575,3.20132,0,nan,nan,nan
4576,3.20132,0,nan,nan,nan
4577,3.20132,0,nan,nan,nan
4578,3.20132,0,nan,nan,nan
4579,3.20132,0,nan,nan,nan
4580,3.20132,0,nan,nan,nan
4581,3.20132,0,nan,nan,nan
4582,3.20132,0,nan,nan,nan
4583,3.20132,0,nan,nan,nan
4584,3.20132,0,nan,nan,nan
4585,3.20132,0,nan,nan,nan
4586,3.20132,0,nan,nan,nan
4587,3.20132,0,nan,nan,nan
4588,3.20132,0,nan,nan,nan
4589,3.20132,0,nan,nan,nan
4590,3.20132,0,nan,nan,nan
4591,3.20132,0,nan,nan,nan
4592,3.20132,0,nan,nan,nan
4593,3.20132,0,nan,nan,nan
4594,3.20132,0,nan,nan,nan
4595,3.20132,0,nan,nan,nan
4596,3.20132,0,nan,nan,nan
4597,3.20132,0,nan,nan,nan
4598,3.20132,0,nan,nan,nan
4599,3.20132,0,nan,nan,nan
4600,3.20132,0,nan,nan,nan
4601,3.20132,0,nan,nan,nan
4602,3.20132,0,nan,nan,nan
4603,3.20132,0,nan,nan,nan
4604,3.20132,0,nan,nan,nan
4605,3.20132,0,nan,nan,nan
4606,3.20132,0,nan,nan,nan
4607,3.20132,0,nan,nan,nan
4608,3.20132,0,nan,nan,nan
4609,3.20132,0,nan,nan,nan
4610,3.20132,0,nan,nan,nan
4611,3.20132,0,nan,nan,nan
4612,3.20132,0,nan,nan,nan
4613,3.20132,0,nan,nan,nan
4614,3.20132,0,nan,nan,nan
4615,3.20132,0,nan,nan,nan
4616,3.20132,0,nan,nan,nan
4617,3.20132,0,nan,nan,nan
4618,3.20132,0,nan,nan,nan
4619,3.20132,0,nan,nan,nan
4620,3.20132,0,nan,nan,nan
4621,3.20132,0,nan,nan,nan
4622,3.20132,0,nan,nan,nan
4623,3.20132,0,nan,nan,nan
4624,3.20132,0,nan,nan,nan
4625,3.20132,0,nan,nan,nan
4626,3.20132,0,nan,nan,nan
4627,3.20132,0,nan,nan,nan
4628,3.20132,0,nan,nan,nan
4629,3.20132,0,nan,nan,nan
4630,3.20132,0,nan,nan,nan
4631,3.20132,0,nan,nan,nan
4632,3.20132,0,nan,nan,nan
4633,3.20132,0,nan,nan,nan
4634,3.20132,0,nan,nan,nan
4635,3.20132,0,nan,nan,nan
4636,3.20132,0,nan,nan,nan
4637,3.20132,0,nan,nan,nan
4638,3.20132,0,nan,nan,nan
4639,3.20132,0,nan,nan,nan
4640,3.20132,0,nan,nan,nan
4641,3.20132,0,nan,nan,nan
4642,3.20132,0,nan,nan,nan
4643,3.20132,0,nan,nan,nan
4644,3.20132,0,nan,nan,nan
4645,3.20132,0,nan,nan,nan
4646,3.20132,0,nan,nan,nan
4647,3.20132,0,nan,nan,nan
4648,3.20132,0,nan,nan,nan
4649,3.20132,0,nan,nan,nan
4650,3.20132,0,nan,nan,nan
4651,3.20132,0,nan,nan,nan
4652,3.20132,0,nan,nan,nan
4653,3.20132,0,nan,nan,nan
4654,3.20132,0,nan,nan,nan
4655,3.20132,0,nan,nan,nan
4656,3.20132,0,nan,nan,nan
4657,3.20132,0,nan,nan,nan
4658,3.20132,0,nan,nan,nan
4659,3.20132,0,nan,nan,nan
4660,3.20132,0,nan,nan,nan
4661,3.20132,0,nan,nan,nan
4662,3.20132,0,nan,nan,nan
4663,3.20132,0,nan,nan,nan
4664,3.20132,0,nan,nan,nan
4665,3.20132,0,nan,nan,nan
4666,3.20132,0,nan,nan,nan
4667,3.20132,0,nan,nan,nan
4668,3.20132,0,nan,nan,nan
4669,3.20132,0,nan,nan,nan
4670,3.20132,0,nan,nan,nan
4671,3.20132,0,nan,nan,nan
4672,3.20132,0,nan,nan,nan
4673,3.20132,0,nan,nan,nan
4674,3.20132,0,nan,nan,nan
4675,3.20132,0,nan,nan,nan
4676,3.20132,0,nan,nan,nan
4677,3.20132,0,nan,nan,nan
4678,3.20132,0,nan,nan,nan
4679,3.20132,0,nan,nan,nan
4680,3.20132,0,nan,nan,nan
4681,3.20132,0,nan,nan,nan
4682,3.20132,0,nan,nan,nan
4683,3.20132,0,nan,nan,nan
4684,3.20132,0,nan,nan,nan
4685,3.20132,0,nan,nan,nan
4686,3.20132,0,nan,nan,nan
4687,3.20132,0,nan,nan,nan
4688,3.20132,0,nan,nan,nan
4689,3.20132,0,nan,nan,nan
4690,3.20132,0,nan,nan,nan
4691,3.20132,0,nan,nan,nan
4692,3.20132,0,nan,nan,nan
4693,3.20132,0,nan,nan,nan
4694,3.20132,0,nan,nan,nan
4695,3.20132,0,nan,nan,nan
4696,3.20132,0,nan,nan,nan
4697,3.20132,0,nan,nan,nan
4698,3.20132,0,nan,nan,nan
4699,3.20132,0,nan,nan,nan
4700,3.20132,0,nan,nan,nan
4701,3.20132,0,nan,nan,nan
4702,3.20132,0,nan,nan,nan
4703,3.20132,0,nan,nan,nan
4704,3.20132,0,nan,nan,nan
4705,3.20132,0,nan,nan,nan
4706,3.20132,0,nan,nan,nan
4707,3.20132,0,nan,nan,nan
4708,3.20132,0,nan,nan,nan
4709,3.20132,0,nan,nan,nan
4710,3.20132,0,nan,nan,nan
4711,3.20132,0,nan,nan,nan
4712,3.20132,0,nan,nan,nan
4713,3.20132,0,nan,nan,nan
4714,3.20132,0,nan,nan,nan
4715,3.20132,0,nan,nan,nan
4716,3.20132,0,nan,nan,nan
4717,3.20132,0,nan,nan,nan
4718,3.20132,0,nan,nan,nan
4719,3.20132,0,nan,nan,nan
4720,3.20132,0,nan,nan,nan
4721,3.20132,0,nan,nan,nan
4722,3.20132,0,nan,nan,nan
4723,3.20132,0,nan,nan,nan
4724,3.20132,0,nan,nan,nan
4725,3.20132,0,nan,nan,nan
4726,3.20132,0,nan,nan,nan
4727,3.20132,0,nan,nan,nan
4728,3.20132,0,nan,nan,nan
4729,3.20132,0,nan,nan,nan
4730,3.20132,0,nan,nan,nan
4731,3.20132,0,nan,nan,nan
4732,3.20132,0,nan,nan,nan
4733,3.20132,0,nan,nan,nan
4734,3.20132,0,nan,nan,nan
4735,3.20132,0,nan,nan,nan
4736,3.20132,0,nan,nan,nan
4737,3.20132,0,nan,nan,nan
4738,3.20132,0,nan,nan,nan
4739,3.20132,0,nan,nan,nan
4740,3.20132,0,nan,nan,nan
4741,3.20132,0,nan,nan,nan
4742,3.20132,0,nan,nan,nan
4743,3.20132,0,nan,nan,nan
4744,3.20132,0,nan,nan,nan
4745,3.20132,0,nan,nan,nan
4746,3.20132,0,nan,nan,nan
4747,3.20132,0,nan,nan,nan
4748,3.20132,0,nan,nan,nan
4749,3.20132,0,nan,nan,nan
4750,3.20132,0,nan,nan,nan
4751,3.20132,0,nan,nan,nan
4752,3.20132,0,nan,nan,nan
4753,3.20132,0,nan,nan,nan
4754,3.20132,0,nan,nan,nan
4755,3.20132,0,nan,nan,nan
4756,3.20132,0,nan,nan,nan
4757,3.20132,0,nan,nan,nan
4758,3.20132,0,nan,nan,nan
4759,3.20132,0,nan,nan,nan
4760,3.20132,0,nan,nan,nan
4761,3.20132,0,nan,nan,nan
4762,3.20132,0,nan,nan,nan
4763,3.20132,0,nan,nan,nan
4764,3.20132,0,nan,nan,nan
4765,3.20132,0,nan,nan,nan
4766,3.20132,0,nan,nan,nan
4767,3.20132,0,nan,nan,nan
4768,3.20132,0,nan,nan,nan
4769,3.20132,0,nan,nan,nan
4770,3.20132,0,nan,nan,nan
4771,3.20132,0,nan,nan,nan
4772,3.20132,0,nan,nan,nan
4773,3.20132,0,nan,nan,nan
4774,3.20132,0,nan,nan,nan
4775,3.20132,0,nan,nan,nan
4776,3.20132,0,nan,nan,nan
4777,3.20132,0,nan,nan,nan
4778,3.20132,0,nan,nan,nan
4779,3.20132,0,nan,nan,nan
4780,3.20132,0,nan,nan,nan
4781,3.20132,0,nan,nan,nan
4782,3.20132,0,nan,nan,nan
4783,3.20132,0,nan,nan,nan
4784,3.20132,0,nan,nan,nan
4785,3.20132,0,nan,nan,nan
4786,3.20132,0,nan,nan,nan
4787,3.20132,0,nan,nan,nan
4788,3.20132,0,nan,nan,nan
4789,3.20132,0,nan,nan,nan
4790,3.20132,0,nan,nan,nan
4791,3.20132,0,nan,nan,nan
4792,3.20132,0,nan,nan,nan
4793,3.20132,0,nan,nan,nan
4794,3.20132,0,nan,nan,nan
4795,3.20132,0,nan,nan,nan
4796,3.20132,0,nan,nan,nan
4797,3.20132,0,nan,nan,nan
4798,3.20132,0,nan,nan,nan
4799,3.20132,0,nan,nan,nan
4800,3.20132,0,nan,nan,nan
4801,3.20132,0,nan,nan,nan
4802,3.20132,0,nan,nan,nan
4803,3.20132,0,nan,nan,nan
4804,3.20132,0,nan,nan,nan
4805,3.20132,0,nan,nan,nan
4806,3.20132,0,nan,nan,nan
4807,3.20132,0,nan,nan,nan
4808,3.20132,0,nan,nan,nan
4809,3.20132,0,nan,nan,nan
4810,3.20132,0,nan,nan,nan
4811,3.20132,0,nan,nan,nan
4812,3.20132,0,nan,nan,nan
4813,3.20132,0,nan,nan,nan
4814,3.20132,0,nan,nan,nan
4815,3.20132,0,nan,nan,nan
4816,3.20132,0,nan,nan,nan
4817,3.20132,0,nan,nan,nan
4818,3.20132,0,nan,nan,nan
4819,3.20132,0,nan,nan,nan
4820,3.20132,0,nan,nan,nan
4821,3.20132,0,nan,nan,nan
4822,3.20132,0,nan,nan,nan
4823,3.20132,0,nan,nan,nan
4824,3.20132,0,nan,nan,nan
4825,3.20132,0,nan,nan,nan
4826,3.20132,0,nan,nan,nan
4827,3.20132,0,nan,nan,nan
4828,3.20132,0,nan,nan,nan
4829,3.20132,0,nan,nan,nan
4830,3.20132,0,nan,nan,nan
4831,3.20132,0,nan,nan,nan
4832,3.20132,0,nan,nan,nan
4833,3.20132,0,nan,nan,nan
4834,3.20132,0,nan,nan,nan
4835,3.20132,0,nan,nan,nan
4836,3.20132,0,nan,nan,nan
4837,3.20132,0,nan,nan,nan
4838,3.20132,0,nan,nan,nan
4839,3.20132,0,nan,nan,nan
4840,3.20132,0,nan,nan,nan
4841,3.20132,0,nan,nan,nan
4842,3.20132,0,nan,nan,nan
4843,3.20132,0,nan,nan,nan
4844,3.20132,0,nan,nan,nan
4845,3.20132,0,nan,nan,nan
4846,3.20132,0,nan,nan,nan
4847,3.20132,0,nan,nan,nan
4848,3.20132,0,nan,nan,nan
4849,3.20132,0,nan,nan,nan
4850,3.20132,0,nan,nan,nan
4851,3.20132,0,nan,nan,nan
4852,3.20132,0,nan,nan,nan
4853,3.20132,0,nan,nan,nan
4854,3.20132,0,nan,nan,nan
4855,3.20132,0,nan,nan,nan
4856,3.20132,0,nan,nan,nan
4857,3.20132,0,nan,nan,nan
4858,3.20132,0,nan,nan,nan
4859,3.20132,0,nan,nan,nan
4860,3.20132,0,nan,nan,nan
4861,3.20132,0,nan,nan,nan
4862,3.20132,0,nan,nan,nan
4863,3.20132,0,nan,nan,nan
4864,3.20132,0,nan,nan,nan
4865,3.20132,0,nan,nan,nan
4866,3.20132,0,nan,nan,nan
4867,3.20132,0,nan,nan,nan
4868,3.20132,0,nan,nan,nan
4869,3.20132,0,nan,nan,nan
4870,3.20132,0,nan,nan,nan
4871,3.20132,0,nan,nan,nan
4872,3.20132,0,nan,nan,nan
4873,3.20132,0,nan,nan,nan
4874,3.20132,0,nan,nan,nan
4875,3.20132,0,nan,nan,nan
4876,3.20132,0,nan,nan,nan
4877,3.20132,0,nan,nan,nan
4878,3.20132,0,nan,nan,nan
4879,3.20132,0,nan,nan,nan
4880,3.20132,0,nan,nan,nan
4881,3.20132,0,nan,nan,nan
4882,3.20132,0,nan,nan,nan
4883,3.20132,0,nan,nan,nan
4884,3.20132,0,nan,nan,nan
4885,3.20132,0,nan,nan,nan
4886,3.20132,0,nan,nan,nan
4887,3.20132,0,nan,nan,nan
4888,3.20132,0,nan,nan,nan
4889,3.20132,0,nan,nan,nan
4890,3.20132,0,nan,nan,nan
4891,3.20132,0,nan,nan,nan
4892,3.20132,0,nan,nan,nan
4893,3.20132,0,nan,nan,nan
4894,3.20132,0,nan,nan,nan
4895,3.20132,0,nan,nan,nan
4896,3.20132,0,nan,nan,nan
4897,3.20132,0,nan,nan,nan
4898,3.20132,0,nan,nan,nan
4899,3.20132,0,nan,nan,nan
4900,3.20132,0,nan,nan,nan
4901,3.20132,0,nan,nan,nan
4902,3.20132,0,nan,nan,nan
4903,3.20132,0,nan,nan,nan
4904,3.20132,0,nan,nan,nan
4905,3.20132,0,nan,nan,nan
4906,3.20132,0,nan,nan,nan
4907,3.20132,0,nan,nan,nan
4908,3.20132,0,nan,nan,nan
4909,3.20132,0,nan,nan,nan
4910,3.20132,0,nan,nan,nan
4911,3.20132,0,nan,nan,nan
4912,3.20132,0,nan,nan,nan
4913,3.20132,0,nan,nan,nan
4914,3.20132,0,nan,nan,nan
4915,3.20132,0,nan,nan,nan
4916,3.20132,0,nan,nan,nan
4917,3.20132,0,nan,nan,nan
4918,3.20132,0,nan,nan,nan
4919,3.20132,0,nan,nan,nan
4920,3.20132,0,nan,nan,nan
4921,3.20132,0,nan,nan,nan
4922,3.20132,0,nan,nan,nan
4923,3.20132,0,nan,nan,nan
4924,3.20132,0,nan,nan,nan
4925,3.20132,0,nan,nan,nan
4926,3.20132,0,nan,nan,nan
4927,3.20132,0,nan,nan,nan
4928,3.20132,0,nan,nan,nan
4929,3.20132,0,nan,nan,nan
4930,3.20132,0,nan,nan,nan
4931,3.20132,0,nan,nan,nan
4932,3.20132,0,nan,nan,nan
4933,3.20132,0,nan,nan,nan
4934,3.20132,0,nan,nan,nan
4935,3.20132,0,nan,nan,nan
4936,3.20132,0,nan,nan,nan
4937,3.20132,0,nan,nan,nan
4938,3.20132,0,nan,nan,nan
4939,3.20132,0,nan,nan,nan
4940,3.20132,0,nan,nan,nan
4941,3.20132,0,nan,nan,nan
4942,3.20132,0,nan,nan,nan
4943,3.20132,0,nan,nan,nan
4944,3.20132,0,nan,nan,nan
4945,3.20132,0,nan,nan,nan
4946,3.20132,0,nan,nan,nan
4947,3.20132,0,nan,nan,nan
4948,3.20132,0,nan,nan,nan
4949,3.20132,0,nan,nan,nan
4950,3.20132,0,nan,nan,nan
4951,3.20132,0,nan,nan,nan
4952,3.20132,0,nan,nan,nan
4953,3.20132,0,nan,nan,nan
4954,3.20132,0,nan,nan,nan
4955,3.20132,0,nan,nan,nan
4956,3.20132,0,nan,nan,nan
4957,3.20132,0,nan,nan,nan
4958,3.20132,0,nan,nan,nan
4959,3.20132,0,nan,nan,nan
4960,3.20132,0,nan,nan,nan
4961,3.20132,0,nan,nan,nan
4962,3.20132,0,nan,nan,nan
4963,3.20132,0,nan,nan,nan
4964,3.20132,0,nan,nan,nan
4965,3.20132,0,nan,nan,nan
4966,3.20132,0,nan,nan,nan
4967,3.20132,0,nan,nan,nan
4968,3.20132,0,nan,nan,nan
4969,3.20132,0,nan,nan,nan
4970,3.20132,0,nan,nan,nan
4971,3.20132,0,nan,nan,nan
4972,3.20132,0,nan,nan,nan
4973,3.20132,0,nan,nan,nan
4974,3.20132,0,nan,nan,nan
4975,3.20132,0,nan,nan,nan
4976,3.20132,0,nan,nan,nan
4977,3.20132,0,nan,nan,nan
4978,3.20132,0,nan,nan,nan
4979,3.20132,0,nan,nan,nan
4980,3.20132,0,nan,nan,nan
4981,3.20132,0,nan,nan,nan
4982,3.20132,0,nan,nan,nan
4983,3.20132,0,nan,nan,nan
4984,3.20132,0,nan,nan,nan
4985,3.20132,0,nan,nan,nan
4986,3.20132,0,nan,nan,nan
4987,3.20132,0,nan,nan,nan
4988,3.20132,0,nan,nan,nan
4989,3.20132,0,nan,nan,nan
4990,3.20132,0,nan,nan,nan
4991,3.20132,0,nan,nan,nan
4992,3.20132,0,nan,nan,nan
4993,3.20132,0,nan,nan,nan
4994,3.20132,0,nan,nan,nan
4995,3.20132,0,nan,nan,nan
4996,3.20132,0,nan,nan,nan
4997,3.20132,0,nan,nan,nan
4998,3.20132,0,nan,nan,nan
4999,3.20132,0,nan,nan,nan
5000,3.20132,0,nan,nan,nan
5001,3.20132,0,nan,nan,nan
5002,3.20132,0,nan,nan,nan
5003,3.20132,0,nan,nan,nan
5004,3.20132,0,nan,nan,nan
5005,3.20132,0,nan,nan,nan
5006,3.20132,0,nan,nan,nan
5007,3.20132,0,nan,nan,nan
5008,3.20132,0,nan,nan,nan
5009,3.20132,0,nan,nan,nan
5010,3.20132,0,nan,nan,nan
5011,3.20132,0,nan,nan,nan
5012,3.20132,0,nan,nan,nan
5013,3.20132,0,nan,nan,nan
5014,3.20132,0,nan,nan,nan
5015,3.20132,0,nan,nan,nan
5016,3.20132,0,nan,nan,nan
5017,3.20132,0,nan,nan,nan
5018,3.20132,0,nan,nan,nan
5019,3.20132,0,nan,nan,nan
5020,3.20132,0,nan,nan,nan
5021,3.20132,0,nan,nan,nan
5022,3.20132,0,nan,nan,nan
5023,3.20132,0,nan,nan,nan
5024,3.20132,0,nan,nan,nan
5025,3.20132,0,nan,nan,nan
5026,3.20132,0,nan,nan,nan
5027,3.20132,0,nan,nan,nan
5028,3.20132,0,nan,nan,nan
5029,3.20132,0,nan,nan,nan
5030,3.20132,0,nan,nan,nan
5031,3.20132,0,nan,nan,nan
5032,3.20132,0,nan,nan,nan
5033,3.20132,0,nan,nan,nan
5034,3.20132,0,nan,nan,nan
5035,3.20132,0,nan,nan,nan
5036,3.20132,0,nan,nan,nan
5037,3.20132,0,nan,nan,nan
5038,3.20132,0,nan,nan,nan
5039,3.20132,0,nan,nan,nan
5040,3.20132,0,nan,nan,nan
5041,3.20132,0,nan,nan,nan
5042,3.20132,0,nan,nan,nan
5043,3.20132,0,nan,nan,nan
5044,3.20132,0,nan,nan,nan
5045,3.20132,0,nan,nan,nan
5046,3.20132,0,nan,nan,nan
5047,3.20132,0,nan,nan,nan
5048,3.20132,0,nan,nan,nan
5049,3.20132,0,nan,nan,nan
5050,3.20132,0,nan,nan,nan
5051,3.20132,0,nan,nan,nan
5052,3.20132,0,nan,nan,nan
5053,3.20132,0,nan,nan,nan
5054,3.20132,0,nan,nan,nan
5055,3.20132,0,nan,nan,nan
5056,3.20132,0,nan,nan,nan
5057,3.20132,0,nan,nan,nan
5058,3.20132,0,nan,nan,nan
5059,3.20132,0,nan,nan,nan
5060,3.20132,0,nan,nan,nan
5061,3.20132,0,nan,nan,nan
5062,3.20132,0,nan,nan,nan
5063,3.20132,0,nan,nan,nan
5064,3.20132,0,nan,nan,nan
5065,3.20132,0,nan,nan,nan
5066,3.20132,0,nan,nan,nan
5067,3.20132,0,nan,nan,nan
5068,3.20132,0,nan,nan,nan
5069,3.20132,0,nan,nan,nan
5070,3.20132,0,nan,nan,nan
5071,3.20132,0,nan,nan,nan
5072,3.20132,0,nan,nan,nan
5073,3.20132,0,nan,nan,nan
5074,3.20132,0,nan,nan,nan
5075,3.20132,0,nan,nan,nan
5076,3.20132,0,nan,nan,nan
5077,3.20132,0,nan,nan,nan
5078,3.20132,0,nan,nan,nan
5079,3.20132,0,nan,nan,nan
5080,3.20132,0,nan,nan,nan
5081,3.20132,0,nan,nan,nan
5082,3.20132,0,nan,nan,nan
5083,3.20132,0,nan,nan,nan
5084,3.20132,0,nan,nan,nan
5085,3.20132,0,nan,nan,nan
5086,3.20132,0,nan,nan,nan
5087,3.20132,0,nan,nan,nan
5088,3.20132,0,nan,nan,nan
5089,3.20132,0,nan,nan,nan
5090,3.20132,0,nan,nan,nan
5091,3.20132,0,nan,nan,nan
5092,3.20132,0,nan,nan,nan
5093,3.20132,0,nan,nan,nan
5094,3.20132,0,nan,nan,nan
5095,3.20132,0,nan,nan,nan
5096,3.20132,0,nan,nan,nan
5097,3.20132,0,nan,nan,nan
5098,3.20132,0,nan,nan,nan
5099,3.20132,0,nan,nan,nan
5100,3.20132,0,nan,nan,nan
5101,3.20132,0,nan,nan,nan
5102,3.20132,0,nan,nan,nan
5103,3.20132,0,nan,nan,nan
5104,3.20132,0,nan,nan,nan
5105,3.20132,0,nan,nan,nan
5106,3.20132,0,nan,nan,nan
5107,3.20132,0,nan,nan,nan
5108,3.20132,0,nan,nan,nan
5109,3.20132,0,nan,nan,nan
5110,3.20132,0,nan,nan,nan
5111,3.20132,0,nan,nan,nan
5112,3.20132,0,nan,nan,nan
5113,3.20132,0,nan,nan,nan
5114,3.20132,0,nan,nan,nan
5115,3.20132,0,nan,nan,nan
5116,3.20132,0,nan,nan,nan
5117,3.20132,0,nan,nan,nan
5118,3.20132,0,nan,nan,nan
5119,3.20132,0,nan,nan,nan
5120,3.20132,0,nan,nan,nan
5121,3.20132,0,nan,nan,nan
5122,3.20132,0,nan,nan,nan
5123,3.20132,0,nan,nan,nan
5124,3.20132,0,nan,nan,nan
5125,3.20132,0,nan,nan,nan
5126,3.20132,0,nan,nan,nan
5127,3.20132,0,nan,nan,nan
5128,3.20132,0,nan,nan,nan
5129,3.20132,0,nan,nan,nan
5130,3.20132,0,nan,nan,nan
5131,3.20132,0,nan,nan,nan
5132,3.20132,0,nan,nan,nan
5133,3.20132,0,nan,nan,nan
5134,3.20132,0,nan,nan,nan
5135,3.20132,0,nan,nan,nan
5136,3.20132,0,nan,nan,nan
5137,3.20132,0,nan,nan,nan
5138,3.20132,0,nan,nan,nan
5139,3.20132,0,nan,nan,nan
5140,3.20132,0,nan,nan,nan
5141,3.20132,0,nan,nan,nan
5142,3.20132,0,nan,nan,nan
5143,3.20132,0,nan,nan,nan
5144,3.20132,0,nan,nan,nan
5145,3.20132,0,nan,nan,nan
5146,3.20132,0,nan,nan,nan
5147,3.20132,0,nan,nan,nan
5148,3.20132,0,nan,nan,nan
5149,3.20132,0,nan,nan,nan
5150,3.20132,0,nan,nan,nan
5151,3.20132,0,nan,nan,nan
5152,3.20132,0,nan,nan,nan
5153,3.20132,0,nan,nan,nan
5154,3.20132,0,nan,nan,nan
5155,3.20132,0,nan,nan,nan
5156,3.20132,0,nan,nan,nan
5157,3.20132,0,nan,nan,nan
5158,3.20132,0,nan,nan,nan
5159,3.20132,0,nan,nan,nan
5160,3.20132,0,nan,nan,nan
5161,3.20132,0,nan,nan,nan
5162,3.20132,0,nan,nan,nan
5163,3.20132,0,nan,nan,nan
5164,3.20132,0,nan,nan,nan
5165,3.20132,0,nan,nan,nan
5166,3.20132,0,nan,nan,nan
5167,3.20132,0,nan,nan,nan
5168,3.20132,0,nan,nan,nan
5169,3.20132,0,nan,nan,nan
5170,3.20132,0,nan,nan,nan
5171,3.20132,0,nan,nan,nan
5172,3.20132,0,nan,nan,nan
5173,3.20132,0,nan,nan,nan
5174,3.20132,0,nan,nan,nan
5175,3.20132,0,nan,nan,nan
5176,3.20132,0,nan,nan,nan
5177,3.20132,0,nan,nan,nan
5178,3.20132,0,nan,nan,nan
5179,3.20132,0,nan,nan,nan
5180,3.20132,0,nan,nan,nan
5181,3.20132,0,nan,nan,nan
5182,3.20132,0,nan,nan,nan
5183,3.20132,0,nan,nan,nan
5184,3.20132,0,nan,nan,nan
5185,3.20132,0,nan,nan,nan
5186,3.20132,0,nan,nan,nan
5187,3.20132,0,nan,nan,nan
5188,3.20132,0,nan,nan,nan
5189,3.20132,0,nan,nan,nan
5190,3.20132,0,nan,nan,nan
5191,3.20132,0,nan,nan,nan
5192,3.20132,0,nan,nan,nan
5193,3.20132,0,nan,nan,nan
5194,3.20132,0,nan,nan,nan
5195,3.20132,0,nan,nan,nan
5196,3.20132,0,nan,nan,nan
5197,3.20132,0,nan,nan,nan
5198,3.20132,0,nan,nan,nan
5199,3.20132,0,nan,nan,nan
5200,3.20132,0,nan,nan,nan
5201,3.20132,0,nan,nan,nan
5202,3.20132,0,nan,nan,nan
5203,3.20132,0,nan,nan,nan
5204,3.20132,0,nan,nan,nan
5205,3.20132,0,nan,nan,nan
5206,3.20132,0,nan,nan,nan
5207,3.20132,0,nan,nan,nan
5208,3.20132,0,nan,nan,nan
5209,3.20132,0,nan,nan,nan
5210,3.20132,0,nan,nan,nan
5211,3.20132,0,nan,nan,nan
5212,3.20132,0,nan,nan,nan
5213,3.20132,0,nan,nan,nan
5214,3.20132,0,nan,nan,nan
5215,3.20132,0,nan,nan,nan
5216,3.20132,0,nan,nan,nan
5217,3.20132,0,nan,nan,nan
5218,3.20132,0,nan,nan,nan
5219,3.20132,0,nan,nan,nan
5220,3.20132,0,nan,nan,nan
5221,3.20132,0,nan,nan,nan
5222,3.20132,0,nan,nan,nan
5223,3.20132,0,nan,nan,nan
5224,3.20132,0,nan,nan,nan
5225,3.20132,0,nan,nan,nan
5226,3.20132,0,nan,nan,nan
5227,3.20132,0,nan,nan,nan
5228,3.20132,0,nan,nan,nan
5229,3.20132,0,nan,nan,nan
5230,3.20132,0,nan,nan,nan
5231,3.20132,0,nan,nan,nan
5232,3.20132,0,nan,nan,nan
5233,3.20132,0,nan,nan,nan
5234,3.20132,0,nan,nan,nan
5235,3.20132,0,nan,nan,nan
5236,3.20132,0,nan,nan,nan
5237,3.20132,0,nan,nan,nan
5238,3.20132,0,nan,nan,nan
5239,3.20132,0,nan,nan,nan
5240,3.20132,0,nan,nan,nan
5241,3.20132,0,nan,nan,nan
5242,3.20132,0,nan,nan,nan
5243,3.20132,0,nan,nan,nan
5244,3.20132,0,nan,nan,nan
5245,3.20132,0,nan,nan,nan
5246,3.20132,0,nan,nan,nan
5247,3.20132,0,nan,nan,nan
5248,3.20132,0,nan,nan,nan
5249,3.20132,0,nan,nan,nan
5250,3.20132,0,nan,nan,nan
5251,3.20132,0,nan,nan,nan
5252,3.20132,0,nan,nan,nan
5253,3.20132,0,nan,nan,nan
5254,3.20132,0,nan,nan,nan
5255,3.20132,0,nan,nan,nan
5256,3.20132,0,nan,nan,nan
5257,3.20132,0,nan,nan,nan
5258,3.20132,0,nan,nan,nan
5259,3.20132,0,nan,nan,nan
5260,3.20132,0,nan,nan,nan
5261,3.20132,0,nan,nan,nan
5262,3.20132,0,nan,nan,nan
5263,3.20132,0,nan,nan,nan
5264,3.20132,0,nan,nan,nan
5265,3.20132,0,nan,nan,nan
5266,3.20132,0,nan,nan,nan
5267,3.20132,0,nan,nan,nan
5268,3.20132,0,nan,nan,nan
5269,3.20132,0,nan,nan,nan
5270,3.20132,0,nan,nan,nan
5271,3.20132,0,nan,nan,nan
5272,3.20132,0,nan,nan,nan
5273,3.20132,0,nan,nan,nan
5274,3.20132,0,nan,nan,nan
5275,3.20132,0,nan,nan,nan
5276,3.20132,0,nan,nan,nan
5277,3.20132,0,nan,nan,nan
5278,3.20132,0,nan,nan,nan
5279,3.20132,0,nan,nan,nan
5280,3.20132,0,nan,nan,nan
5281,3.20132,0,nan,nan,nan
5282,3.20132,0,nan,nan,nan
5283,3.20132,0,nan,nan,nan
5284,3.20132,0,nan,nan,nan
5285,3.20132,0,nan,nan,nan
5286,3.20132,0,nan,nan,nan
5287,3.20132,0,nan,nan,nan
5288,3.20132,0,nan,nan,nan
5289,3.20132,0,nan,nan,nan
5290,3.20132,0,nan,nan,nan
5291,3.20132,0,nan,nan,nan
5292,3.20132,0,nan,nan,nan
5293,3.20132,0,nan,nan,nan
5294,3.20132,0,nan,nan,nan
5295,3.20132,0,nan,nan,nan
5296,3.20132,0,nan,nan,nan
5297,3.20132,0,nan,nan,nan
5298,3.20132,0,nan,nan,nan
5299,3.20132,0,nan,nan,nan
5300,3.20132,0,nan,nan,nan
5301,3.20132,0,nan,nan,nan
5302,3.20132,0,nan,nan,nan
5303,3.20132,0,nan,nan,nan
5304,3.20132,0,nan,nan,nan
5305,3.20132,0,nan,nan,nan
5306,3.20132,0,nan,nan,nan
5307,3.20132,0,nan,nan,nan
5308,3.20132,0,nan,nan,nan
5309,3.20132,0,nan,nan,nan
5310,3.20132,0,nan,nan,nan
5311,3.20132,0,nan,nan,nan
5312,3.20132,0,nan,nan,nan
5313,3.20132,0,nan,nan,nan
5314,3.20132,0,nan,nan,nan
5315,3.20132,0,nan,nan,nan
5316,3.20132,0,nan,nan,nan
5317,3.20132,0,nan,nan,nan
5318,3.20132,0,nan,nan,nan
5319,3.20132,0,nan,nan,nan
5320,3.20132,0,nan,nan,nan
5321,3.20132,0,nan,nan,nan
5322,3.20132,0,nan,nan,nan
5323,3.20132,0,nan,nan,nan
5324,3.20132,0,nan,nan,nan
5325,3.20132,0,nan,nan,nan
5326,3.20132,0,nan,nan,nan
5327,3.20132,0,nan,nan,nan
5328,3.20132,0,nan,nan,nan
5329,3.20132,0,nan,nan,nan
5330,3.20132,0,nan,nan,nan
5331,3.20132,0,nan,nan,nan
5332,3.20132,0,nan,nan,nan
5333,3.20132,0,nan,nan,nan
5334,3.20132,0,nan,nan,nan
5335,3.20132,0,nan,nan,nan
5336,3.20132,0,nan,nan,nan
5337,3.20132,0,nan,nan,nan
5338,3.20132,0,nan,nan,nan
5339,3.20132,0,nan,nan,nan
5340,3.20132,0,nan,nan,nan
5341,3.20132,0,nan,nan,nan
5342,3.20132,0,nan,nan,nan
5343,3.20132,0,nan,nan,nan
5344,3.20132,0,nan,nan,nan
5345,3.20132,0,nan,nan,nan
5346,3.20132,0,nan,nan,nan
5347,3.20132,0,nan,nan,nan
5348,3.20132,0,nan,nan,nan
5349,3.20132,0,nan,nan,nan
5350,3.20132,0,nan,nan,nan
5351,3.20132,0,nan,nan,nan
5352,3.20132,0,nan,nan,nan
5353,3.20132,0,nan,nan,nan
5354,3.20132,0,nan,nan,nan
5355,3.20132,0,nan,nan,nan
5356,3.20132,0,nan,nan,nan
5357,3.20132,0,nan,nan,nan
5358,3.20132,0,nan,nan,nan
5359,3.20132,0,nan,nan,nan
5360,3.20132,0,nan,nan,nan
5361,3.20132,0,nan,nan,nan
5362,3.20132,0,nan,nan,nan
5363,3.20132,0,nan,nan,nan
5364,3.20132,0,nan,nan,nan
5365,3.20132,0,nan,nan,nan
5366,3.20132,0,nan,nan,nan
5367,3.20132,0,nan,nan,nan
5368,3.20132,0,nan,nan,nan
5369,3.20132,0,nan,nan,nan
5370,3.20132,0,nan,nan,nan
5371,3.20132,0,nan,nan,nan
5372,3.20132,0,nan,nan,nan
5373,3.20132,0,nan,nan,nan
5374,3.20132,0,nan,nan,nan
5375,3.20132,0,nan,nan,nan
5376,3.20132,0,nan,nan,nan
5377,3.20132,0,nan,nan,nan
5378,3.20132,0,nan,nan,nan
5379,3.20132,0,nan,nan,nan
5380,3.20132,0,nan,nan,nan
5381,3.20132,0,nan,nan,nan
5382,3.20132,0,nan,nan,nan
5383,3.20132,0,nan,nan,nan
5384,3.20132,0,nan,nan,nan
5385,3.20132,0,nan,nan,nan
5386,3.20132,0,nan,nan,nan
5387,3.20132,0,nan,nan,nan
5388,3.20132,0,nan,nan,nan
5389,3.20132,0,nan,nan,nan
5390,3.20132,0,nan,nan,nan
5391,3.20132,0,nan,nan,nan
5392,3.20132,0,nan,nan,nan
5393,3.20132,0,nan,nan,nan
5394,3.20132,0,nan,nan,nan
5395,3.20132,0,nan,nan,nan
5396,3.20132,0,nan,nan,nan
5397,3.20132,0,nan,nan,nan
5398,3.20132,0,nan,nan,nan
5399,3.20132,0,nan,nan,nan
5400,3.20132,0,nan,nan,nan
5401,3.20132,0,nan,nan,nan
5402,3.20132,0,nan,nan,nan
5403,3.20132,0,nan,nan,nan
5404,3.20132,0,nan,nan,nan
5405,3.20132,0,nan,nan,nan
5406,3.20132,0,nan,nan,nan
5407,3.20132,0,nan,nan,nan
5408,3.20132,0,nan,nan,nan
5409,3.20132,0,nan,nan,nan
5410,3.20132,0,nan,nan,nan
5411,3.20132,0,nan,nan,nan
5412,3.20132,0,nan,nan,nan
5413,3.20132,0,nan,nan,nan
5414,3.20132,0,nan,nan,nan
5415,3.20132,0,nan,nan,nan
5416,3.20132,0,nan,nan,nan
5417,3.20132,0,nan,nan,nan
5418,3.20132,0,nan,nan,nan
5419,3.20132,0,nan,nan,nan
5420,3.20132,0,nan,nan,nan
5421,3.20132,0,nan,nan,nan
5422,3.20132,0,nan,nan,nan
5423,3.20132,0,nan,nan,nan
5424,3.20132,0,nan,nan,nan
5425,3.20132,0,nan,nan,nan
5426,3.20132,0,nan,nan,nan
5427,3.20132,0,nan,nan,nan
5428,3.20132,0,nan,nan,nan
5429,3.20132,0,nan,nan,nan
5430,3.20132,0,nan,nan,nan
5431,3.20132,0,nan,nan,nan
5432,3.20132,0,nan,nan,nan
5433,3.20132,0,nan,nan,nan
5434,3.20132,0,nan,nan,nan
5435,3.20132,0,nan,nan,nan
5436,3.20132,0,nan,nan,nan
5437,3.20132,0,nan,nan,nan
5438,3.20132,0,nan,nan,nan
5439,3.20132,0,nan,nan,nan
5440,3.20132,0,nan,nan,nan
5441,3.20132,0,nan,nan,nan
5442,3.20132,0,nan,nan,nan
5443,3.20132,0,nan,nan,nan
5444,3.20132,0,nan,nan,nan
5445,3.20132,0,nan,nan,nan
5446,3.20132,0,nan,nan,nan
5447,3.20132,0,nan,nan,nan
5448,3.20132,0,nan,nan,nan
5449,3.20132,0,nan,nan,nan
5450,3.20132,0,nan,nan,nan
5451,3.20132,0,nan,nan,nan
5452,3.20132,0,nan,nan,nan
5453,3.20132,0,nan,nan,nan
5454,3.20132,0,nan,nan,nan
5455,3.20132,0,nan,nan,nan
5456,3.20132,0,nan,nan,nan
5457,3.20132,0,nan,nan,nan
5458,3.20132,0,nan,nan,nan
5459,3.20132,0,nan,nan,nan
5460,3.20132,0,nan,nan,nan
5461,3.20132,0,nan,nan,nan
5462,3.20132,0,nan,nan,nan
5463,3.20132,0,nan,nan,nan
5464,3.20132,0,nan,nan,nan
5465,3.20132,0,nan,nan,nan
5466,3.20132,0,nan,nan,nan
5467,3.20132,0,nan,nan,nan
5468,3.20132,0,nan,nan,nan
5469,3.20132,0,nan,nan,nan
5470,3.20132,0,nan,nan,nan
5471,3.20132,0,nan,nan,nan
5472,3.20132,0,nan,nan,nan
5473,3.20132,0,nan,nan,nan
5474,3.20132,0,nan,nan,nan
5475,3.20132,0,nan,nan,nan
5476,3.20132,0,nan,nan,nan
5477,3.20132,0,nan,nan,nan
5478,3.20132,0,nan,nan,nan
5479,3.20132,0,nan,nan,nan
5480,3.20132,0,nan,nan,nan
5481,3.20132,0,nan,nan,nan
5482,3.20132,0,nan,nan,nan
5483,3.20132,0,nan,nan,nan
5484,3.20132,0,nan,nan,nan
5485,3.20132,0,nan,nan,nan
5486,3.20132,0,nan,nan,nan
5487,3.20132,0,nan,nan,nan
5488,3.20132,0,nan,nan,nan
5489,3.20132,0,nan,nan,nan
5490,3.20132,0,nan,nan,nan
5491,3.20132,0,nan,nan,nan
5492,3.20132,0,nan,nan,nan
5493,3.20132,0,nan,nan,nan
5494,3.20132,0,nan,nan,nan
5495,3.20132,0,nan,nan,nan
5496,3.20132,0,nan,nan,nan
5497,3.20132,0,nan,nan,nan
5498,3.20132,0,nan,nan,nan
5499,3.20132,0,nan,nan,nan
5500,3.20132,0,nan,nan,nan
5501,3.20132,0,nan,nan,nan
5502,3.20132,0,nan,nan,nan
5503,3.20132,0,nan,nan,nan
5504,3.20132,0,nan,nan,nan
5505,3.20132,0,nan,nan,nan
5506,3.20132,0,nan,nan,nan
5507,3.20132,0,nan,nan,nan
5508,3.20132,0,nan,nan,nan
5509,3.20132,0,nan,nan,nan
5510,3.20132,0,nan,nan,nan
5511,3.20132,0,nan,nan,nan
5512,3.20132,0,nan,nan,nan
5513,3.20132,0,nan,nan,nan
5514,3.20132,0,nan,nan,nan
5515,3.20132,0,nan,nan,nan
5516,3.20132,0,nan,nan,nan
5517,3.20132,0,nan,nan,nan
5518,3.20132,0,nan,nan,nan
5519,3.20132,0,nan,nan,nan
5520,3.20132,0,nan,nan,nan
5521,3.20132,0,nan,nan,nan
5522,3.20132,0,nan,nan,nan
5523,3.20132,0,nan,nan,nan
5524,3.20132,0,nan,nan,nan
5525,3.20132,0,nan,nan,nan
5526,3.20132,0,nan,nan,nan
5527,3.20132,0,nan,nan,nan
5528,3.20132,0,nan,nan,nan
5529,3.20132,0,nan,nan,nan
5530,3.20132,0,nan,nan,nan
5531,3.20132,0,nan,nan,nan
5532,3.20132,0,nan,nan,nan
5533,3.20132,0,nan,nan,nan
5534,3.20132,0,nan,nan,nan
5535,3.20132,0,nan,nan,nan
5536,3.20132,0,nan,nan,nan
5537,3.20132,0,nan,nan,nan
5538,3.20132,0,nan,nan,nan
5539,3.20132,0,nan,nan,nan
5540,3.20132,0,nan,nan,nan
5541,3.20132,0,nan,nan,nan
5542,3.20132,0,nan,nan,nan
5543,3.20132,0,nan,nan,nan
5544,3.20132,0,nan,nan,nan
5545,3.20132,0,nan,nan,nan
5546,3.20132,0,nan,nan,nan
5547,3.20132,0,nan,nan,nan
5548,3.20132,0,nan,nan,nan
5549,3.20132,0,nan,nan,nan
5550,3.20132,0,nan,nan,nan
5551,3.20132,0,nan,nan,nan
5552,3.20132,0,nan,nan,nan
5553,3.20132,0,nan,nan,nan
5554,3.20132,0,nan,nan,nan
5555,3.20132,0,nan,nan,nan
5556,3.20132,0,nan,nan,nan
5557,3.20132,0,nan,nan,nan
5558,3.20132,0,nan,nan,nan
5559,3.20132,0,nan,nan,nan
5560,3.20132,0,nan,nan,nan
5561,3.20132,0,nan,nan,nan
5562,3.20132,0,nan,nan,nan
5563,3.20132,0,nan,nan,nan
5564,3.20132,0,nan,nan,nan
5565,3.20132,0,nan,nan,nan
5566,3.20132,0,nan,nan,nan
5567,3.20132,0,nan,nan,nan
5568,3.20132,0,nan,nan,nan
5569,3.20132,0,nan,nan,nan
5570,3.20132,0,nan,nan,nan
5571,3.20132,0,nan,nan,nan
5572,3.20132,0,nan,nan,nan
5573,3.20132,0,nan,nan,nan
5574,3.20132,0,nan,nan,nan
5575,3.20132,0,nan,nan,nan
5576,3.20132,0,nan,nan,nan
5577,3.20132,0,nan,nan,nan
5578,3.20132,0,nan,nan,nan
5579,3.20132,0,nan,nan,nan
5580,3.20132,0,nan,nan,nan
5581,3.20132,0,nan,nan,nan
5582,3.20132,0,nan,nan,nan
5583,3.20132,0,nan,nan,nan
5584,3.20132,0,nan,nan,nan
5585,3.20132,0,nan,nan,nan
5586,3.20132,0,nan,nan,nan
5587,3.20132,0,nan,nan,nan
5588,3.20132,0,nan,nan,nan
5589,3.20132,0,nan,nan,nan
5590,3.20132,0,nan,nan,nan
5591,3.20132,0,nan,nan,nan
5592,3.20132,0,nan,nan,nan
5593,3.20132,0,nan,nan,nan
5594,3.20132,0,nan,nan,nan
5595,3.20132,0,nan,nan,nan
5596,3.20132,0,nan,nan,nan
5597,3.20132,0,nan,nan,nan
5598,3.20132,0,nan,nan,nan
5599,3.20132,0,nan,nan,nan
5600,3.20132,0,nan,nan,nan
5601,3.20132,0,nan,nan,nan
5602,3.20132,0,nan,nan,nan
5603,3.20132,0,nan,nan,nan
5604,3.20132,0,nan,nan,nan
5605,3.20132,0,nan,nan,nan
5606,3.20132,0,nan,nan,nan
5607,3.20132,0,nan,nan,nan
5608,3.20132,0,nan,nan,nan
5609,3.20132,0,nan,nan,nan
5610,3.20132,0,nan,nan,nan
5611,3.20132,0,nan,nan,nan
5612,3.20132,0,nan,nan,nan
5613,3.20132,0,nan,nan,nan
5614,3.20132,0,nan,nan,nan
5615,3.20132,0,nan,nan,nan
5616,3.20132,0,nan,nan,nan
5617,3.20132,0,nan,nan,nan
5618,3.20132,0,nan,nan,nan
5619,3.20132,0,nan,nan,nan
5620,3.20132,0,nan,nan,nan
5621,3.20132,0,nan,nan,nan
5622,3.20132,0,nan,nan,nan
5623,3.20132,0,nan,nan,nan
5624,3.20132,0,nan,nan,nan
5625,3.20132,0,nan,nan,nan
5626,3.20132,0,nan,nan,nan
5627,3.20132,0,nan,nan,nan
5628,3.20132,0,nan,nan,nan
5629,3.20132,0,nan,nan,nan
5630,3.20132,0,nan,nan,nan
5631,3.20132,0,nan,nan,nan
5632,3.20132,0,nan,nan,nan
5633,3.20132,0,nan,nan,nan
5634,3.20132,0,nan,nan,nan
5635,3.20132,0,nan,nan,nan
5636,3.20132,0,nan,nan,nan
5637,3.20132,0,nan,nan,nan
5638,3.20132,0,nan,nan,nan
5639,3.20132,0,nan,nan,nan
5640,3.20132,0,nan,nan,nan
5641,3.20132,0,nan,nan,nan
5642,3.20132,0,nan,nan,nan
5643,3.20132,0,nan,nan,nan
5644,3.20132,0,nan,nan,nan
5645,3.20132,0,nan,nan,nan
5646,3.20132,0,nan,nan,nan
5647,3.20132,0,nan,nan,nan
5648,3.20132,0,nan,nan,nan
5649,3.20132,0,nan,nan,nan
5650,3.20132,0,nan,nan,nan
5651,3.20132,0,nan,nan,nan
5652,3.20132,0,nan,nan,nan
5653,3.20132,0,nan,nan,nan
5654,3.20132,0,nan,nan,nan
5655,3.20132,0,nan,nan,nan
5656,3.20132,0,nan,nan,nan
5657,3.20132,0,nan,nan,nan
5658,3.20132,0,nan,nan,nan
5659,3.20132,0,nan,nan,nan
5660,3.20132,0,nan,nan,nan
5661,3.20132,0,nan,nan,nan
5662,3.20132,0,nan,nan,nan
5663,3.20132,0,nan,nan,nan
5664,3.20132,0,nan,nan,nan
5665,3.20132,0,nan,nan,nan
5666,3.20132,0,nan,nan,nan
5667,3.20132,0,nan,nan,nan
5668,3.20132,0,nan,nan,nan
5669,3.20132,0,nan,nan,nan
5670,3.20132,0,nan,nan,nan
5671,3.20132,0,nan,nan,nan
5672,3.20132,0,nan,nan,nan
5673,3.20132,0,nan,nan,nan
5674,3.20132,0,nan,nan,nan
5675,3.20132,0,nan,nan,nan
5676,3.20132,0,nan,nan,nan
5677,3.20132,0,nan,nan,nan
5678,3.20132,0,nan,nan,nan
5679,3.20132,0,nan,nan,nan
5680,3.20132,0,nan,nan,nan
5681,3.20132,0,nan,nan,nan
5682,3.20132,0,nan,nan,nan
5683,3.20132,0,nan,nan,nan
5684,3.20132,0,nan,nan,nan
5685,3.20132,0,nan,nan,nan
5686,3.20132,0,nan,nan,nan
5687,3.20132,0,nan,nan,nan
5688,3.20132,0,nan,nan,nan
5689,3.20132,0,nan,nan,nan
5690,3.20132,0,nan,nan,nan
5691,3.20132,0,nan,nan,nan
5692,3.20132,0,nan,nan,nan
5693,3.20132,0,nan,nan,nan
5694,3.20132,0,nan,nan,nan
5695,3.20132,0,nan,nan,nan
5696,3.20132,0,nan,nan,nan
5697,3.20132,0,nan,nan,nan
5698,3.20132,0,nan,nan,nan
5699,3.20132,0,nan,nan,nan
5700,3.20132,0,nan,nan,nan
5701,3.20132,0,nan,nan,nan
5702,3.20132,0,nan,nan,nan
5703,3.20132,0,nan,nan,nan
5704,3.20132,0,nan,nan,nan
5705,3.20132,0,nan,nan,nan
5706,3.20132,0,nan,nan,nan
5707,3.20132,0,nan,nan,nan
5708,3.20132,0,nan,nan,nan
5709,3.20132,0,nan,nan,nan
5710,3.20132,0,nan,nan,nan
5711,3.20132,0,nan,nan,nan
5712,3.20132,0,nan,nan,nan
5713,3.20132,0,nan,nan,nan
5714,3.20132,0,nan,nan,nan
5715,3.20132,0,nan,nan,nan
5716,3.20132,0,nan,nan,nan
5717,3.20132,0,nan,nan,nan
5718,3.20132,0,nan,nan,nan
5719,3.20132,0,nan,nan,nan
5720,3.20132,0,nan,nan,nan
5721,3.20132,0,nan,nan,nan
5722,3.20132,0,nan,nan,nan
5723,3.20132,0,nan,nan,nan
5724,3.20132,0,nan,nan,nan
5725,3.20132,0,nan,nan,nan
5726,3.20132,0,nan,nan,nan
5727,3.20132,0,nan,nan,nan
5728,3.20132,0,nan,nan,nan
5729,3.20132,0,nan,nan,nan
5730,3.20132,0,nan,nan,nan
5731,3.20132,0,nan,nan,nan
5732,3.20132,0,nan,nan,nan
5733,3.20132,0,nan,nan,nan
5734,3.20132,0,nan,nan,nan
5735,3.20132,0,nan,nan,nan
5736,3.20132,0,nan,nan,nan
5737,3.20132,0,nan,nan,nan
5738,3.20132,0,nan,nan,nan
5739,3.20132,0,nan,nan,nan
5740,3.20132,0,nan,nan,nan
5741,3.20132,0,nan,nan,nan
5742,3.20132,0,nan,nan,nan
5743,3.20132,0,nan,nan,nan
5744,3.20132,0,nan,nan,nan
5745,3.20132,0,nan,nan,nan
5746,3.20132,0,nan,nan,nan
5747,3.20132,0,nan,nan,nan
5748,3.20132,0,nan,nan,nan
5749,3.20132,0,nan,nan,nan
5750,3.20132,0,nan,nan,nan
5751,3.20132,0,nan,nan,nan
5752,3.20132,0,nan,nan,nan
5753,3.20132,0,nan,nan,nan
5754,3.20132,0,nan,nan,nan
5755,3.20132,0,nan,nan,nan
5756,3.20132,0,nan,nan,nan
5757,3.20132,0,nan,nan,nan
5758,3.20132,0,nan,nan,nan
5759,3.20132,0,nan,nan,nan
5760,3.20132,0,nan,nan,nan
5761,3.20132,0,nan,nan,nan
5762,3.20132,0,nan,nan,nan
5763,3.20132,0,nan,nan,nan
5764,3.20132,0,nan,nan,nan
5765,3.20132,0,nan,nan,nan
5766,3.20132,0,nan,nan,nan
5767,3.20132,0,nan,nan,nan
5768,3.20132,0,nan,nan,nan
5769,3.20132,0,nan,nan,nan
5770,3.20132,0,nan,nan,nan
5771,3.20132,0,nan,nan,nan
5772,3.20132,0,nan,nan,nan
5773,3.20132,0,nan,nan,nan
5774,3.20132,0,nan,nan,nan
5775,3.20132,0,nan,nan,nan
5776,3.20132,0,nan,nan,nan
5777,3.20132,0,nan,nan,nan
5778,3.20132,0,nan,nan,nan
5779,3.20132,0,nan,nan,nan
5780,3.20132,0,nan,nan,nan
5781,3.20132,0,nan,nan,nan
5782,3.20132,0,nan,nan,nan
5783,3.20132,0,nan,nan,nan
5784,3.20132,0,nan,nan,nan
5785,3.20132,0,nan,nan,nan
5786,3.20132,0,nan,nan,nan
5787,3.20132,0,nan,nan,nan
5788,3.20132,0,nan,nan,nan
5789,3.20132,0,nan,nan,nan
5790,3.20132,0,nan,nan,nan
5791,3.20132,0,nan,nan,nan
5792,3.20132,0,nan,nan,nan
5793,3.20132,0,nan,nan,nan
5794,3.20132,0,nan,nan,nan
5795,3.20132,0,nan,nan,nan
5796,3.20132,0,nan,nan,nan
5797,3.20132,0,nan,nan,nan
5798,3.20132,0,nan,nan,nan
5799,3.20132,0,nan,nan,nan
5800,3.20132,0,nan,nan,nan
5801,3.20132,0,nan,nan,nan
5802,3.20132,0,nan,nan,nan
5803,3.20132,0,nan,nan,nan
5804,3.20132,0,nan,nan,nan
5805,3.20132,0,nan,nan,nan
5806,3.20132,0,nan,nan,nan
5807,3.20132,0,nan,nan,nan
5808,3.20132,0,nan,nan,nan
5809,3.20132,0,nan,nan,nan
5810,3.20132,0,nan,nan,nan
5811,3.20132,0,nan,nan,nan
5812,3.20132,0,nan,nan,nan
5813,3.20132,0,nan,nan,nan
5814,3.20132,0,nan,nan,nan
5815,3.20132,0,nan,nan,nan
5816,3.20132,0,nan,nan,nan
5817,3.20132,0,nan,nan,nan
5818,3.20132,0,nan,nan,nan
5819,3.20132,0,nan,nan,nan
5820,3.20132,0,nan,nan,nan
5821,3.20132,0,nan,nan,nan
5822,3.20132,0,nan,nan,nan
5823,3.20132,0,nan,nan,nan
5824,3.20132,0,nan,nan,nan
5825,3.20132,0,nan,nan,nan
5826,3.20132,0,nan,nan,nan
5827,3.20132,0,nan,nan,nan
5828,3.20132,0,nan,nan,nan
5829,3.20132,0,nan,nan,nan
5830,3.20132,0,nan,nan,nan
5831,3.20132,0,nan,nan,nan
5832,3.20132,0,nan,nan,nan
5833,3.20132,0,nan,nan,nan
5834,3.20132,0,nan,nan,nan
5835,3.20132,0,nan,nan,nan
5836,3.20132,0,nan,nan,nan
5837,3.20132,0,nan,nan,nan
5838,3.20132,0,nan,nan,nan
5839,3.20132,0,nan,nan,nan
5840,3.20132,0,nan,nan,nan
5841,3.20132,0,nan,nan,nan
5842,3.20132,0,nan,nan,nan
5843,3.20132,0,nan,nan,nan
5844,3.20132,0,nan,nan,nan
5845,3.20132,0,nan,nan,nan
5846,3.20132,0,nan,nan,nan
5847,3.20132,0,nan,nan,nan
5848,3.20132,0,nan,nan,nan
5849,3.20132,0,nan,nan,nan
5850,3.20132,0,nan,nan,nan
5851,3.20132,0,nan,nan,nan
5852,3.20132,0,nan,nan,nan
5853,3.20132,0,nan,nan,nan
5854,3.20132,0,nan,nan,nan
5855,3.20132,0,nan,nan,nan
5856,3.20132,0,nan,nan,nan
5857,3.20132,0,nan,nan,nan
5858,3.20132,0,nan,nan,nan
5859,3.20132,0,nan,nan,nan
5860,3.20132,0,nan,nan,nan
5861,3.20132,0,nan,nan,nan
5862,3.20132,0,nan,nan,nan
5863,3.20132,0,nan,nan,nan
5864,3.20132,0,nan,nan,nan
5865,3.20132,0,nan,nan,nan
5866,3.20132,0,nan,nan,nan
5867,3.20132,0,nan,nan,nan
5868,3.20132,0,nan,nan,nan
5869,3.20132,0,nan,nan,nan
5870,3.20132,0,nan,nan,nan
5871,3.20132,0,nan,nan,nan
5872,3.20132,0,nan,nan,nan
5873,3.20132,0,nan,nan,nan
5874,3.20132,0,nan,nan,nan
5875,3.20132,0,nan,nan,nan
5876,3.20132,0,nan,nan,nan
5877,3.20132,0,nan,nan,nan
5878,3.20132,0,nan,nan,nan
5879,3.20132,0,nan,nan,nan
5880,3.20132,0,nan,nan,nan
5881,3.20132,0,nan,nan,nan
5882,3.20132,0,nan,nan,nan
5883,3.20132,0,nan,nan,nan
5884,3.20132,0,nan,nan,nan
5885,3.20132,0,nan,nan,nan
5886,3.20132,0,nan,nan,nan
5887,3.20132,0,nan,nan,nan
5888,3.20132,0,nan,nan,nan
5889,3.20132,0,nan,nan,nan
5890,3.20132,0,nan,nan,nan
5891,3.20132,0,nan,nan,nan
5892,3.20132,0,nan,nan,nan
5893,3.20132,0,nan,nan,nan
5894,3.20132,0,nan,nan,nan
5895,3.20132,0,nan,nan,nan
5896,3.20132,0,nan,nan,nan
5897,3.20132,0,nan,nan,nan
5898,3.20132,0,nan,nan,nan
5899,3.20132,0,nan,nan,nan
5900,3.20132,0,nan,nan,nan
5901,3.20132,0,nan,nan,nan
5902,3.20132,0,nan,nan,nan
5903,3.20132,0,nan,nan,nan
5904,3.20132,0,nan,nan,nan
5905,3.20132,0,nan,nan,nan
5906,3.20132,0,nan,nan,nan
5907,3.20132,0,nan,nan,nan
5908,3.20132,0,nan,nan,nan
5909,3.20132,0,nan,nan,nan
5910,3.20132,0,nan,nan,nan
5911,3.20132,0,nan,nan,nan
5912,3.20132,0,nan,nan,nan
5913,3.20132,0,nan,nan,nan
5914,3.20132,0,nan,nan,nan
5915,3.20132,0,nan,nan,nan
5916,3.20132,0,nan,nan,nan
5917,3.20132,0,nan,nan,nan
5918,3.20132,0,nan,nan,nan
5919,3.20132,0,nan,nan,nan
5920,3.20132,0,nan,nan,nan
5921,3.20132,0,nan,nan,nan
5922,3.20132,0,nan,nan,nan
5923,3.20132,0,nan,nan,nan
5924,3.20132,0,nan,nan,nan
5925,3.20132,0,nan,nan,nan
5926,3.20132,0,nan,nan,nan
5927,3.20132,0,nan,nan,nan
5928,3.20132,0,nan,nan,nan
5929,3.20132,0,nan,nan,nan
5930,3.20132,0,nan,nan,nan
5931,3.20132,0,nan,nan,nan
5932,3.20132,0,nan,nan,nan
5933,3.20132,0,nan,nan,nan
5934,3.20132,0,nan,nan,nan
5935,3.20132,0,nan,nan,nan
5936,3.20132,0,nan,nan,nan
5937,3.20132,0,nan,nan,nan
5938,3.20132,0,nan,nan,nan
5939,3.20132,0,nan,nan,nan
5940,3.20132,0,nan,nan,nan
5941,3.20132,0,nan,nan,nan
5942,3.20132,0,nan,nan,nan
5943,3.20132,0,nan,nan,nan
5944,3.20132,0,nan,nan,nan
5945,3.20132,0,nan,nan,nan
5946,3.20132,0,nan,nan,nan
5947,3.20132,0,nan,nan,nan
5948,3.20132,0,nan,nan,nan
5949,3.20132,0,nan,nan,nan
5950,3.20132,0,nan,nan,nan
5951,3.20132,0,nan,nan,nan
5952,3.20132,0,nan,nan,nan
5953,3.20132,0,nan,nan,nan
5954,3.20132,0,nan,nan,nan
5955,3.20132,0,nan,nan,nan
5956,3.20132,0,nan,nan,nan
5957,3.20132,0,nan,nan,nan
5958,3.20132,0,nan,nan,nan
5959,3.20132,0,nan,nan,nan
5960,3.20132,0,nan,nan,nan
5961,3.20132,0,nan,nan,nan
5962,3.20132,0,nan,nan,nan
5963,3.20132,0,nan,nan,nan
5964,3.20132,0,nan,nan,nan
5965,3.20132,0,nan,nan,nan
5966,3.20132,0,nan,nan,nan
5967,3.20132,0,nan,nan,nan
5968,3.20132,0,nan,nan,nan
5969,3.20132,0,nan,nan,nan
5970,3.20132,0,nan,nan,nan
5971,3.20132,0,nan,nan,nan
5972,3.20132,0,nan,nan,nan
5973,3.20132,0,nan,nan,nan
5974,3.20132,0,nan,nan,nan
5975,3.20132,0,nan,nan,nan
5976,3.20132,0,nan,nan,nan
5977,3.20132,0,nan,nan,nan
5978,3.20132,0,nan,nan,nan
5979,3.20132,0,nan,nan,nan
5980,3.20132,0,nan,nan,nan
5981,3.20132,0,nan,nan,nan
5982,3.20132,0,nan,nan,nan
5983,3.20132,0,nan,nan,nan
5984,3.20132,0,nan,nan,nan
5985,3.20132,0,nan,nan,nan
5986,3.20132,0,nan,nan,nan
5987,3.20132,0,nan,nan,nan
5988,3.20132,0,nan,nan,nan
5989,3.20132,0,nan,nan,nan
5990,3.20132,0,nan,nan,nan
5991,3.20132,0,nan,nan,nan
5992,3.20132,0,nan,nan,nan
5993,3.20132,0,nan,nan,nan
5994,3.20132,0,nan,nan,nan
5995,3.20132,0,nan,nan,nan
5996,3.20132,0,nan,nan,nan
5997,3.20132,0,nan,nan,nan
5998,3.20132,0,nan,nan,nan
5999,3.20132,0,nan,nan,nan
6000,3.20132,0,nan,nan,nan
6001,3.20132,0,nan,nan,nan
6002,3.20132,0,nan,nan,nan
6003,3.20132,0,nan,nan,nan
6004,3.20132,0,nan,nan,nan
6005,3.20132,0,nan,nan,nan
6006,3.20132,0,nan,nan,nan
6007,3.20132,0,nan,nan,nan
6008,3.20132,0,nan,nan,nan
6009,3.20132,0,nan,nan,nan
6010,3.20132,0,nan,nan,nan
6011,3.20132,0,nan,nan,nan
6012,3.20132,0,nan,nan,nan
6013,3.20132,0,nan,nan,nan
6014,3.20132,0,nan,nan,nan
6015,3.20132,0,nan,nan,nan
6016,3.20132,0,nan,nan,nan
6017,3.20132,0,nan,nan,nan
6018,3.20132,0,nan,nan,nan
6019,3.20132,0,nan,nan,nan
6020,3.20132,0,nan,nan,nan
6021,3.20132,0,nan,nan,nan
6022,3.20132,0,nan,nan,nan
6023,3.20132,0,nan,nan,nan
6024,3.20132,0,nan,nan,nan
6025,3.20132,0,nan,nan,nan
6026,3.20132,0,nan,nan,nan
6027,3.20132,0,nan,nan,nan
6028,3.20132,0,nan,nan,nan
6029,3.20132,0,nan,nan,nan
6030,3.20132,0,nan,nan,nan
6031,3.20132,0,nan,nan,nan
6032,3.20132,0,nan,nan,nan
6033,3.20132,0,nan,nan,nan
6034,3.20132,0,nan,nan,nan
6035,3.20132,0,nan,nan,nan
6036,3.20132,0,nan,nan,nan
6037,3.20132,0,nan,nan,nan
6038,3.20132,0,nan,nan,nan
6039,3.20132,0,nan,nan,nan
6040,3.20132,0,nan,nan,nan
6041,3.20132,0,nan,nan,nan
6042,3.20132,0,nan,nan,nan
6043,3.20132,0,nan,nan,nan
6044,3.20132,0,nan,nan,nan
6045,3.20132,0,nan,nan,nan
6046,3.20132,0,nan,nan,nan
6047,3.20132,0,nan,nan,nan
6048,3.20132,0,nan,nan,nan
6049,3.20132,0,nan,nan,nan
6050,3.20132,0,nan,nan,nan
6051,3.20132,0,nan,nan,nan
6052,3.20132,0,nan,nan,nan
6053,3.20132,0,nan,nan,nan
6054,3.20132,0,nan,nan,nan
6055,3.20132,0,nan,nan,nan
6056,3.20132,0,nan,nan,nan
6057,3.20132,0,nan,nan,nan
6058,3.20132,0,nan,nan,nan
6059,3.20132,0,nan,nan,nan
6060,3.20132,0,nan,nan,nan
6061,3.20132,0,nan,nan,nan
6062,3.20132,0,nan,nan,nan
6063,3.20132,0,nan,nan,nan
6064,3.20132,0,nan,nan,nan
6065,3.20132,0,nan,nan,nan
6066,3.20132,0,nan,nan,nan
6067,3.20132,0,nan,nan,nan
6068,3.20132,0,nan,nan,nan
6069,3.20132,0,nan,nan,nan
6070,3.20132,0,nan,nan,nan
6071,3.20132,0,nan,nan,nan
6072,3.20132,0,nan,nan,nan
6073,3.20132,0,nan,nan,nan
6074,3.20132,0,nan,nan,nan
6075,3.20132,0,nan,nan,nan
6076,3.20132,0,nan,nan,nan
6077,3.20132,0,nan,nan,nan
6078,3.20132,0,nan,nan,nan
6079,3.20132,0,nan,nan,nan
6080,3.20132,0,nan,nan,nan
6081,3.20132,0,nan,nan,nan
6082,3.20132,0,nan,nan,nan
6083,3.20132,0,nan,nan,nan
6084,3.20132,0,nan,nan,nan
6085,3.20132,0,nan,nan,nan
6086,3.20132,0,nan,nan,nan
6087,3.20132,0,nan,nan,nan
6088,3.20132,0,nan,nan,nan
6089,3.20132,0,nan,nan,nan
6090,3.20132,0,nan,nan,nan
6091,3.20132,0,nan,nan,nan
6092,3.20132,0,nan,nan,nan
6093,3.20132,0,nan,nan,nan
6094,3.20132,0,nan,nan,nan
6095,3.20132,0,nan,nan,nan
6096,3.20132,0,nan,nan,nan
6097,3.20132,0,nan,nan,nan
6098,3.20132,0,nan,nan,nan
6099,3.20132,0,nan,nan,nan
6100,3.20132,0,nan,nan,nan
6101,3.20132,0,nan,nan,nan
6102,3.20132,0,nan,nan,nan
6103,3.20132,0,nan,nan,nan
6104,3.20132,0,nan,nan,nan
6105,3.20132,0,nan,nan,nan
6106,3.20132,0,nan,nan,nan
6107,3.20132,0,nan,nan,nan
6108,3.20132,0,nan,nan,nan
6109,3.20132,0,nan,nan,nan
6110,3.20132,0,nan,nan,nan
6111,3.20132,0,nan,nan,nan
6112,3.20132,0,nan,nan,nan
6113,3.20132,0,nan,nan,nan
6114,3.20132,0,nan,nan,nan
6115,3.20132,0,nan,nan,nan
6116,3.20132,0,nan,nan,nan
6117,3.20132,0,nan,nan,nan
6118,3.20132,0,nan,nan,nan
6119,3.20132,0,nan,nan,nan
6120,3.20132,0,nan,nan,nan
6121,3.20132,0,nan,nan,nan
6122,3.20132,0,nan,nan,nan
6123,3.20132,0,nan,nan,nan
6124,3.20132,0,nan,nan,nan
6125,3.20132,0,nan,nan,nan
6126,3.20132,0,nan,nan,nan
6127,3.20132,0,nan,nan,nan
6128,3.20132,0,nan,nan,nan
6129,3.20132,0,nan,nan,nan
6130,3.20132,0,nan,nan,nan
6131,3.20132,0,nan,nan,nan
6132,3.20132,0,nan,nan,nan
6133,3.20132,0,nan,nan,nan
6134,3.20132,0,nan,nan,nan
6135,3.20132,0,nan,nan,nan
6136,3.20132,0,nan,nan,nan
6137,3.20132,0,nan,nan,nan
6138,3.20132,0,nan,nan,nan
6139,3.20132,0,nan,nan,nan
6140,3.20132,0,nan,nan,nan
6141,3.20132,0,nan,nan,nan
6142,3.20132,0,nan,nan,nan
6143,3.20132,0,nan,nan,nan
6144,3.20132,0,nan,nan,nan
6145,3.20132,0,nan,nan,nan
6146,3.20132,0,nan,nan,nan
6147,3.20132,0,nan,nan,nan
6148,3.20132,0,nan,nan,nan
6149,3.20132,0,nan,nan,nan
6150,3.20132,0,nan,nan,nan
6151,3.20132,0,nan,nan,nan
6152,3.20132,0,nan,nan,nan
6153,3.20132,0,nan,nan,nan
6154,3.20132,0,nan,nan,nan
6155,3.20132,0,nan,nan,nan
6156,3.20132,0,nan,nan,nan
6157,3.20132,0,nan,nan,nan
6158,3.20132,0,nan,nan,nan
6159,3.20132,0,nan,nan,nan
6160,3.20132,0,nan,nan,nan
6161,3.20132,0,nan,nan,nan
6162,3.20132,0,nan,nan,nan
6163,3.20132,0,nan,nan,nan
6164,3.20132,0,nan,nan,nan
6165,3.20132,0,nan,nan,nan
6166,3.20132,0,nan,nan,nan
6167,3.20132,0,nan,nan,nan
6168,3.20132,0,nan,nan,nan
6169,3.20132,0,nan,nan,nan
6170,3.20132,0,nan,nan,nan
6171,3.20132,0,nan,nan,nan
6172,3.20132,0,nan,nan,nan
6173,3.20132,0,nan,nan,nan
6174,3.20132,0,nan,nan,nan
6175,3.20132,0,nan,nan,nan
6176,3.20132,0,nan,nan,nan
6177,3.20132,0,nan,nan,nan
6178,3.20132,0,nan,nan,nan
6179,3.20132,0,nan,nan,nan
6180,3.20132,0,nan,nan,nan
6181,3.20132,0,nan,nan,nan
6182,3.20132,0,nan,nan,nan
6183,3.20132,0,nan,nan,nan
6184,3.20132,0,nan,nan,nan
6185,3.20132,0,nan,nan,nan
6186,3.20132,0,nan,nan,nan
6187,3.20132,0,nan,nan,nan
6188,3.20132,0,nan,nan,nan
6189,3.20132,0,nan,nan,nan
6190,3.20132,0,nan,nan,nan
6191,3.20132,0,nan,nan,nan
6192,3.20132,0,nan,nan,nan
6193,3.20132,0,nan,nan,nan
6194,3.20132,0,nan,nan,nan
6195,3.20132,0,nan,nan,nan
6196,3.20132,0,nan,nan,nan
6197,3.20132,0,nan,nan,nan
6198,3.20132,0,nan,nan,nan
6199,3.20132,0,nan,nan,nan
6200,3.20132,0,nan,nan,nan
6201,3.20132,0,nan,nan,nan
6202,3.20132,0,nan,nan,nan
6203,3.20132,0,nan,nan,nan
6204,3.20132,0,nan,nan,nan
6205,3.20132,0,nan,nan,nan
6206,3.20132,0,nan,nan,nan
6207,3.20132,0,nan,nan,nan
6208,3.20132,0,nan,nan,nan
6209,3.20132,0,nan,nan,nan
6210,3.20132,0,nan,nan,nan
6211,3.20132,0,nan,nan,nan
6212,3.20132,0,nan,nan,nan
6213,3.20132,0,nan,nan,nan
6214,3.20132,0,nan,nan,nan
6215,3.20132,0,nan,nan,nan
6216,3.20132,0,nan,nan,nan
6217,3.20132,0,nan,nan,nan
6218,3.20132,0,nan,nan,nan
6219,3.20132,0,nan,nan,nan
6220,3.20132,0,nan,nan,nan
6221,3.20132,0,nan,nan,nan
6222,3.20132,0,nan,nan,nan
6223,3.20132,0,nan,nan,nan
6224,3.20132,0,nan,nan,nan
6225,3.20132,0,nan,nan,nan
6226,3.20132,0,nan,nan,nan
6227,3.20132,0,nan,nan,nan
6228,3.20132,0,nan,nan,nan
6229,3.20132,0,nan,nan,nan
6230,3.20132,0,nan,nan,nan
6231,3.20132,0,nan,nan,nan
6232,3.20132,0,nan,nan,nan
6233,3.20132,0,nan,nan,nan
6234,3.20132,0,nan,nan,nan
6235,3.20132,0,nan,nan,nan
6236,3.20132,0,nan,nan,nan
6237,3.20132,0,nan,nan,nan
6238,3.20132,0,nan,nan,nan
6239,3.20132,0,nan,nan,nan
6240,3.20132,0,nan,nan,nan
6241,3.20132,0,nan,nan,nan
6242,3.20132,0,nan,nan,nan
6243,3.20132,0,nan,nan,nan
6244,3.20132,0,nan,nan,nan
6245,3.20132,0,nan,nan,nan
6246,3.20132,0,nan,nan,nan
6247,3.20132,0,nan,nan,nan
6248,3.20132,0,nan,nan,nan
6249,3.20132,0,nan,nan,nan
6250,3.20132,0,nan,nan,nan
6251,3.20132,0,nan,nan,nan
6252,3.20132,0,nan,nan,nan
6253,3.20132,0,nan,nan,nan
6254,3.20132,0,nan,nan,nan
6255,3.20132,0,nan,nan,nan
6256,3.20132,0,nan,nan,nan
6257,3.20132,0,nan,nan,nan
6258,3.20132,0,nan,nan,nan
6259,3.20132,0,nan,nan,nan
6260,3.20132,0,nan,nan,nan
6261,3.20132,0,nan,nan,nan
6262,3.20132,0,nan,nan,nan
6263,3.20132,0,nan,nan,nan
6264,3.20132,0,nan,nan,nan
6265,3.20132,0,nan,nan,nan
6266,3.20132,0,nan,nan,nan
6267,3.20132,0,nan,nan,nan
6268,3.20132,0,nan,nan,nan
6269,3.20132,0,nan,nan,nan
6270,3.20132,0,nan,nan,nan
6271,3.20132,0,nan,nan,nan
6272,3.20132,0,nan,nan,nan
6273,3.20132,0,nan,nan,nan
6274,3.20132,0,nan,nan,nan
6275,3.20132,0,nan,nan,nan
6276,3.20132,0,nan,nan,nan
6277,3.20132,0,nan,nan,nan
6278,3.20132,0,nan,nan,nan
6279,3.20132,0,nan,nan,nan
6280,3.20132,0,nan,nan,nan
6281,3.20132,0,nan,nan,nan
6282,3.20132,0,nan,nan,nan
6283,3.20132,0,nan,nan,nan
6284,3.20132,0,nan,nan,nan
6285,3.20132,0,nan,nan,nan
6286,3.20132,0,nan,nan,nan
6287,3.20132,0,nan,nan,nan
6288,3.20132,0,nan,nan,nan
6289,3.20132,0,nan,nan,nan
6290,3.20132,0,nan,nan,nan
6291,3.20132,0,nan,nan,nan
6292,3.20132,0,nan,nan,nan
6293,3.20132,0,nan,nan,nan
6294,3.20132,0,nan,nan,nan
6295,3.20132,0,nan,nan,nan
6296,3.20132,0,nan,nan,nan
6297,3.20132,0,nan,nan,nan
6298,3.20132,0,nan,nan,nan
6299,3.20132,0,nan,nan,nan
6300,3.20132,0,nan,nan,nan
6301,3.20132,0,nan,nan,nan
6302,3.20132,0,nan,nan,nan
6303,3.20132,0,nan,nan,nan
6304,3.20132,0,nan,nan,nan
6305,3.20132,0,nan,nan,nan
6306,3.20132,0,nan,nan,nan
6307,3.20132,0,nan,nan,nan
6308,3.20132,0,nan,nan,nan
6309,3.20132,0,nan,nan,nan
6310,3.20132,0,nan,nan,nan
6311,3.20132,0,nan,nan,nan
6312,3.20132,0,nan,nan,nan
6313,3.20132,0,nan,nan,nan
6314,3.20132,0,nan,nan,nan
6315,3.20132,0,nan,nan,nan
6316,3.20132,0,nan,nan,nan
6317,3.20132,0,nan,nan,nan
6318,3.20132,0,nan,nan,nan
6319,3.20132,0,nan,nan,nan
6320,3.20132,0,nan,nan,nan
6321,3.20132,0,nan,nan,nan
6322,3.20132,0,nan,nan,nan
6323,3.20132,0,nan,nan,nan
6324,3.20132,0,nan,nan,nan
6325,3.20132,0,nan,nan,nan
6326,3.20132,0,nan,nan,nan
6327,3.20132,0,nan,nan,nan
6328,3.20132,0,nan,nan,nan
6329,3.20132,0,nan,nan,nan
6330,3.20132,0,nan,nan,nan
6331,3.20132,0,nan,nan,nan
6332,3.20132,0,nan,nan,nan
6333,3.20132,0,nan,nan,nan
6334,3.20132,0,nan,nan,nan
6335,3.20132,0,nan,nan,nan
6336,3.20132,0,nan,nan,nan
6337,3.20132,0,nan,nan,nan
6338,3.20132,0,nan,nan,nan
6339,3.20132,0,nan,nan,nan
6340,3.20132,0,nan,nan,nan
6341,3.20132,0,nan,-0.0155373,-0.0774673
6342,3.20132,0,nan,-0.0163063,-0.491862
6343,3.20113,-0.0453786,nan,-0.0147177,0.716523
6344,3.20094,-0.0314159,nan,-0.0165487,-1.61829
6345,3.20084,-0.0279253,nan,-0.0177042,-1.18694
6346,3.20075,0,nan,-0.0189035,1.14441
6347,3.20094,0,nan,-0.0106761,2.86454
6348,3.20094,0,nan,-0.0113951,1.46005
6349,3.20084,0,nan,-0.0118613,-0.0548416
6350,3.20094,0.010472,nan,-0.0094622,-0.863042
6351,3.20094,-0.0279253,nan,-0.00740789,-0.128198
6352,3.20075,-0.0296706,nan,-0.00607432,-0.635216
6353,3.20065,0,nan,-0.00743676,-0.698047
6354,3.20065,0,nan,-0.00871701,-0.704015
6355,3.20065,-0.00872665,nan,-0.00855014,-0.35669
6356,3.20065,-0.0174533,nan,-0.00940001,0.0723208
6357,3.20065,0.0122173,nan,-0.00816054,-0.22806
6358,3.20065,0,nan,-0.00656122,0.306978
6359,3.20065,-0.00872665,nan,-0.00552778,0.0591983
6360,3.20065,0,nan,-0.00613035,-0.213133
6361,3.20056,0,nan,-0.00644417,-0.34312
6362,3.20056,0,nan,-0.00678504,-0.224252
6363,3.20056,0,nan,-0.00740365,-0.594108
6364,3.20056,0,nan,-0.0071888,-0.328718
6365,3.20056,0,nan,-0.00739579,0.0686008
6366,3.20056,0,nan,-0.00743882,-0.0711331
6367,3.20046,-0.0174533,nan,-0.00794873,-0.176585
6368,3.20046,0,nan,-0.00867952,-0.174176
6369,3.20046,0,nan,-0.00841679,-0.378693
6370,3.20036,0,nan,-0.00855551,-0.21591
6371,3.20036,-0.00174533,nan,-0.00835602,0.0766364
6372,3.20027,-0.015708,nan,-0.00790654,-0.0144532
6373,3.20027,0,nan,-0.00820047,-0.213489
6374,3.20027,-0.0174533,nan,-0.00820326,-0.408227
6375,3.20027,0,nan,-0.00842649,-0.0385478
6376,3.20017,-0.0174533,nan,-0.0081382,-0.0903013
6377,3.20017,-0.0174533,nan,-0.00764427,0.0407457
6378,3.20017,0,nan,-0.00742665,-0.122736
6379,3.20008,0,nan,-0.00727932,0.141252
6380,3.20008,0,nan,-0.00752249,-0.0843425
6381,3.20008,-0.00174533,nan,-0.00766712,0.00964219
6382,3.20008,-0.00174533,nan,-0.00776541,-0.35211
6383,3.19998,0,nan,-0.00745285,0.136064
6384,3.19998,0,nan,-0.00734587,-0.181238
6385,3.19998,0,nan,-0.00711706,0.167478
6386,3.19998,0,nan,-0.00730525,-0.195553
6387,3.19998,0,nan,-0.00765478,-0.104875
6388,3.19998,0,nan,-0.00809273,-0.153665
6389,3.19998,-0.0139626,nan,-0.00808898,-0.126855
6390,3.19998,0,nan,-0.00812433,-0.0587642
6391,3.19988,0,nan,-0.00736908,-0.00711245
6392,3.19988,0,nan,-0.00742481,-0.132979
6393,3.19988,0,nan,-0.00715385,0.0225285
6394,3.19988,-0.0174533,nan,-0.00695635,-0.0857228
6395,3.19988,0,nan,-0.00665012,-0.289303
6396,3.19988,0,nan,-0.00703303,-0.281806
6397,3.19988,0,nan,-0.00729613,-0.231144
6398,3.19988,0,nan,-0.00698462,-0.0196307
6399,3.19988,0,nan,-0.00693139,-0.351794
6400,3.19979,-0.00872665,nan,-0.0069039,-0.130783
6401,3.19979,-0.00698132,nan,-0.00684655,-0.172055
6402,3.19979,-0.0122173,nan,-0.00691331,-0.0628671
6403,3.19979,0,nan,-0.00729229,-0.304371
6404,3.19979,0,nan,-0.00699944,-0.0930204
6405,3.19979,0,nan,-0.00719097,-0.110261
6406,3.19979,0,nan,-0.00701718,-0.35749
6407,3.19979,0,nan,-0.00707266,-0.19311
6408,3.19969,0,nan,-0.00707695,-0.23533
6409,3.19969,0,nan,-0.00676795,0.00371982
6410,3.19969,0,nan,-0.00644051,-0.0197968
6411,3.19969,-0.015708,nan,-0.00685695,-0.234127
6412,3.19969,0,nan,-0.00692713,-0.166633
6413,3.19969,0,nan,-0.00690019,-0.0146114
6414,3.19969,0,nan,-0.0068571,0.0959595
6415,3.1996,0,nan,-0.00679619,-0.0833719
6416,3.1996,-0.0174533,nan,-0.00709685,-0.227125
6417,3.1996,0,nan,-0.00711937,-0.0624939
6418,3.1996,0,nan,-0.00694491,-0.018886
6419,3.1996,0,nan,-0.00722705,-0.272799
6420,3.1996,0,nan,-0.00665401,-0.0298702
6421,3.1995,0,nan,-0.00663991,-0.431469
6422,3.1995,0,nan,-0.00624206,-0.232627
6423,3.1995,0,nan,-0.00613269,-0.148416
6424,3.1995,0,nan,-0.00597833,0.129743
6425,3.1994,-0.015708,nan,-0.00582653,-0.186485
6426,3.1994,-0.00872665,nan,-0.00603633,0.00362597
6427,3.1994,-0.00872665,nan,-0.00574269,-0.200312
6428,3.1994,0,nan,-0.0055617,-0.156817
6429,3.19931,0,nan,-0.00507872,-0.122424
6430,3.19931,-0.00872665,nan,-0.00530131,-0.250686
6431,3.19931,0,nan,-0.00473787,-0.0352767
6432,3.19931,0,nan,-0.00436854,-0.11328
6433,3.19921,0,nan,-0.00434,-0.237988
6434,3.19921,0,nan,-0.0043513,-0.307587
6435,3.19921,0,nan,-0.00415995,0.165177
6436,3.19921,-0.010472,nan,-0.00374813,-0.0921804
6437,3.19912,0,nan,-0.00348654,0.188117
6438,3.19912,-0.00174533,nan,-0.00324837,0.136118
6439,3.19912,0,nan,-0.00313068,0.123714
6440,3.19912,0,nan,-0.00286803,-0.301314
6441,3.19912,0,nan,-0.00280653,-0.189991
6442,3.19902,0,nan,-0.00281705,-0.342779
6443,3.19902,0,nan,-0.0025181,0.0627066
6444,3.19902,-0.00872665,nan,-0.00241428,0.202394
6445,3.19902,-0.00523599,nan,-0.002751,-0.245501
6446,3.19902,0,nan,-0.0023289,0.106351
6447,3.19902,0,nan,-0.00253009,-0.173813
6448,3.19893,0,nan,-0.00231055,-0.115676
6449,3.19893,0,nan,-0.00224889,-0.142621
6450,3.19893,0,nan,-0.00193559,0.111119
6451,3.19893,0,nan,-0.0016981,-0.0655212
6452,3.19893,0,nan,-0.00169472,0.127794
6453,3.19893,0,nan,-0.00160753,-0.11998
6454,3.19893,-0.00872665,nan,-0.00187648,0.138661
6455,3.19893,0,nan,-0.00168255,-0.0105682
6456,3.19883,-0.010472,nan,-0.00171885,-0.191173
6457,3.19883,0,nan,-0.00150421,0.102194
6458,3.19883,-0.0139626,nan,-0.00107777,0.0113788
6459,3.19883,0,nan,-0.00111479,-0.0169509
6460,3.19883,-0.0174533,nan,-0.000946946,-0.153083
6461,3.19883,0,nan,-0.000890773,0.0136884
6462,3.19883,-0.00698132,nan,-0.00103098,-0.0437953
6463,3.19883,0,nan,-0.000781076,-0.0400295
6464,3.19883,0,nan,-0.000614864,-0.078906
6465,3.19883,0,nan,-0.000552471,-0.188476
6466,3.19883,0,nan,-0.000254783,0.231047
6467,3.19883,0,nan,-3.11339e-05,0.137612
6468,3.19883,0,nan,6.41462e-05,-0.234677
6469,3.19883,0,nan,0.000584505,-0.0331397
6470,3.19873,-0.00698132,nan,0.000402515,-0.257363
6471,3.19873,0,nan,0.000365508,-0.0229535
6472,3.19873,0,nan,0.000273764,-0.121201
6473,3.19873,0,nan,-4.26019e-05,0.0816147
6474,3.19873,0,nan,5.36429e-05,-0.0277305
6475,3.19873,0,nan,-5.61455e-05,-0.112529
6476,3.19873,0,nan,-2.13815e-06,-0.0974399
6477,3.19873,0,nan,-0.000393794,-0.0203311
6478,3.19873,0,nan,-0.000115571,-0.126978
6479,3.19873,0,nan,-0.000447024,0.048
6480,3.19873,0,nan,-0.000155336,0.121405
6481,3.19873,-0.00872665,nan,-0.000232172,-0.211881
6482,3.19873,0,nan,-0.000287785,-0.115796
6483,3.19873,0,nan,-0.00016065,0.0106423
6484,3.19873,0,nan,-0.000367022,-0.324435
6485,3.19873,0,nan,-0.00032284,-0.213318
6486,3.19873,0,nan,-0.000442461,0.0614398
6487,3.19873,0,nan,-0.000448259,-0.159918
6488,3.19873,0,nan,-0.000229199,0.383016
6489,3.19873,0,nan,-0.000250267,-0.295218
6490,3.19873,0,nan,-0.000180482,0.0791811
6491,3.19873,0,nan,-0.000690973,-0.0531404
6492,3.19873,0,nan,-0.000199842,0.0925748
6493,3.19873,0,nan,-0.000134719,-0.0310445
6494,3.19873,0,nan,-0.000156702,0.0516098
6495,3.19873,0,nan,-5.62826e-05,0.0667144
6496,3.19873,0,nan,-0.000179078,0.0928234
6497,3.19873,0,nan,-1.91698e-05,-0.0985016
6498,3.19873,0,nan,0.0002444,-0.0944644
6499,3.19873,0,nan,0.000293461,-0.0522085
6500,3.19873,0,nan,0.000577241,0.256486
6501,3.19873,0,nan,0.000839095,-0.0438366
6502,3.19873,0,nan,0.000889565,-0.167263
6503,3.19873,0,nan,0.000827736,-0.236945
6504,3.19873,0,nan,0.00100914,-0.19276
6505,3.19873,0,nan,0.00122258,-0.064922
6506,3.19873,0,nan,0.000970336,-0.0686417
6507,3.19873,0,nan,0.000471535,-0.158935
6508,3.19873,0,nan,0.000459875,0.103686
6509,3.19873,0,nan,9.54595e-06,-0.0553392
6510,3.19873,0,nan,3.04824e-05,-0.193392
6511,3.19873,0,nan,-0.000248898,-0.0870168
6512,3.19873,0,nan,-0.000536622,-0.132889
6513,3.19864,0,nan,-0.000565048,-0.161066
6514,3.19864,0,nan,-0.000765809,0.098341
6515,3.19864,0,nan,-0.000580111,0.0868613
6516,3.19864,0,nan,-0.000390058,0.0896885
6517,3.19864,0,nan,-0.000328506,-0.089133
6518,3.19864,0,nan,-0.000320107,-0.199563
6519,3.19864,0,nan,-0.000441852,0.213506
6520,3.19864,0,nan,-0.000459142,-0.187895
6521,3.19864,0,nan,-0.000734629,-0.0538785
6522,3.19864,0,nan,-0.00109024,-0.169994
6523,3.19864,0,nan,-0.000931428,0.0399822
6524,3.19864,-0.00349066,nan,-0.000797484,-0.0823264
6525,3.19864,0,nan,-0.00104604,-0.113875
6526,3.19864,0,nan,-0.000882023,-0.0422226
6527,3.19864,0,nan,-0.00130157,-0.186847
6528,3.19864,0,nan,-0.0014257,-0.175099
6529,3.19864,0,nan,-0.00141239,-0.106053
6530,3.19864,0,nan,-0.00159841,0.00169762
6531,3.19864,0,nan,-0.00155684,-0.329855
6532,3.19864,0,nan,-0.0015168,-0.149252
6533,3.19864,0,nan,-0.00198873,-0.00441559
6534,3.19864,0,nan,-0.00199802,-0.239692
6535,3.19864,-0.00872665,nan,-0.00238796,-0.384062
6536,3.19864,0,nan,-0.00261504,-0.346101
6537,3.19864,0,nan,-0.00296848,-0.241053
6538,3.19864,0,nan,-0.00319338,-0.0511056
6539,3.19864,0,nan,-0.00309817,-0.437093
6540,3.19864,0,nan,-0.00330929,-0.0669931
6541,3.19864,0,nan,-0.00333683,-0.302874
6542,3.19864,0,nan,-0.00343991,-0.000244438
6543,3.19854,0,nan,-0.00351997,-0.126121
6544,3.19854,0,nan,-0.00339362,-0.19348
6545,3.19854,0,nan,-0.0033028,-0.192531
6546,3.19854,-0.00872665,nan,-0.00332054,-0.123765
6547,3.19854,0,nan,-0.00333435,0.0144208
6548,3.19854,0,nan,-0.00365713,0.0645246
6549,3.19854,0,nan,-0.00329065,-0.0410632
6550,3.19854,-0.00523599,nan,-0.00351126,-0.182984
6551,3.19854,0,nan,-0.00347069,-0.238226
6552,3.19854,0,nan,-0.00370083,-0.214304
6553,3.19845,0,nan,-0.0033356,0.17817
6554,3.19845,-0.00523599,nan,-0.00272594,0.103952
6555,3.19845,0,nan,-0.00257058,-0.0736053
6556,3.19845,-0.00872665,nan,-0.00204003,0.00322744
6557,3.19845,0,nan,-0.00219924,-0.20666
6558,3.19845,0,nan,-0.00220811,-0.289899
6559,3.19845,0,nan,-0.00247351,-0.169688
6560,3.19845,0,nan,-0.00234166,0.0394519
6561,3.19845,0,nan,-0.00209233,0.388602
6562,3.19835,0,nan,-0.00190462,-0.0514744
6563,3.19835,-0.0122173,nan,-0.00169771,-0.145434
6564,3.19835,0,nan,-0.00173308,0.144124
6565,3.19835,0,nan,-0.00150882,-0.461314
6566,3.19835,0,nan,-0.00143532,0.00992803
6567,3.19835,0,nan,-0.00118275,-0.0554632
6568,3.19835,0,nan,-0.00087104,0.0875078
6569,3.19835,0,nan,-0.000545697,-0.170555
6570,3.19825,-0.0122173,nan,-0.000517076,-0.0179493
6571,3.19825,0,nan,-0.000414225,-0.0441003
6572,3.19825,-0.0139626,nan,-3.68988e-05,-0.107507
6573,3.19825,0,nan,0.000211734,-0.0485757
6574,3.19825,0,nan,9.17655e-05,-0.313537
6575,3.19825,0,nan,0.000199603,0.0616379
6576,3.19825,0,nan,-3.4661e-05,-0.37054
6577,3.19825,-0.015708,nan,0.00018203,0.1444
6578,3.19825,0,nan,0.000448122,-0.252762
6579,3.19825,0,nan,0.000449227,-0.0586681
6580,3.19825,-0.0139626,nan,0.000297852,-0.309959
6581,3.19825,0,nan,0.00052567,0.0529806
6582,3.19825,0,nan,0.000845561,0.00260371
6583,3.19816,-0.015708,nan,0.000822223,0.0300997
6584,3.19816,0,nan,0.000696917,-0.0409737
6585,3.19816,0,nan,0.00082013,0.0577104
6586,3.19816,0,nan,0.000716013,0.0975512
6587,3.19816,0,nan,0.00119362,0.160362
6588,3.19816,0,nan,0.000931847,-0.286477
6589,3.19816,0,nan,0.00082055,-0.204954
6590,3.19816,0,nan,0.000739679,-0.0954137
6591,3.19816,0,nan,0.00052753,-0.043019
6592,3.19816,0,nan,0.000579609,0.123702
6593,3.19816,0,nan,0.000921266,-0.147523
6594,3.19816,0,nan,0.000778711,-0.246178
6595,3.19816,0,nan,0.000941402,-0.105557
6596,3.19816,-0.0122173,nan,0.00106619,-0.00704814
6597,3.19816,0,nan,0.00113619,-0.102546
6598,3.19816,0,nan,0.00125321,-0.00379098
6599,3.19816,0,nan,0.00122282,0.21728
6600,3.19816,0,nan,0.000980589,-0.0351354
6601,3.19816,0,nan,0.000881839,-0.0505119
6602,3.19816,0,nan,0.0011742,-0.129253
6603,3.19816,0,nan,0.00106933,0.0905221
6604,3.19816,0,nan,0.00106445,-0.227379
6605,3.19816,0,nan,0.00128811,-0.113326
6606,3.19816,0,nan,0.00136507,0.0815853
6607,3.19816,0,nan,0.000920322,-0.160012
6608,3.19816,0,nan,0.00100138,-0.131372
6609,3.19816,0,nan,0.000858684,-0.119623
6610,3.19816,0,nan,0.000935706,-0.160091
6611,3.19816,0,nan,0.000867154,0.184513
6612,3.19816,0,nan,0.00084772,-0.0231849
6613,3.19816,0,nan,0.000690792,0.030138
6614,3.19816,0,nan,0.000863808,0.184924
6615,3.19816,0,nan,0.000708596,-0.0940965
6616,3.19816,0,nan,0.000309846,-0.210566
6617,3.19816,0,nan,0.000694838,0.0718412
6618,3.19816,0,nan,0.00013717,-0.130181
6619,3.19816,0,nan,0.000146863,-0.144206
6620,3.19816,0,nan,-0.000103207,-0.382962
6621,3.19816,0,nan,0.000270151,-0.0868822
6622,3.19816,0,nan,6.98417e-05,-0.034524
6623,3.19816,0,nan,0.000109459,0.063146
6624,3.19816,0,nan,-0.000342613,-0.248022
6625,3.19816,0,nan,-0.000590149,0.0799612
6626,3.19816,0,nan,-0.000514043,-0.0435273
6627,3.19816,0,nan,-0.000371029,-0.0829838
6628,3.19816,0,nan,-0.000577203,-0.127579
6629,3.19816,0,nan,-0.000503084,-0.0160255
6630,3.19816,0,nan,-0.000490901,-0.25104
6631,3.19816,0,nan,-0.000427635,0.0816061
6632,3.19816,0,nan,-0.000482762,-0.126928
6633,3.19816,0,nan,-0.000322218,-0.193866
6634,3.19816,0,nan,2.50523e-05,0.22633
6635,3.19816,0,nan,0.000211988,0.0492288
6636,3.19816,0,nan,0.00016881,-0.172809
6637,3.19816,0,nan,-7.98708e-05,-0.314942
6638,3.19816,0,nan,0.000333087,0.160909
6639,3.19816,0,nan,0.000450648,0.232216
6640,3.19816,0,nan,0.000276996,-0.00523792
6641,3.19816,0,nan,0.000221856,-0.130486
6642,3.19816,0,nan,3.78845e-05,-0.216404
6643,3.19816,0,nan,9.50388e-06,0.0457611
6644,3.19816,0,nan,5.75102e-05,-0.160808
6645,3.19816,0,nan,-0.000132079,-0.122251
6646,3.19816,0,nan,-0.000123668,-0.122195
6647,3.19816,-0.00872665,nan,4.47558e-06,0.0178845
6648,3.19816,0,nan,-4.43174e-05,-0.0935419
6649,3.19816,0,nan,1.34365e-05,-0.0925565
6650,3.19816,0,nan,2.62775e-05,0.00453512
6651,3.19816,0,nan,0.000355481,-0.0182259
6652,3.19816,0,nan,1.44166e-05,-0.120112
6653,3.19816,0,nan,-0.0005576,-0.253031
6654,3.19816,0,nan,-0.000648858,-0.198944
6655,3.19816,0,nan,-0.000413726,-0.126263
6656,3.19816,0,nan,-0.0005606,-0.0315538
6657,3.19816,0,nan,-0.000563271,0.0237642
6658,3.19816,0,nan,-0.000944261,-0.0927077
6659,3.19816,0,nan,-0.000914816,-0.272174
6660,3.19816,0,nan,-0.000624624,0.146932
6661,3.19816,0,nan,-0.000749756,-0.117822
6662,3.19816,0,nan,-0.000578641,-0.225957
6663,3.19816,0,nan,-0.000759924,-0.339486
6664,3.19816,0,nan,-0.000764146,0.0891653
6665,3.19816,0,nan,-0.000598635,-0.0605298
6666,3.19816,0,nan,-0.000484469,0.0656219
6667,3.19816,0,nan,-0.000369298,-0.0571791
6668,3.19816,0,nan,-0.000352236,-0.0708653
6669,3.19816,0,nan,-0.000293271,-0.166605
6670,3.19816,0,nan,-0.000445747,0.024773
6671,3.19806,0,nan,-0.000298283,-0.0696168
6672,3.19806,0,nan,-0.000248292,-0.248822
6673,3.19806,0,nan,-0.000672197,-0.199662
6674,3.19806,0,nan,-0.000629864,-0.0747653
6675,3.19806,0,nan,-0.00068135,0.0210711
6676,3.19806,0,nan,-0.00114508,0.152627
6677,3.19806,0,nan,-0.000847818,-0.0920458
6678,3.19806,0,nan,-0.00107202,-0.482533
6679,3.19806,0,nan,-0.00108654,-0.123225
6680,3.19806,0,nan,-0.00106135,0.126173
6681,3.19806,0,nan,-0.000784134,-0.353744
6682,3.19806,0,nan,-0.00103402,-0.011842
6683,3.19806,0,nan,-0.000800141,-0.10524
6684,3.19806,-0.00872665,nan,-0.00113902,-0.248702
6685,3.19806,0,nan,-0.00118896,-0.111063
6686,3.19806,0,nan,-0.00116444,-0.193657
6687,3.19806,0,nan,-0.00154841,-0.102699
6688,3.19806,0,nan,-0.00153063,0.0634631
6689,3.19806,0,nan,-0.00165225,-0.339559
6690,3.19806,-0.00872665,nan,-0.00165407,-0.201568
6691,3.19806,0,nan,-0.00207787,-0.360209
6692,3.19806,0,nan,-0.00180687,0.183116
6693,3.19806,0,nan,-0.00234704,-0.0601153
6694,3.19806,0,nan,-0.00254769,-0.257149
6695,3.19806,0,nan,-0.00254317,-0.0913182
6696,3.19806,0,nan,-0.00228263,0.188771
6697,3.19806,-0.00872665,nan,-0.00185689,0.236457
6698,3.19806,0,nan,-0.00190813,0.0972888
6699,3.19806,0,nan,-0.00191271,-0.0825448
6700,3.19806,0,nan,-0.00208663,-0.223632
6701,3.19806,-0.00872665,nan,-0.00248054,-0.0221592
6702,3.19806,0,nan,-0.0025503,-0.0511072
6703,3.19797,0,nan,-0.00255941,-0.0237488
6704,3.19797,0,nan,-0.00242903,-0.132574
6705,3.19797,0,nan,-0.00221671,-0.0879413
6706,3.19797,-0.00698132,nan,-0.00195872,0.0402443
6707,3.19797,0,nan,-0.00152721,0.115827
6708,3.19797,0,nan,-0.0017793,-0.109875
6709,3.19797,-0.00523599,nan,-0.00175448,-0.0406557
6710,3.19797,0,nan,-0.00160112,-0.163173
6711,3.19797,0,nan,-0.00149807,0.114764
6712,3.19797,0,nan,-0.00143174,-0.00900189
6713,3.19797,0,nan,-0.00141594,-0.0639557
6714,3.19797,0,nan,-0.00150959,-0.0796278
6715,3.19797,0,nan,-0.00144649,-0.0509886
6716,3.19797,0,nan,-0.00147653,-0.245044
6717,3.19797,-0.00872665,nan,-0.00146612,0.156196
6718,3.19797,0,nan,-0.00123948,0.0486208
6719,3.19797,0,nan,-0.0012559,-0.0624422
6720,3.19797,0,nan,-0.00124162,-0.103881
6721,3.19787,0,nan,-0.000932124,-0.0717946
6722,3.19787,0,nan,-0.0010153,0.120505
6723,3.19787,0,nan,-0.000887643,-0.168499
6724,3.19787,-0.010472,nan,-0.000480174,0.362991
6725,3.19787,0,nan,-0.000818611,-0.0293282
6726,3.19787,0,nan,-0.00055778,-0.20525
6727,3.19787,0,nan,-0.000480081,-0.16296
6728,3.19787,0,nan,-0.00031946,0.0331965
6729,3.19787,0,nan,-0.000629538,-0.303715
6730,3.19787,0,nan,-0.000808375,0.0669393
6731,3.19787,0,nan,-0.000687129,0.0685954
6732,3.19787,0,nan,-0.000371761,-0.148075
6733,3.19787,0,nan,-0.00039408,-0.0101062
6734,3.19787,0,nan,-0.000757653,-0.00182736
6735,3.19787,0,nan,-0.000984531,-0.212804
6736,3.19787,0,nan,-0.000971423,-0.212808
6737,3.19777,0,nan,-0.00103158,0.104413
6738,3.19777,0,nan,-0.000919049,-0.0323157
6739,3.19777,-0.0139626,nan,-0.000973842,-0.171658
6740,3.19777,0,nan,-0.00140806,-0.0260234
6741,3.19777,-0.0122173,nan,-0.00108989,-0.0352972
6742,3.19777,0,nan,-0.00107008,-0.0626923
6743,3.19777,0,nan,-0.000854662,0.258601
6744,3.19777,-0.00872665,nan,-0.000640216,-0.180914
6745,3.19777,0,nan,-0.000874388,-0.0323655
6746,3.19777,0,nan,-0.00100532,-0.145125
6747,3.19777,0,nan,-0.00126151,0.0169212
6748,3.19777,0,nan,-0.00114996,-0.313367
6749,3.19777,0,nan,-0.000892947,-0.254302
6750,3.19768,0,nan,-0.00100478,-0.228151
6751,3.19768,0,nan,-0.000827761,-0.0459505
6752,3.19768,0,nan,-0.000887291,-0.337337
6753,3.19768,0,nan,-0.00098014,-0.228348
6754,3.19768,0,nan,-0.000831887,-0.309289
6755,3.19768,0,nan,-0.000940731,0.145422
6756,3.19768,0,nan,-0.00111369,-0.105956
6757,3.19768,0,nan,-0.00118638,-0.121141
6758,3.19768,0,nan,-0.00134718,-0.0822637
6759,3.19768,0,nan,-0.00124289,-0.0948001
6760,3.19768,0,nan,-0.000877086,-0.144871
6761,3.19768,0,nan,-0.00131445,0.0144687
6762,3.19768,0,nan,-0.0013507,-0.0552069
6763,3.19768,0,nan,-0.00170217,-0.102006
6764,3.19768,0,nan,-0.0017983,-0.228105
6765,3.19758,0,nan,-0.00182668,-0.145767
6766,3.19758,0,nan,-0.00205688,-0.357227
6767,3.19758,0,nan,-0.00210635,-0.150952
6768,3.19758,0,nan,-0.00185509,0.0874995
6769,3.19758,0,nan,-0.00155316,-0.0466147
6770,3.19758,0,nan,-0.00120323,-0.0553509
6771,3.19758,0,nan,-0.00127093,-0.25042
6772,3.19758,0,nan,-0.00148819,-0.10165
6773,3.19758,-0.0139626,nan,-0.00150339,0.437415
6774,3.19758,0,nan,-0.00150204,-0.116117
6775,3.19749,-0.0139626,nan,-0.00136508,0.0240781
6776,3.19749,0,nan,-0.00142511,-0.0180237
6777,3.19749,0,nan,-0.00118465,0.234466
6778,3.19749,-0.00872665,nan,-0.00111142,-0.206675
6779,3.19749,0,nan,-0.00124268,-0.209054
6780,3.19749,0,nan,-0.00143549,-0.0459168
6781,3.19749,0,nan,-0.00143734,0.119771
6782,3.19749,0,nan,-0.00139438,-0.377826
6783,3.19749,-0.00872665,nan,-0.001045,-0.0682712
6784,3.19749,0,nan,-0.00138557,0.203404
6785,3.19749,0,nan,-0.00133726,-0.224908
6786,3.19749,-0.00872665,nan,-0.00160139,-0.0766157
6787,3.19749,0,nan,-0.00185022,-0.315805
6788,3.19749,0,nan,-0.00180131,0.0719224
6789,3.19739,0,nan,-0.00164239,-0.202694
6790,3.19739,0,nan,-0.00165561,-0.0926465
6791,3.19739,0,nan,-0.00131927,-0.225968
6792,3.19739,0,nan,-0.0011742,0.0802905
6793,3.19739,-0.00872665,nan,-0.00146417,-0.214798
6794,3.19739,0,nan,-0.001646,-0.14854
6795,3.19739,0,nan,-0.00150933,-0.0360609
6796,3.19739,0,nan,-0.00131573,-0.0194029
6797,3.19739,0,nan,-0.00146281,0.0474428
6798,3.19739,0,nan,-0.00143341,-0.201502
6799,3.19739,0,nan,-0.00131436,-0.103008
6800,3.1973,-0.010472,nan,-0.00151958,-0.133683
6801,3.1973,0,nan,-0.00195651,-0.195605
6802,3.1973,0,nan,-0.00209881,-0.101143
6803,3.1973,0,nan,-0.00205139,-0.169954
6804,3.1973,0,nan,-0.00209216,-0.0601167
6805,3.1973,0,nan,-0.0020825,0.147427
6806,3.1973,0,nan,-0.00195494,-0.0307234
6807,3.1973,0,nan,-0.00162014,0.112255
6808,3.1973,0,nan,-0.00133667,-0.0357734
6809,3.1973,-0.015708,nan,-0.00151961,0.0168488
6810,3.1973,0,nan,-0.00156105,-0.163595
6811,3.1972,-0.00872665,nan,-0.00147595,-0.301031
6812,3.1972,0,nan,-0.00153393,-0.191572
6813,3.1972,0,nan,-0.00135252,-0.327393
6814,3.1972,0,nan,-0.00122835,0.0202209
6815,3.1972,0,nan,-0.000992558,0.258914
6816,3.1972,0,nan,-0.000923895,-0.238249
6817,3.1972,0,nan,-0.000999507,-0.267107
6818,3.1972,0,nan,-0.000656955,0.0699004
6819,3.1972,0,nan,-0.000517049,-0.107844
6820,3.1972,0,nan,-0.000590102,-0.136534
6821,3.1972,-0.010472,nan,-0.000739693,-0.180299
6822,3.1972,0,nan,-0.000670502,-0.331598
6823,3.1972,0,nan,-0.000886396,-0.0996804
6824,3.1972,-0.00872665,nan,-0.000887373,-0.0445333
6825,3.1971,0,nan,-0.00113631,0.131562
6826,3.1971,-0.0122173,nan,-0.00105745,-0.0191407
6827,3.1971,0,nan,-0.00115468,-0.103554
6828,3.1971,0,nan,-0.00112725,-0.213889
6829,3.1971,-0.00872665,nan,-0.00107377,-0.116542
6830,3.1971,0,nan,-0.000913238,-0.183222
6831,3.1971,-0.00872665,nan,-0.000659893,0.0695345
6832,3.1971,0,nan,-0.00102726,-0.185056
6833,3.1971,0,nan,-0.000961837,-0.115066
6834,3.1971,0,nan,-0.0011265,-0.325164
6835,3.1971,0,nan,-0.00107272,-0.0754864
6836,3.1971,0,nan,-0.000949595,-0.197919
6837,3.1971,0,nan,-0.00109795,-0.324928
6838,3.19701,0,nan,-0.00129483,-0.0653403
6839,3.19701,0,nan,-0.00123783,0.184515
6840,3.19701,0,nan,-0.00115079,-0.0496298
6841,3.19701,0,nan,-0.000739029,-0.0714087
6842,3.19701,0,nan,-0.000691583,-0.15367
6843,3.19701,0,nan,-0.000734288,-0.18234
6844,3.19701,0,nan,-0.000790419,0.0795687
6845,3.19701,0,nan,-0.000923033,-0.157548
6846,3.19701,0,nan,-0.0010318,0.131182
6847,3.19701,0,nan,-0.00113274,-0.23015
6848,3.19701,0,nan,-0.000886766,-0.0607364
6849,3.19701,0,nan,-0.000976511,-0.0622304
6850,3.19701,0,nan,-0.000765878,-0.142227
6851,3.19701,0,nan,-0.000415813,0.070444
6852,3.19701,0,nan,-0.000510556,-0.332339
6853,3.19701,0,nan,-0.000734687,-0.238814
6854,3.19701,0,nan,-0.000913583,-0.0477728
6855,3.19701,0,nan,-0.000659996,-0.0856347
6856,3.19701,-0.00872665,nan,-0.000606965,-0.403226
6857,3.19691,0,nan,-0.000711812,0.0238168
6858,3.19691,0,nan,-0.00121489,-0.191337
6859,3.19691,0,nan,-0.000776373,0.00867126
6860,3.19691,0,nan,-0.000670636,0.120794
6861,3.19691,-0.00872665,nan,-0.000828288,0.201415
6862,3.19691,0,nan,-0.000334592,-0.0956978
6863,3.19691,0,nan,-0.000594243,-0.168803
6864,3.19691,0,nan,-0.00057654,0.0942593
6865,3.19691,0,nan,-0.000279757,0.1403
6866,3.19691,0,nan,8.23044e-05,-0.0342033
6867,3.19691,-0.00698132,nan,-1.6937e-05,-0.423123
6868,3.19691,0,nan,-0.000572189,-0.0994795
6869,3.19691,0,nan,-0.000812285,-0.15858
6870,3.19691,0,nan,-0.000626958,-0.086751
6871,3.19691,0,nan,-0.000793881,-0.0756544
6872,3.19691,-0.00872665,nan,-0.000610444,0.231335
6873,3.19691,0,nan,-0.0005952,0.0517093
6874,3.19691,0,nan,-0.000680198,-0.212576
6875,3.19691,0,nan,-0.000748806,-0.116837
6876,3.19691,0,nan,-0.000456603,-0.278804
6877,3.19691,0,nan,-0.000735698,-0.144743
6878,3.19691,0,nan,-0.000455452,-0.0160929
6879,3.19691,0,nan,-0.000633475,-0.157138
6880,3.19691,0,nan,-0.000787959,-0.297874
6881,3.19691,0,nan,-0.000969736,-0.00996555
6882,3.19691,0,nan,-0.000755288,-0.0759341
6883,3.19682,0,nan,-0.000665213,-0.295941
6884,3.19682,0,nan,-0.000792504,-0.118105
6885,3.19682,0,nan,-0.00058814,-0.143052
6886,3.19682,0,nan,-0.00111761,-0.275508
6887,3.19682,0,nan,-0.0012892,-0.0982643
6888,3.19682,0,nan,-0.00100849,-0.0523509
6889,3.19682,0,nan,-0.00110747,-0.0123865
6890,3.19682,0,nan,-0.00111395,-0.399749
6891,3.19682,0,nan,-0.000961412,-0.162437
6892,3.19682,0,nan,-0.000963045,-0.13479
6893,3.19682,-0.00872665,nan,-0.000471093,0.107568
6894,3.19682,0,nan,-4.84933e-05,0.0723153
6895,3.19682,0,nan,5.31866e-05,-0.175141
6896,3.19682,0,nan,0.000229655,-0.00633278
6897,3.19682,0,nan,8.43012e-05,-0.0777099
6898,3.19682,0,nan,-9.6618e-05,-0.398539
6899,3.19682,-0.00872665,nan,-0.000327471,-0.33304
6900,3.19682,0,nan,-0.00042298,-0.16856
6901,3.19682,0,nan,-0.000492485,-0.225066
6902,3.19682,0,nan,-0.000434013,-0.0164811
6903,3.19682,0,nan,6.09969e-06,-0.176148
6904,3.19682,0,nan,0.000493565,0.149601
6905,3.19682,0,nan,0.000193854,-0.270172
6906,3.19682,0,nan,0.000462501,-0.00324013
6907,3.19682,0,nan,0.00056962,-0.0709728
6908,3.19682,0,nan,0.00063539,-0.125283
6909,3.19682,0,nan,0.000464602,-0.00317135
6910,3.19682,0,nan,0.0005467,-0.348007
6911,3.19682,0,nan,0.000881345,-0.246194
6912,3.19682,0,nan,0.00102788,-0.036367
6913,3.19682,0,nan,0.000818082,0.14066
6914,3.19682,0,nan,0.000222453,0.00741274
6915,3.19682,0,nan,4.88623e-05,-0.050662
6916,3.19682,0,nan,2.29836e-05,-0.0371613
6917,3.19682,0,nan,-1.70847e-05,-0.189865
6918,3.19682,0,nan,-0.000152309,-0.219609
6919,3.19682,0,nan,-0.000146099,0.0850044
6920,3.19682,0,nan,-0.000366424,-0.208746
6921,3.19682,0,nan,-0.000442274,-0.0855802
6922,3.19682,0,nan,-0.000790026,0.00613251
6923,3.19682,0,nan,-0.00085521,-0.036319
6924,3.19672,0,nan,-0.000696131,0.173672
6925,3.19672,0,nan,-0.000502494,-0.155328
6926,3.19672,0,nan,-0.000453269,-0.279099
6927,3.19672,0,nan,-0.000688641,-0.310565
6928,3.19672,0,nan,-0.000774176,0.158448
6929,3.19672,0,nan,-0.000935688,-0.12076
6930,3.19672,0,nan,-0.00101698,-0.0111319
6931,3.19672,0,nan,-0.00108441,-0.302795
6932,3.19672,-0.0174533,nan,-0.00106312,0.0155719
6933,3.19672,0,nan,-0.00102396,0.113146
6934,3.19672,0,nan,-0.00124104,-0.208411
6935,3.19672,0,nan,-0.00114918,-0.11048
6936,3.19672,0,nan,-0.000752867,-0.160286
6937,3.19672,0,nan,-0.00102992,-0.261301
6938,3.19672,-0.0122173,nan,-0.000680187,-0.0765711
6939,3.19672,0,nan,-0.000624706,0.0761667
6940,3.19672,0,nan,-0.000451533,-0.156364
6941,3.19672,0,nan,-0.000300779,-0.154071
6942,3.19672,0,nan,-7.67655e-06,0.0990781
6943,3.19672,0,nan,-3.49187e-05,-0.39927
6944,3.19672,0,nan,0.000184096,-0.13328
6945,3.19672,0,nan,-3.92967e-05,-0.191787
6946,3.19672,0,nan,-1.64489e-05,0.0713856
6947,3.19672,0,nan,-0.000374225,-0.251975
6948,3.19672,0,nan,-0.000362742,-0.22422
6949,3.19672,-0.00872665,nan,-0.000199681,-0.0971744
6950,3.19672,0,nan,-3.5309e-05,0.0159087
6951,3.19672,0,nan,-0.000443588,-0.418931
6952,3.19672,0,nan,-0.000328127,-0.112796
6953,3.19672,0,nan,-0.000388432,-0.196638
6954,3.19672,0,nan,-0.000255666,-0.125512
6955,3.19672,0,nan,-0.000219105,0.0273487
6956,3.19672,0,nan,-0.000209558,-0.193783
6957,3.19672,0,nan,-0.000384795,-0.182614
6958,3.19672,0,nan,-0.000242055,-0.000485032
6959,3.19672,0,nan,-0.000130491,-0.220015
6960,3.19672,0,nan,7.37788e-05,-0.14776
6961,3.19672,0,nan,0.000104081,-0.161163
6962,3.19672,0,nan,0.000232739,-0.00715929
6963,3.19672,0,nan,0.000373025,-0.0326425
6964,3.19672,0,nan,0.000283432,0.0491659
6965,3.19672,0,nan,7.09846e-05,-0.0507483
6966,3.19672,0,nan,-0.000161073,-0.178442
6967,3.19672,0,nan,-0.000269467,-0.27689
6968,3.19672,0,nan,-0.000518082,-0.0592337
6969,3.19672,0,nan,-0.000638229,-0.19929
6970,3.19672,0,nan,-0.000604307,-0.115885
6971,3.19672,0,nan,-0.000705822,-0.311469
6972,3.19672,0,nan,-0.00066097,0.0765577
6973,3.19672,0,nan,-0.000692389,-0.0759815
6974,3.19672,0,nan,-0.000596714,-0.295903
6975,3.19672,-0.00872665,nan,-0.00034221,-0.070835
6976,3.19662,0,nan,-0.000735975,0.020162
6977,3.19662,0,nan,-0.000794334,0.0745478
6978,3.19662,0,nan,-0.00100756,-0.122348
6979,3.19662,0,nan,-0.000790983,-0.0773699
6980,3.19662,0,nan,-0.0010658,-0.178594
6981,3.19662,0,nan,-0.00103054,0.0155513
6982,3.19662,0,nan,-0.00100491,-0.136232
6983,3.19662,0,nan,-0.000979539,-0.108343
6984,3.19662,-0.00523599,nan,-0.00087286,-0.148578
6985,3.19662,0,nan,-0.000959156,0.00204554
6986,3.19662,0,nan,-0.00128147,-0.0443102
6987,3.19662,0,nan,-0.00106744,-0.0275758
6988,3.19662,0,nan,-0.00130771,-0.169499
6989,3.19662,0,nan,-0.00125558,-0.210249
6990,3.19662,0,nan,-0.00115535,0.0124261
6991,3.19662,0,nan,-0.00120198,-0.12673
6992,3.19662,0,nan,-0.00153794,-0.256243
6993,3.19662,0,nan,-0.00135197,-0.0736512
6994,3.19662,0,nan,-0.00075878,-0.175557
6995,3.19662,0,nan,-0.00108116,-0.166714
6996,3.19662,0,nan,-0.00108861,-0.166961
6997,3.19662,0,nan,-0.000931782,-0.0815885
6998,3.19662,0,nan,-0.000620425,-0.201513
6999,3.19662,0,nan,-0.000382552,-0.0596763
7000,3.19662,0,nan,-0.000370987,-0.474571
7001,3.19662,0,nan,-0.000595707,-0.146218
7002,3.19662,0,nan,-0.000626453,-0.23006
7003,3.19662,0,nan,-0.000609864,-0.091433
7004,3.19662,-0.0174533,nan,-0.000767171,0.0857997
7005,3.19662,0,nan,-0.000889427,0.028514
7006,3.19662,0,nan,-0.000727695,0.127864
7007,3.19662,0,nan,-0.000640958,-0.0783595
7008,3.19662,0,nan,-0.000655286,-0.00943094
7009,3.19662,0,nan,-0.000700717,-0.300762
7010,3.19662,0,nan,-0.000679552,-0.328121
7011,3.19662,0,nan,-0.000516822,-0.270254
7012,3.19662,0,nan,-0.000416173,-0.0751435
7013,3.19662,-0.00872665,nan,-0.000403873,0.0356372
7014,3.19662,0,nan,-0.000130963,-0.0156922
7015,3.19662,0,nan,-0.000392111,-0.0610429
7016,3.19662,0,nan,-0.000463448,-0.297326
7017,3.19662,0,nan,-0.000670134,-0.18989
7018,3.19662,0,nan,-0.000905536,-0.304051
7019,3.19662,0,nan,-0.00115762,-0.294123
7020,3.19662,0,nan,-0.001213,-0.129069
7021,3.19662,0,nan,-0.00109551,-0.141296
7022,3.19662,0,nan,-0.00131499,-0.0616248
7023,3.19653,0,nan,-0.00137291,-0.0762452
7024,3.19653,0,nan,-0.00153899,-0.216949
7025,3.19653,0,nan,-0.00136168,-0.0757293
7026,3.19653,0,nan,-0.0012379,-0.101487
7027,3.19653,0,nan,-0.000879903,-0.096082
7028,3.19653,0,nan,-0.000781715,0.057896
7029,3.19653,0,nan,-0.000738655,0.100064
7030,3.19653,0,nan,-0.00127012,-0.156814
7031,3.19653,0,nan,-0.0013114,-0.157521
7032,3.19653,0,nan,-0.00130153,-0.212832
7033,3.19653,0,nan,-0.00147087,-0.132443
7034,3.19653,0,nan,-0.00162989,-0.17646
7035,3.19653,0,nan,-0.00187886,-0.35975
7036,3.19653,0,nan,-0.00209893,-0.141135
7037,3.19653,0,nan,-0.00205158,-0.140405
7038,3.19653,0,nan,-0.00212008,-0.155259
7039,3.19653,0,nan,-0.00203302,-0.22322
7040,3.19653,-0.00698132,nan,-0.00188915,0.139015
7041,3.19653,0,nan,-0.00195557,-0.221706
7042,3.19653,0,nan,-0.0024265,-0.131544
7043,3.19653,0,nan,-0.00266245,-0.176158
7044,3.19653,0,nan,-0.00245348,-0.187176
7045,3.19653,0,nan,-0.00255661,-0.105538
7046,3.19653,0,nan,-0.0025139,-0.188076
7047,3.19643,-0.00872665,nan,-0.00258259,0.0326127
7048,3.19643,0,nan,-0.00253725,-0.0775889
7049,3.19643,0,nan,-0.00268713,-0.273405
7050,3.19643,-0.00872665,nan,-0.00240085,-0.130599
7051,3.19643,0,nan,-0.0023993,-0.504394
7052,3.19643,0,nan,-0.00235146,-0.157651
7053,3.19643,0,nan,-0.00246245,-0.283991
7054,3.19643,0,nan,-0.00272837,-0.107762
7055,3.19643,0,nan,-0.00280139,-0.191814
7056,3.19643,-0.010472,nan,-0.00286864,-0.123394
7057,3.19643,0,nan,-0.00250645,-0.118078
7058,3.19643,0,nan,-0.00246132,0.0623031
7059,3.19643,-0.00872665,nan,-0.00247694,0.158709
7060,3.19643,0,nan,-0.00241767,-0.00665639
7061,3.19643,0,nan,-0.00214426,0.080296
7062,3.19634,0,nan,-0.00212354,0.0529498
7063,3.19634,0,nan,-0.00186425,-0.206087
7064,3.19634,0,nan,-0.00201778,-0.208216
7065,3.19634,0,nan,-0.0019612,-0.345576
7066,3.19634,0,nan,-0.00173967,0.0727399
7067,3.19634,-0.00872665,nan,-0.00164715,0.0877722
7068,3.19634,0,nan,-0.0015209,-0.0765031
7069,3.19634,0,nan,-0.00140452,-0.0890014
7070,3.19634,0,nan,-0.00108073,0.247449
7071,3.19634,-0.00872665,nan,-0.00110234,0.0534096
7072,3.19634,0,nan,-0.000734884,-0.0103724
7073,3.19634,0,nan,-0.000655028,-0.272122
7074,3.19634,0,nan,-0.000554889,-0.339861
7075,3.19634,0,nan,-0.00041175,-0.0612484
7076,3.19634,0,nan,-0.000543794,-0.436993
7077,3.19634,0,nan,-0.000555283,0.0467373
7078,3.19634,0,nan,-0.000528897,0.0749304
7079,3.19634,0,nan,-0.000556058,-0.174297
7080,3.19624,0,nan,-0.000452856,-0.311153
7081,3.19624,0,nan,-0.000657488,-0.397513
7082,3.19624,0,nan,-0.00100883,-0.125915
7083,3.19624,-0.00872665,nan,-0.000756811,0.00224439
7084,3.19624,0,nan,-0.000683057,-0.190327
7085,3.19624,0,nan,-0.000501833,-0.408998
7086,3.19624,0,nan,-0.00010024,-0.0847047
7087,3.19624,0,nan,-0.000242245,0.134561
7088,3.19624,0,nan,-0.000385478,-0.0889438
7089,3.19624,0,nan,7.2965e-05,-0.0960171
7090,3.19624,0,nan,-7.84785e-06,-0.16648
7091,3.19624,0,nan,-7.1892e-06,0.193328
7092,3.19624,0,nan,-1.71121e-06,0.0137072
7093,3.19624,0,nan,-0.000423516,-0.227683
7094,3.19624,0,nan,-0.000486462,-0.104236
7095,3.19624,0,nan,-0.000515823,-0.188032
7096,3.19624,0,nan,-0.000740651,-0.16363
7097,3.19624,0,nan,-0.00084965,-0.0823836
7098,3.19624,0,nan,-0.000701563,-0.093891
7099,3.19624,0,nan,-0.000823005,-0.206414
7100,3.19624,0,nan,-0.000809018,0.0981699
7101,3.19624,0,nan,-0.000822944,-0.123676
7102,3.19614,0,nan,-0.00100653,-0.195568
7103,3.19614,0,nan,-0.001065,-0.0859156
7104,3.19614,0,nan,-0.00086842,-2.97509e-05
7105,3.19614,0,nan,-0.000904531,-0.26337
7106,3.19614,0,nan,-0.000922652,-0.0839235
7107,3.19614,0,nan,-0.000878913,-0.111169
7108,3.19614,0,nan,-0.000854728,-0.179798
7109,3.19614,0,nan,-0.001083,-0.252403
7110,3.19614,0,nan,-0.00118713,-0.24001
7111,3.19614,0,nan,-0.00126113,-0.074644
7112,3.19614,-0.00523599,nan,-0.000913571,0.0274775
7113,3.19614,0,nan,-0.000893397,-0.0552542
7114,3.19614,0,nan,-0.00110695,-0.127878
7115,3.19614,0,nan,-0.00128913,-0.241052
7116,3.19614,0,nan,-0.00116385,-0.128778
7117,3.19614,0,nan,-0.0012886,-0.158278
7118,3.19614,-0.00872665,nan,-0.001232,0.147276
7119,3.19614,0,nan,-0.00150256,-0.0918356
7120,3.19614,0,nan,-0.00187286,-0.124347
7121,3.19614,0,nan,-0.00189015,-0.166119
7122,3.19614,0,nan,-0.00167076,0.0169038
7123,3.19614,0,nan,-0.00175231,-0.247344
7124,3.19614,0,nan,-0.00185192,-0.0548306
7125,3.19614,0,nan,-0.00208024,-0.113194
7126,3.19614,0,nan,-0.00202708,-0.320078
7127,3.19605,0,nan,-0.00206048,-0.112894
7128,3.19605,0,nan,-0.00175072,0.0161449
7129,3.19605,0,nan,-0.00191173,-0.387953
7130,3.19605,-0.00174533,nan,-0.00213427,-0.127746
7131,3.19605,0,nan,-0.00236702,-0.0892247
7132,3.19605,0,nan,-0.00226177,-0.267327
7133,3.19605,0,nan,-0.00222302,-0.128487
7134,3.19605,-0.0139626,nan,-0.00278272,-0.233117
7135,3.19605,0,nan,-0.00329745,-0.0736225
7136,3.19605,0,nan,-0.00332058,0.161507
7137,3.19605,0,nan,-0.00313979,0.0809391
7138,3.19605,0,nan,-0.00305649,-0.112037
7139,3.19605,0,nan,-0.00307878,-0.0292333
7140,3.19605,0,nan,-0.00299921,-0.291327
7141,3.19605,0,nan,-0.00309685,-0.209303
7142,3.19605,0,nan,-0.00312034,-0.348144
7143,3.19595,-0.010472,nan,-0.00334617,-0.323535
7144,3.19595,0,nan,-0.00301194,-0.221569
7145,3.19595,0,nan,-0.00266543,0.0740252
7146,3.19595,0,nan,-0.00302258,-0.305107
7147,3.19595,0,nan,-0.00300843,-0.305164
7148,3.19595,0,nan,-0.00314767,0.233
7149,3.19595,0,nan,-0.00298115,6.16044e-05
7150,3.19595,-0.00523599,nan,-0.00276109,-0.135127
7151,3.19595,0,nan,-0.00267881,-0.134053
7152,3.19595,0,nan,-0.00269329,-0.00996088
7153,3.19595,0,nan,-0.00253053,-0.159927
7154,3.19595,0,nan,-0.00244266,-0.324724
7155,3.19595,-0.00698132,nan,-0.00205343,-0.0148306
7156,3.19586,0,nan,-0.00222618,-0.293987
7157,3.19586,0,nan,-0.00208511,0.0400804
7158,3.19586,0,nan,-0.00220673,-0.128049
7159,3.19586,0,nan,-0.00160341,0.0326493
7160,3.19586,0,nan,-0.00127665,-0.184046
7161,3.19586,-0.0122173,nan,-0.000964299,-0.359856
7162,3.19586,0,nan,-0.00105286,-0.153509
7163,3.19586,0,nan,-0.000715096,-0.0796703
7164,3.19586,0,nan,-0.00101878,-0.0565662
7165,3.19586,0,nan,-0.00105625,-0.0159829
7166,3.19586,0,nan,-0.00103349,-0.0986428
7167,3.19586,0,nan,-0.00101683,-0.126214
7168,3.19586,-0.00872665,nan,-0.0014537,-0.00809498
7169,3.19586,0,nan,-0.00143054,-0.0354213
7170,3.19586,0,nan,-0.00150384,0.0743341
7171,3.19586,-0.00872665,nan,-0.00198198,-0.181161
7172,3.19576,0,nan,-0.00177287,-0.164058
7173,3.19576,0,nan,-0.00181129,0.0704262
7174,3.19576,0,nan,-0.00171257,-0.232587
7175,3.19576,0,nan,-0.00154705,-0.230385
7176,3.19576,0,nan,-0.00197137,-0.167174
7177,3.19576,0,nan,-0.00183957,0.0285539
7178,3.19576,0,nan,-0.00177184,0.0570788
7179,3.19576,0,nan,-0.00205208,-0.458917
7180,3.19576,-0.00872665,nan,-0.00209373,-0.40372
7181,3.19576,0,nan,-0.00236254,-0.0476199
7182,3.19576,0,nan,-0.00211065,-0.0577378
7183,3.19576,0,nan,-0.0021196,-0.182789
7184,3.19576,0,nan,-0.00236397,-0.241522
7185,3.19576,0,nan,-0.00215426,-0.238139
7186,3.19576,-0.00872665,nan,-0.00193707,0.124651
7187,3.19576,0,nan,-0.00227153,-0.281608
7188,3.19576,0,nan,-0.00253636,-0.257612
7189,3.19576,-0.00872665,nan,-0.00246312,-0.242811
7190,3.19567,0,nan,-0.00198905,-0.0147176
7191,3.19567,0,nan,-0.00212883,0.177
7192,3.19567,0,nan,-0.00191925,-0.138227
7193,3.19567,-0.0139626,nan,-0.00200306,-0.236454
7194,3.19567,0,nan,-0.00209546,-0.26573
7195,3.19567,0,nan,-0.00205263,-0.334327
7196,3.19567,0,nan,-0.00238102,-0.227895
7197,3.19567,0,nan,-0.00258974,-0.535019
7198,3.19567,0,nan,-0.00225937,-0.101094
7199,3.19567,-0.010472,nan,-0.00191188,-0.137696
7200,3.19567,0,nan,-0.00186286,-0.0402224
7201,3.19567,0,nan,-0.00173094,-0.204298
7202,3.19567,0,nan,-0.00152186,0.144658
7203,3.19567,0,nan,-0.00158168,-0.382028
7204,3.19567,0,nan,-0.00163512,0.0597246
7205,3.19567,0,nan,-0.00146628,-0.366731
7206,3.19557,-0.00872665,nan,-0.00173556,-0.122107
7207,3.19557,0,nan,-0.00145234,-0.145834
7208,3.19557,0,nan,-0.00166982,-0.232308
7209,3.19557,0,nan,-0.00133079,-0.11646
7210,3.19557,0,nan,-0.00158013,-0.0787694
7211,3.19557,0,nan,-0.0014513,0.17218
7212,3.19557,0,nan,-0.00146365,-0.146151
7213,3.19557,0,nan,-0.00152656,-0.313251
7214,3.19557,0,nan,-0.00143483,-0.173993
7215,3.19557,0,nan,-0.00146025,-0.091273
7216,3.19557,0,nan,-0.00157462,0.0180185
7217,3.19557,0,nan,-0.0015029,-0.0777218
7218,3.19557,0,nan,-0.00202596,-0.0847909
7219,3.19557,-0.00872665,nan,-0.00156859,0.157179
7220,3.19557,0,nan,-0.00143769,-0.034812
7221,3.19557,0,nan,-0.0012255,0.0649823
7222,3.19557,0,nan,-0.00133594,-0.130487
7223,3.19557,0,nan,-0.00120043,-0.0870097
7224,3.19557,0,nan,-0.001458,-0.229592
7225,3.19557,0,nan,-0.00148202,0.0749991
7226,3.19557,0,nan,-0.0012631,-0.253914
7227,3.19557,0,nan,-0.00115799,-0.072774
7228,3.19557,0,nan,-0.000822734,-0.0821304
7229,3.19557,0,nan,-0.000837225,-0.151487
7230,3.19557,0,nan,-0.000850479,-0.234685
7231,3.19547,0,nan,-0.000695244,-0.066386
7232,3.19547,0,nan,-0.000645846,-0.314962
7233,3.19547,0,nan,-0.000743959,-0.357809
7234,3.19547,0,nan,-0.000799516,-0.234416
7235,3.19547,0,nan,-0.000770963,-0.13697
7236,3.19547,0,nan,-0.000888155,-0.111217
7237,3.19547,-0.00872665,nan,-0.00100116,-0.278989
7238,3.19547,0,nan,-0.000686153,-0.05291
7239,3.19547,0,nan,-0.000602063,0.031449
7240,3.19547,0,nan,-0.000337892,0.0494561
7241,3.19547,0,nan,-0.00027889,-0.115959
7242,3.19547,0,nan,-0.000440155,0.0892009
7243,3.19547,0,nan,-0.000668941,-0.218587
7244,3.19547,0,nan,-0.000489276,-0.146988
7245,3.19547,0,nan,-0.000599845,0.0725604
7246,3.19547,0,nan,-0.00063912,-0.121839
7247,3.19547,0,nan,-0.000376446,0.0617615
7248,3.19547,0,nan,-0.000484011,-0.119733
7249,3.19547,0,nan,-0.000499362,0.18435
7250,3.19547,0,nan,-0.000652605,0.140823
7251,3.19547,0,nan,-0.000807534,-0.13819
7252,3.19547,0,nan,-0.00100317,-0.209872
7253,3.19547,0,nan,-0.000707985,-0.108511
7254,3.19547,0,nan,-0.00080588,0.0143691
7255,3.19547,0,nan,-0.000758261,0.0149936
7256,3.19547,0,nan,-0.000820284,0.000321845
7257,3.19547,0,nan,-0.000775518,-0.0404101
7258,3.19547,0,nan,-0.000951594,-0.236666
7259,3.19547,-0.010472,nan,-0.000965179,-0.056875
7260,3.19547,0,nan,-0.000566643,0.0875374
7261,3.19547,0,nan,-0.000520478,-0.0501157
7262,3.19547,0,nan,-0.000580712,-0.13388
7263,3.19547,0,nan,-0.000592361,0.0040316
7264,3.19547,0,nan,-0.000465292,-0.0355567
7265,3.19547,0,nan,-0.000490245,-0.243307
7266,3.19547,0,nan,-0.000855175,-0.193278
7267,3.19547,-0.00872665,nan,-0.0010087,-0.209724
7268,3.19538,0,nan,-0.00142576,-0.17393
7269,3.19538,0,nan,-0.00168693,-0.0665347
7270,3.19538,0,nan,-0.00165407,-0.16305
7271,3.19538,0,nan,-0.00130716,-0.00573774
7272,3.19538,-0.00872665,nan,-0.00131219,-0.0196777
7273,3.19538,0,nan,-0.00142062,-0.242569
7274,3.19538,0,nan,-0.00142319,-0.270523
7275,3.19538,0,nan,-0.00175498,-0.0951102
7276,3.19538,0,nan,-0.00181435,-0.220529
7277,3.19538,0,nan,-0.00204914,-0.209729
7278,3.19538,0,nan,-0.00197354,-0.000993363
7279,3.19538,0,nan,-0.00177481,-0.053371
7280,3.19538,0,nan,-0.00186932,-0.262148
7281,3.19538,0,nan,-0.00202101,-0.278351
7282,3.19538,0,nan,-0.00230667,-0.185279
7283,3.19538,0,nan,-0.00201079,0.0819484
7284,3.19538,0,nan,-0.00246021,-0.228925
7285,3.19538,0,nan,-0.00266089,-0.203836
7286,3.19538,0,nan,-0.00267821,-0.287134
7287,3.19538,-0.00174533,nan,-0.00257245,-0.17484
7288,3.19538,0,nan,-0.00250418,-0.174101
7289,3.19538,0,nan,-0.00231303,0.133286
7290,3.19538,0,nan,-0.00234974,-0.19958
7291,3.19528,-0.00698132,nan,-0.00238813,0.104385
7292,3.19528,0,nan,-0.00247036,-0.492099
7293,3.19528,0,nan,-0.00265647,-0.273023
7294,3.19528,-0.00872665,nan,-0.00248671,-0.0907806
7295,3.19528,0,nan,-0.00226233,-0.184203
7296,3.19528,0,nan,-0.00256084,-0.188686
7297,3.19528,0,nan,-0.00261139,-0.341681
7298,3.19528,0,nan,-0.00239466,0.0906976
7299,3.19528,0,nan,-0.00272488,-0.148924
7300,3.19528,0,nan,-0.00235485,0.188232
7301,3.19528,0,nan,-0.00227125,0.0507215
7302,3.19528,0,nan,-0.00227803,-0.198637
7303,3.19528,0,nan,-0.00230522,0.0228741
7304,3.19528,0,nan,-0.00234791,-0.295954
7305,3.19528,0,nan,-0.00261115,-0.355477
7306,3.19528,0,nan,-0.00286643,-0.0817145
7307,3.19519,-0.00872665,nan,-0.00274406,-0.0799804
7308,3.19519,0,nan,-0.0027298,0.0445825
7309,3.19519,0,nan,-0.0027722,-0.13601
7310,3.19519,-0.00872665,nan,-0.00315955,-0.113376
7311,3.19519,0,nan,-0.00288091,-0.247737
7312,3.19519,0,nan,-0.00331764,-0.25392
7313,3.19519,0,nan,-0.00344061,-0.0200882
7314,3.19519,0,nan,-0.00340403,-0.268863
7315,3.19519,-0.00872665,nan,-0.00386619,-0.177958
7316,3.19519,0,nan,-0.00384959,0.0438394
7317,3.19519,0,nan,-0.00378078,-0.273613
7318,3.19519,0,nan,-0.00364008,-0.18841
7319,3.19519,0,nan,-0.00368905,-0.161552
7320,3.19519,0,nan,-0.00404957,-0.263435
7321,3.19509,0,nan,-0.00419857,-0.265372
7322,3.19509,0,nan,-0.003916,-0.0262522
7323,3.19509,0,nan,-0.00419543,-0.0991452
7324,3.19509,0,nan,-0.00394464,-0.248178
7325,3.19509,0,nan,-0.0038286,0.0168078
7326,3.19509,0,nan,-0.00396541,-0.110004
7327,3.19509,0,nan,-0.00413416,-0.195291
7328,3.19509,-0.00698132,nan,-0.00428226,-0.0587274
7329,3.19509,0,nan,-0.00407948,-0.235756
7330,3.19499,-0.00349066,nan,-0.00428447,0.176777
7331,3.19499,0,nan,-0.00424744,-0.431778
7332,3.19499,0,nan,-0.00435613,-0.0873853
7333,3.19499,0,nan,-0.00409152,-0.125295
7334,3.19499,0,nan,-0.00373456,-0.217281
7335,3.19499,0,nan,-0.00357753,-0.326273
7336,3.19499,-0.00349066,nan,-0.00378426,0.00314206
7337,3.19499,0,nan,-0.00344406,-0.19962
7338,3.19499,-0.00872665,nan,-0.00331886,0.0925141
7339,3.1949,0,nan,-0.0032732,-0.00398208
7340,3.1949,0,nan,-0.00312586,-0.154356
7341,3.1949,0,nan,-0.00291989,-0.0546965
7342,3.1949,0,nan,-0.002728,-0.0105754
7343,3.1949,-0.00698132,nan,-0.00277032,-0.135985
7344,3.1949,0,nan,-0.00286348,-0.137225
7345,3.1949,-0.00872665,nan,-0.00289342,0.0147727
7346,3.1949,0,nan,-0.00313968,-0.113118
7347,3.1948,-0.0174533,nan,-0.0032971,-0.405991
7348,3.1948,0,nan,-0.0036952,0.0181487
7349,3.1948,0,nan,-0.00367907,-0.147828
7350,3.1948,0,nan,-0.00374638,-0.245327
7351,3.1948,0,nan,-0.00356473,-0.146266
7352,3.1948,-0.015708,nan,-0.00369327,-0.106466
7353,3.1948,0,nan,-0.00353115,-0.0074125
7354,3.1948,0,nan,-0.00339853,-0.0887854
7355,3.19471,-0.0174533,nan,-0.00349763,-0.0208295
7356,3.19471,0,nan,-0.00352391,-0.201206
7357,3.19471,0,nan,-0.00359528,-0.174436
7358,3.19471,0,nan,-0.00391845,-0.0124513
7359,3.19471,0,nan,-0.00407083,-0.152921
7360,3.19471,-0.015708,nan,-0.00355715,-0.25633
7361,3.19471,-0.00872665,nan,-0.00343042,-0.0745742
7362,3.19471,0,nan,-0.00327661,-0.15573
7363,3.19461,0,nan,-0.00330834,-0.280666
7364,3.19461,-0.0174533,nan,-0.00313009,-0.209176
7365,3.19461,-0.00872665,nan,-0.00315351,-0.168226
7366,3.19461,0,nan,-0.00285852,-0.109215
7367,3.19461,0,nan,-0.00291982,-0.110106
7368,3.19461,-0.0174533,nan,-0.00310568,0.0535102
7369,3.19461,0,nan,-0.0027892,-0.205012
7370,3.19451,0,nan,-0.00300028,-0.388245
7371,3.19451,-0.00872665,nan,-0.00292689,-0.20688
7372,3.19451,0,nan,-0.00274976,-0.231864
7373,3.19451,0,nan,-0.00311355,-0.334257
7374,3.19451,0,nan,-0.00294675,-0.276507
7375,3.19451,0,nan,-0.00278421,-0.260382
7376,3.19451,-0.00698132,nan,-0.00304061,-0.0978305
7377,3.19451,0,nan,-0.00314837,-0.196324
7378,3.19442,-0.00174533,nan,-0.00318664,0.177098
7379,3.19442,0,nan,-0.00303212,0.0683154
7380,3.19442,0,nan,-0.00238422,0.105394
7381,3.19442,-0.015708,nan,-0.00214965,-0.0572483
7382,3.19442,0,nan,-0.00161161,-0.00785013
7383,3.19442,0,nan,-0.00170695,-0.230942
7384,3.19442,0,nan,-0.00140271,-0.309527
7385,3.19442,-0.00872665,nan,-0.00140789,-0.102443
7386,3.19442,0,nan,-0.00137162,0.00854054
7387,3.19442,0,nan,-0.00176492,-0.135834
7388,3.19432,0,nan,-0.00237256,-0.463216
7389,3.19432,0,nan,-0.00212006,-0.0299634
7390,3.19432,-0.00872665,nan,-0.00188771,-0.234044
7391,3.19432,0,nan,-0.00189454,-0.0406698
7392,3.19432,0,nan,-0.00210993,-0.0579526
7393,3.19432,0,nan,-0.00199087,-0.222543
7394,3.19432,-0.00872665,nan,-0.00210945,-0.113462
7395,3.19432,0,nan,-0.0021333,-0.127733
7396,3.19432,-0.015708,nan,-0.00204084,-0.292598
7397,3.19432,0,nan,-0.00203665,-0.126477
7398,3.19423,-0.010472,nan,-0.00184197,0.000776726
7399,3.19423,0,nan,-0.00179372,-0.0263763
7400,3.19423,-0.010472,nan,-0.00156052,-0.106206
7401,3.19423,0,nan,-0.00188908,-0.0830115
7402,3.19423,0,nan,-0.00158148,-0.161763
7403,3.19423,0,nan,-0.00167411,-0.232554
7404,3.19423,0,nan,-0.00130664,0.105013
7405,3.19423,0,nan,-0.000857929,-0.165086
7406,3.19423,0,nan,-0.000947238,0.0547423
7407,3.19423,0,nan,-0.00116445,-0.100457
7408,3.19423,0,nan,-0.000960233,-0.249819
7409,3.19423,0,nan,-0.000776894,-0.0120909
7410,3.19423,0,nan,-0.000535802,0.0330287
7411,3.19413,0,nan,-0.000717603,-0.0804012
7412,3.19413,0,nan,-0.000783372,0.112295
7413,3.19413,0,nan,-0.000522106,0.0330611
7414,3.19413,-0.00872665,nan,-0.000468818,0.0617638
7415,3.19413,0,nan,-0.000620824,-0.203116
7416,3.19413,0,nan,-0.000580437,0.0741753
7417,3.19413,0,nan,-0.000441085,-0.158846
7418,3.19413,-0.00174533,nan,-0.000189011,-0.154857
7419,3.19413,0,nan,7.05775e-05,-0.0126718
7420,3.19413,0,nan,-0.000107446,-0.0983697
7421,3.19413,0,nan,-0.000439873,-0.213865
7422,3.19413,0,nan,-0.000394873,-0.102554
7423,3.19413,-0.00872665,nan,-0.000307412,-0.0044298
7424,3.19413,0,nan,-0.000557053,-0.409243
7425,3.19413,0,nan,-0.000792451,-0.0115755
7426,3.19413,0,nan,-0.00036783,-0.115975
7427,3.19413,0,nan,-0.000420953,-0.213743
7428,3.19413,0,nan,-0.000481344,-0.0763579
7429,3.19413,0,nan,-0.000630188,-0.133759
7430,3.19413,0,nan,-0.000727476,-0.273744
7431,3.19413,-0.00872665,nan,-0.000727904,-0.038565
7432,3.19404,0,nan,-0.000768636,-0.108565
7433,3.19404,0,nan,-0.000331262,-0.101997
7434,3.19404,0,nan,-0.000540758,-0.215848
7435,3.19404,0,nan,-0.000452544,-0.172754
7436,3.19404,0,nan,-0.000233084,-0.0862434
7437,3.19404,0,nan,-6.55231e-05,-0.236012
7438,3.19404,0,nan,0.000168882,-0.21878
7439,3.19404,0,nan,0.000327557,-0.216676
7440,3.19404,0,nan,-0.000107922,-0.167883
7441,3.19404,0,nan,-0.000198195,0.0522921
7442,3.19404,0,nan,-5.22482e-05,-0.0422818
7443,3.19404,0,nan,-0.00019785,0.0107844
7444,3.19404,0,nan,-0.000271285,-0.336198
7445,3.19404,0,nan,-0.000559018,0.0189549
7446,3.19404,0,nan,-0.000607722,-0.148127
7447,3.19404,0,nan,-0.000529527,-0.105873
7448,3.19404,0,nan,-0.000421414,0.0753082
7449,3.19404,0,nan,-0.000496352,-0.216283
7450,3.19404,0,nan,-0.000626356,-0.24591
7451,3.19404,0,nan,-0.000520459,-0.147489
7452,3.19404,0,nan,-0.000550398,0.0458059
7453,3.19404,0,nan,-0.000580112,0.00375536
7454,3.19404,0,nan,-0.00027768,-0.0748977
7455,3.19404,0,nan,-0.000335342,0.0485959
7456,3.19404,0,nan,-0.000344827,-0.0345478
7457,3.19404,0,nan,-0.000109726,-0.238597
7458,3.19404,0,nan,-8.02589e-05,-0.0584678
7459,3.19404,0,nan,-0.000273521,-0.0892318
7460,3.19404,0,nan,-0.000462224,-0.119824
7461,3.19404,0,nan,-0.000594303,-0.149273
7462,3.19404,0,nan,-0.000754846,-0.178859
7463,3.19404,0,nan,-0.000671815,-0.108249
7464,3.19404,0,nan,-0.000695361,-0.0945136
7465,3.19404,0,nan,-0.000634871,-0.16284
7466,3.19404,0,nan,-0.00074768,-0.330745
7467,3.19404,0,nan,-0.000826783,0.0139799
7468,3.19404,0,nan,-0.000723943,-0.039861
7469,3.19404,0,nan,-0.00108439,-0.114097
7470,3.19404,0,nan,-0.00134814,0.0348116
7471,3.19404,0,nan,-0.00116246,0.0511006
7472,3.19394,0,nan,-0.00117271,-0.0181969
7473,3.19394,0,nan,-0.00131451,-0.172484
7474,3.19394,0,nan,-0.00125891,-0.337592
7475,3.19394,0,nan,-0.00144214,-0.312496
7476,3.19394,-0.00523599,nan,-0.00169722,-0.0805173
7477,3.19394,0,nan,-0.00193328,-0.166679
7478,3.19394,0,nan,-0.00169913,-0.398431
7479,3.19394,0,nan,-0.00181139,-0.178717
7480,3.19394,0,nan,-0.00182486,0.000916539
7481,3.19394,-0.00872665,nan,-0.00190722,-0.16634
7482,3.19394,0,nan,-0.00205974,-0.0298128
7483,3.19394,0,nan,-0.00211654,-0.293667
7484,3.19394,0,nan,-0.00249748,0.0337191
7485,3.19394,0,nan,-0.0026903,-0.287311
7486,3.19394,0,nan,-0.00293597,-0.221261
7487,3.19394,0,nan,-0.00296527,-0.263049
7488,3.19394,-0.010472,nan,-0.00267431,-0.161825
7489,3.19394,0,nan,-0.00284761,-0.164518
7490,3.19394,0,nan,-0.00255546,-0.215969
7491,3.19384,0,nan,-0.00270932,-0.162919
7492,3.19384,0,nan,-0.00235835,-0.13031
7493,3.19384,-0.00872665,nan,-0.00221522,0.0790789
7494,3.19384,0,nan,-0.00187579,-0.3035
7495,3.19384,0,nan,-0.0019066,-0.0138859
7496,3.19384,0,nan,-0.0019117,0.0138757
7497,3.19384,0,nan,-0.00190048,-0.0135934
7498,3.19384,0,nan,-0.00201744,-0.167696
7499,3.19384,0,nan,-0.00227727,-0.157302
7500,3.19384,0,nan,-0.00209,-0.0714789
7501,3.19384,0,nan,-0.00178389,-0.205522
7502,3.19384,0,nan,-0.00216675,-0.10047
7503,3.19384,0,nan,-0.00223634,-0.28141
7504,3.19375,0,nan,-0.00230915,-0.310014
7505,3.19375,0,nan,-0.00269908,-0.273577
7506,3.19375,-0.0174533,nan,-0.00257985,-0.147233
7507,3.19375,0,nan,-0.00241426,0.0486498
7508,3.19375,-0.00349066,nan,-0.00207869,-0.153966
7509,3.19375,0,nan,-0.00186709,-0.40001
7510,3.19375,-0.00872665,nan,-0.00186683,0.0426488
7511,3.19375,0,nan,-0.00195212,-0.0971813
7512,3.19375,-0.00872665,nan,-0.00202854,-0.236851
7513,3.19375,0,nan,-0.00208425,-0.279324
7514,3.19365,0,nan,-0.00203125,-0.139949
7515,3.19365,0,nan,-0.00168159,-0.245637
7516,3.19365,0,nan,-0.00174847,-0.0531161
7517,3.19365,0,nan,-0.00116625,-0.0584761
7518,3.19365,0,nan,-0.00138235,-0.0339225
7519,3.19365,0,nan,-0.00127074,0.20288
7520,3.19365,-0.00872665,nan,-0.00137593,-0.186424
7521,3.19365,0,nan,-0.0015291,-0.465814
7522,3.19365,0,nan,-0.00168914,-0.357121
7523,3.19365,0,nan,-0.00162619,-0.203782
7524,3.19365,0,nan,-0.00182972,-0.137635
7525,3.19356,-0.00872665,nan,-0.00190533,-0.194014
7526,3.19356,0,nan,-0.00194872,-0.0836561
7527,3.19356,0,nan,-0.00209432,-0.210319
7528,3.19356,0,nan,-0.00218369,-0.294465
7529,3.19356,0,nan,-0.00221628,-0.336545
7530,3.19356,0,nan,-0.00208432,-0.182344
7531,3.19356,0,nan,-0.00193674,-0.000537828
7532,3.19356,0,nan,-0.00179852,-0.192513
7533,3.19356,0,nan,-0.00185462,-0.13777
7534,3.19356,0,nan,-0.00154531,0.0603377
7535,3.19346,0,nan,-0.00136788,-0.117024
7536,3.19346,0,nan,-0.0013368,-0.00615493
7537,3.19346,0,nan,-0.00116195,-0.0591123
7538,3.19346,-0.010472,nan,-0.00112267,-0.0172824
7539,3.19346,0,nan,-0.00100964,0.053382
7540,3.19346,0,nan,-0.00104571,-0.11325
7541,3.19346,0,nan,-0.00103404,-0.182504
7542,3.19346,-0.010472,nan,-0.000963949,-0.0985803
7543,3.19346,0,nan,-0.000443618,-0.173624
7544,3.19346,0,nan,-0.000423512,0.0618633
7545,3.19336,0,nan,-0.000271147,-0.281639
7546,3.19336,0,nan,-0.000362685,0.0351586
7547,3.19336,-0.0139626,nan,-0.000903326,0.0408084
7548,3.19336,0,nan,-0.000977477,-0.223109
7549,3.19336,0,nan,-0.00117155,-0.0598292
7550,3.19336,0,nan,-0.00102079,-0.376048
7551,3.19336,0,nan,-0.000543874,-0.10609
7552,3.19336,0,nan,-0.000351698,-0.200109
7553,3.19336,0,nan,-0.000562097,-0.161859
7554,3.19336,0,nan,-0.000689263,-0.1222
7555,3.19336,-0.00872665,nan,-0.000854029,-0.207688
7556,3.19336,0,nan,-0.000813262,-0.0136304
7557,3.19336,0,nan,-0.000510852,0.198731
7558,3.19336,0,nan,-0.000414668,-0.187082
7559,3.19327,0,nan,-0.000478745,-0.0775736
7560,3.19327,0,nan,-0.000214072,-0.0600625
7561,3.19327,-0.00872665,nan,-0.000234773,-0.0185518
7562,3.19327,0,nan,-0.000290958,-0.144116
7563,3.19327,0,nan,-0.000170942,-0.197638
7564,3.19327,0,nan,-0.00040315,-0.297709
7565,3.19327,0,nan,-0.000591756,-0.0794186
7566,3.19327,0,nan,-0.000803628,-0.110447
7567,3.19327,0,nan,-0.000590586,-0.121311
7568,3.19327,0,nan,-0.000519931,0.00429385
7569,3.19327,0,nan,-0.000403626,0.0474875
7570,3.19327,0,nan,-0.000209649,-0.0603708
7571,3.19327,0,nan,-0.000111745,-0.0592107
7572,3.19327,0,nan,6.99785e-05,-0.0704818
7573,3.19327,0,nan,-0.000236513,-0.296474
7574,3.19327,0,nan,-0.000122037,-0.128656
7575,3.19327,0,nan,-0.000328696,-0.339068
7576,3.19327,-0.00174533,nan,-0.000162468,-0.0462129
7577,3.19317,0,nan,-8.33815e-05,-0.0865973
7578,3.19317,0,nan,0.000147348,-0.0416363
7579,3.19317,0,nan,-1.76516e-05,-0.140914
7580,3.19317,0,nan,0.000455078,-0.0370416
7581,3.19317,0,nan,0.00046101,-0.0782958
7582,3.19317,0,nan,0.000249265,0.139937
7583,3.19317,0,nan,0.000223684,-0.0266143
7584,3.19317,0,nan,0.000739748,-0.0466559
7585,3.19317,0,nan,0.000232733,-0.344705
7586,3.19317,0,nan,0.000565017,-0.0628664
7587,3.19317,-0.00872665,nan,0.000476851,-0.216427
7588,3.19317,0,nan,0.000459552,-0.0508046
7589,3.19317,0,nan,0.000575968,-0.242735
7590,3.19317,0,nan,0.00050743,0.185098
7591,3.19317,0,nan,0.000210001,-0.303545
7592,3.19317,0,nan,0.000140973,-0.0831436
7593,3.19317,0,nan,7.54503e-05,-0.194637
7594,3.19317,0,nan,9.01999e-05,-0.291282
7595,3.19317,0,nan,-1.47776e-05,-0.0992826
7596,3.19317,0,nan,0.000111758,0.0821213
7597,3.19317,0,nan,0.000158522,0.124426
7598,3.19317,0,nan,0.000110387,0.109901
7599,3.19317,0,nan,0.000399585,-0.0239073
7600,3.19317,-0.00174533,nan,0.000421215,0.156526
7601,3.19317,0,nan,0.000481073,-0.0637784
7602,3.19317,0,nan,0.000726037,0.0505661
7603,3.19317,0,nan,0.000400304,-0.424629
7604,3.19317,0,nan,-7.39886e-05,-0.348784
7605,3.19317,0,nan,-8.49061e-05,-0.00342532
7606,3.19317,0,nan,-7.31387e-05,-0.210967
7607,3.19317,0,nan,-0.000258441,-0.324275
7608,3.19317,0,nan,-0.000184848,-0.143324
7609,3.19317,0,nan,-0.00062554,-0.246621
7610,3.19317,0,nan,-0.000823072,-0.0830022
7611,3.19317,0,nan,-0.000802698,0.138889
7612,3.19317,0,nan,-0.00112363,-0.336189
7613,3.19317,0,nan,-0.00103034,0.0253919
7614,3.19317,0,nan,-0.00115683,-0.156394
7615,3.19317,0,nan,-0.00099142,0.011966
7616,3.19317,0,nan,-0.00114491,-0.32235
7617,3.19317,0,nan,-0.000984765,0.0537618
7618,3.19308,-0.00872665,nan,-0.000475919,-0.063123
7619,3.19308,0,nan,-0.000518537,-0.0777084
7620,3.19308,0,nan,-0.000419797,-0.297694
7621,3.19308,0,nan,-0.000599233,-0.0100107
7622,3.19308,0,nan,-0.000430358,-0.173567
7623,3.19308,0,nan,-0.000758822,-0.206165
7624,3.19308,0,nan,-0.000599117,-0.190097
7625,3.19308,0,nan,-0.000415505,-0.132092
7626,3.19308,0,nan,-0.000669857,-0.274174
7627,3.19308,0,nan,-0.000900937,-0.0977724
7628,3.19308,0,nan,-0.000853098,-0.26322
7629,3.19308,0,nan,-0.00092236,-0.0841218
7630,3.19308,0,nan,-0.00104482,-0.126943
7631,3.19308,0,nan,-0.00114534,-0.197582
7632,3.19308,0,nan,-0.00122538,-0.171037
7633,3.19308,0,nan,-0.00157584,-0.466707
7634,3.19308,0,nan,-0.00160516,-0.176174
7635,3.19308,0,nan,-0.00166239,0.0861218
7636,3.19308,0,nan,-0.00159604,-0.300389
7637,3.19308,0,nan,-0.00162096,-0.245202
7638,3.19308,0,nan,-0.0018957,-4.41013e-06
7639,3.19308,0,nan,-0.00160016,-0.161343
7640,3.19308,0,nan,-0.00185147,-0.137427
7641,3.19308,0,nan,-0.00224716,-0.198457
7642,3.19308,0,nan,-0.002216,-0.0734126
7643,3.19308,-0.00872665,nan,-0.00214788,-0.183255
7644,3.19308,0,nan,-0.00225237,-0.156749
7645,3.19308,0,nan,-0.00199004,0.0129354
7646,3.19308,0,nan,-0.00207471,-0.167975
7647,3.19308,0,nan,-0.00214195,-0.210773
7648,3.19298,0,nan,-0.00189743,-0.0687698
7649,3.19298,0,nan,-0.00184415,-0.261801
7650,3.19298,0,nan,-0.00219446,-0.114509
7651,3.19298,-0.00872665,nan,-0.00199633,-0.00103984
7652,3.19298,0,nan,-0.00224169,-0.184537
7653,3.19298,0,nan,-0.00273405,-0.0939961
7654,3.19298,0,nan,-0.00300138,-0.11132
7655,3.19298,0,nan,-0.00299728,-0.0143249
7656,3.19298,0,nan,-0.0031057,-0.0572809
7657,3.19298,0,nan,-0.00325044,-0.197481
7658,3.19298,0,nan,-0.00325163,-0.252574
7659,3.19298,0,nan,-0.00313668,-0.154201
7660,3.19298,0,nan,-0.00273067,0.100614
7661,3.19298,0,nan,-0.00273996,-0.162406
7662,3.19298,-0.00872665,nan,-0.00289172,-0.317395
7663,3.19289,0,nan,-0.00327487,-0.350306
7664,3.19289,-0.00872665,nan,-0.00308799,0.164615
7665,3.19289,0,nan,-0.00343938,-0.283201
7666,3.19289,-0.0139626,nan,-0.00360709,-0.271526
7667,3.19289,0,nan,-0.00314591,-0.126272
7668,3.19289,-0.00872665,nan,-0.0035377,-0.173483
7669,3.19289,0,nan,-0.00360216,-0.0914326
7670,3.19289,-0.00174533,nan,-0.0033845,-0.088603
7671,3.19289,0,nan,-0.00293387,0.0701957
7672,3.19279,0,nan,-0.00248116,-0.0339578
7673,3.19279,0,nan,-0.0023073,-0.0455041
7674,3.19279,0,nan,-0.00199598,-0.0134526
7675,3.19279,-0.00872665,nan,-0.00184405,0.0578236
7676,3.19279,0,nan,-0.00149095,-0.102898
7677,3.19279,-0.0122173,nan,-0.00146265,0.118973
7678,3.19279,0,nan,-0.0012683,0.0388537
7679,3.19279,0,nan,-0.00104648,-0.123936
7680,3.19279,0,nan,-0.00135576,-0.170243
7681,3.19279,0,nan,-0.0012415,-0.279396
7682,3.19269,-0.00872665,nan,-0.0014255,-0.379271
7683,3.19269,0,nan,-0.00122901,0.0107871
7684,3.19269,0,nan,-0.0008593,-0.14969
7685,3.19269,0,nan,-0.00109312,-0.291627
7686,3.19269,0,nan,-0.000956569,-0.110142
7687,3.19269,0,nan,-0.000905967,-0.081566
7688,3.19269,0,nan,-0.00124665,-0.100392
7689,3.19269,0,nan,-0.00115372,-0.0993307
7690,3.19269,0,nan,-0.00138592,-0.199692
7691,3.19269,0,nan,-0.00146668,-0.0765325
7692,3.19269,0,nan,-0.00174017,-0.177714
7693,3.19269,-0.00872665,nan,-0.00159158,-0.148083
7694,3.19269,0,nan,-0.00148068,-0.118708
7695,3.19269,0,nan,-0.00125617,0.0505091
7696,3.1926,-0.00872665,nan,-0.00121245,-0.350296
7697,3.1926,0,nan,-0.00155057,-0.299917
7698,3.1926,0,nan,-0.00180876,0.0426724
7699,3.1926,0,nan,-0.00168079,-0.0659937
7700,3.1926,0,nan,-0.00183123,-0.2897
7701,3.1926,0,nan,-0.00155079,0.0462334
7702,3.1926,0,nan,-0.00159504,-0.245068
7703,3.1926,0,nan,-0.00155317,-0.341094
7704,3.1926,-0.010472,nan,-0.00127745,0.132982
7705,3.1926,0,nan,-0.0010049,0.0956145
7706,3.1926,0,nan,-0.000778925,0.140555
7707,3.1926,0,nan,-0.000839189,-0.233832
7708,3.1926,0,nan,-0.00076257,-0.315834
7709,3.1926,0,nan,-0.000849543,-0.123677
7710,3.1925,-0.015708,nan,-0.000857545,-0.137653
7711,3.1925,0,nan,-0.000394554,-0.158335
7712,3.1925,0,nan,-0.000365396,0.00816348
7713,3.1925,-0.0122173,nan,-0.0002599,-0.0317665
7714,3.1925,0,nan,-0.000337897,-0.0606961
7715,3.1925,0,nan,-0.00052609,-0.187993
7716,3.1925,-0.00174533,nan,-0.000686051,-0.0935935
7717,3.1925,0,nan,-0.000745742,-0.205511
7718,3.1925,0,nan,-0.000723819,0.0297859
7719,3.1925,0,nan,-0.000788352,-0.0958519
7720,3.1925,0,nan,-0.000643514,-0.107617
7721,3.1925,0,nan,-0.000553222,-0.0924411
7722,3.1925,0,nan,-0.000639823,-0.135286
7723,3.1925,0,nan,-0.000369036,-0.0898889
7724,3.1925,0,nan,-0.000627131,-0.245865
7725,3.1925,0,nan,-0.000504288,-0.0920608
7726,3.1925,0,nan,-0.00033133,0.0349247
7727,3.1925,0,nan,-0.000408242,-0.146211
7728,3.19241,-0.0174533,nan,-0.000435208,-0.229586
7729,3.19241,0,nan,-0.000377577,-0.228868
7730,3.19241,0,nan,-0.000362839,0.020137
7731,3.19241,0,nan,-0.000486219,-0.175309
7732,3.19241,0,nan,-0.000702769,-0.17835
7733,3.19241,0,nan,-0.000717462,-0.137025
7734,3.19241,0,nan,-0.000818826,0.0141108
7735,3.19241,0,nan,-0.000767974,-0.372505
7736,3.19241,0,nan,-0.000501415,-0.119544
7737,3.19241,0,nan,-0.000436704,-0.0356996
7738,3.19241,0,nan,-0.000520709,-0.258173
7739,3.19241,0,nan,-0.000362872,-0.145036
7740,3.19241,0,nan,-0.000350934,-0.0758888
7741,3.19241,0,nan,-0.000508774,-0.258016
7742,3.19241,0,nan,-0.0003685,-0.0485122
7743,3.19241,0,nan,-0.000684067,-0.163936
7744,3.19241,0,nan,-0.000844305,-0.0415551
7745,3.19241,0,nan,-0.000889833,-0.360373
7746,3.19241,-0.00174533,nan,-0.000797269,-0.1101
7747,3.19241,0,nan,-0.000305316,0.0910789
7748,3.19241,0,nan,-0.000374528,-0.0622369
7749,3.19241,0,nan,-0.000329905,0.270475
7750,3.19241,0,nan,-0.000430198,-0.0629968
7751,3.19241,0,nan,-0.00056387,-0.258836
7752,3.19241,0,nan,-0.000413437,-0.367328
7753,3.19241,0,nan,-0.000205433,0.0920878
7754,3.19241,0,nan,-0.000702844,-0.274723
7755,3.19241,0,nan,-0.000858826,-0.083467
7756,3.19241,0,nan,-0.00122345,0.0502815
7757,3.19241,0,nan,-0.0011793,-0.294988
7758,3.19241,0,nan,-0.00121616,0.0231293
7759,3.19231,0,nan,-0.00121407,0.0372268
7760,3.19231,0,nan,-0.00140164,-0.15928
7761,3.19231,0,nan,-0.00120089,-0.128856
7762,3.19231,-0.00349066,nan,-0.00156373,-0.480399
7763,3.19231,0,nan,-0.00162513,-0.0657
7764,3.19231,0,nan,-0.00125615,-0.060494
7765,3.19231,0,nan,-0.00143335,-0.104687
7766,3.19231,-0.0174533,nan,-0.00124708,-0.171221
7767,3.19231,0,nan,-0.00133639,-0.15892
7768,3.19231,0,nan,-0.00130727,-0.116842
7769,3.19231,0,nan,-0.00172398,-0.163958
7770,3.19231,0,nan,-0.00140231,0.0484091
7771,3.19231,0,nan,-0.0010583,-0.0294582
7772,3.19231,0,nan,-0.00101773,-0.291603
7773,3.19231,0,nan,-0.000864511,0.0979958
7774,3.19231,0,nan,-0.000690945,-0.0100687
7775,3.19231,0,nan,-0.000954546,-0.110714
7776,3.19231,-0.00872665,nan,-0.00113366,-0.0581402
7777,3.19231,0,nan,-0.00162319,-0.383924
7778,3.19231,0,nan,-0.0014898,-0.105102
7779,3.19231,0,nan,-0.00142626,-0.173526
7780,3.19231,0,nan,-0.00136364,-0.103517
7781,3.19231,0,nan,-0.00136775,-0.255831
7782,3.19221,0,nan,-0.00105969,0.136385
7783,3.19221,0,nan,-0.00127412,-0.24028
7784,3.19221,0,nan,-0.00193166,-0.346693
7785,3.19221,0,nan,-0.00181013,0.0704562
7786,3.19221,-0.015708,nan,-0.00177911,-0.357976
7787,3.19221,0,nan,-0.00155526,-0.0644725
7788,3.19221,0,nan,-0.0013625,-0.144785
7789,3.19221,0,nan,-0.00137895,-0.0205474
7790,3.19221,0,nan,-0.00120426,-0.156638
7791,3.19221,0,nan,-0.00125999,0.0636553
7792,3.19221,0,nan,-0.00109811,-0.0585971
7793,3.19221,-0.00872665,nan,-0.00112479,-0.211164
7794,3.19221,0,nan,-0.000989712,0.219759
7795,3.19221,0,nan,-0.000807259,-0.123418
7796,3.19221,0,nan,-0.000835767,-0.110164
7797,3.19221,0,nan,-0.000859447,9.12864e-05
7798,3.19221,0,nan,-0.000851353,-0.0968681
7799,3.19221,0,nan,-0.000707913,-0.163985
7800,3.19221,0,nan,-0.000990745,-0.347963
7801,3.19221,0,nan,-0.000918651,0.178991
7802,3.19221,0,nan,-0.0010038,-0.140408
7803,3.19221,0,nan,-0.00124837,-0.226873
7804,3.19221,0,nan,-0.00124595,-0.240697
7805,3.19212,0,nan,-0.00109634,0.0797908
7806,3.19212,0,nan,-0.000630997,-0.0240404
7807,3.19212,0,nan,-0.000939142,-0.111718
7808,3.19212,0,nan,-0.00118537,0.106188
7809,3.19212,0,nan,-0.0012979,-0.102873
7810,3.19212,0,nan,-0.000903336,0.124224
7811,3.19212,0,nan,-0.00093423,0.0408227
7812,3.19212,0,nan,-0.000892362,-0.0140598
7813,3.19212,0,nan,-0.000642592,0.0308927
7814,3.19212,0,nan,-0.000614776,-0.231637
7815,3.19212,0,nan,-0.000551353,-0.0230926
7816,3.19212,0,nan,-0.000751686,-0.247364
7817,3.19212,0,nan,-0.000440716,-0.132072
7818,3.19212,0,nan,-0.000593801,-0.176061
7819,3.19212,0,nan,-0.000388103,-0.325154
7820,3.19212,0,nan,-0.000417261,-0.132144
7821,3.19212,0,nan,-0.000674831,-0.191518
7822,3.19212,0,nan,-0.00087419,-0.166753
7823,3.19212,0,nan,-0.00071398,-0.233614
7824,3.19212,0,nan,-0.000854192,-0.277081
7825,3.19212,0,nan,-0.00117912,-0.143026
7826,3.19212,0,nan,-0.00123957,-0.379243
7827,3.19212,0,nan,-0.00135034,-0.0760079
7828,3.19212,0,nan,-0.00132055,0.118263
7829,3.19202,0,nan,-0.00132977,-0.0341939
7830,3.19202,0,nan,-0.00120001,-0.18466
7831,3.19202,0,nan,-0.000967646,-0.0152458
7832,3.19202,0,nan,-0.000946832,0.0125509
7833,3.19202,0,nan,-0.000993846,-0.0851983
7834,3.19202,0,nan,-0.000794754,-0.220497
7835,3.19202,0,nan,-0.000858043,-0.152587
7836,3.19202,0,nan,-0.000779886,-0.248545
7837,3.19202,0,nan,-0.000660657,0.0164284
7838,3.19202,0,nan,-0.000378804,0.117234
7839,3.19202,0,nan,-0.000249989,-0.0882315
7840,3.19202,0,nan,-0.00028004,-0.254656
7841,3.19202,0,nan,-0.000423098,0.0475796
7842,3.19202,0,nan,-2.22737e-05,0.21959
7843,3.19202,0,nan,0.000290072,-0.0662916
7844,3.19202,0,nan,0.000742676,0.0652772
7845,3.19202,0,nan,0.000728852,-0.280957
7846,3.19202,0,nan,0.000870036,-0.250986
7847,3.19202,0,nan,0.00106365,0.0148431
7848,3.19202,0,nan,0.00114483,-0.274241
7849,3.19202,0,nan,0.00130345,-0.216606
7850,3.19202,0,nan,0.00123349,-0.175836
7851,3.19202,0,nan,0.00108751,-0.21938
7852,3.19202,0,nan,0.000827427,-0.0571657
7853,3.19202,0,nan,0.000836181,-0.347526
7854,3.19202,0,nan,0.000681526,-0.239217
7855,3.19202,0,nan,0.000925277,0.0552131
7856,3.19202,0,nan,0.00101113,-0.0956808
7857,3.19202,0,nan,0.00102946,-0.15081
7858,3.19202,0,nan,0.000776773,-0.251254
7859,3.19202,0,nan,0.000699178,-0.0586458
7860,3.19202,0,nan,0.000578604,-0.0050456
7861,3.19202,0,nan,0.000714513,-0.210192
7862,3.19202,0,nan,0.000543462,0.0224389
7863,3.19202,0,nan,0.000753837,-0.084996
7864,3.19202,0,nan,0.000828656,-0.125197
7865,3.19202,0,nan,0.000707408,-0.168434
7866,3.19202,0,nan,0.000800807,-0.208588
7867,3.19202,0,nan,0.00089978,-0.234571
7868,3.19202,0,nan,0.000979919,0.0297451
7869,3.19202,0,nan,0.000983055,-0.0393856
7870,3.19202,0,nan,0.000639677,-0.127646
7871,3.19202,0,nan,0.000391554,-0.339013
7872,3.19202,0,nan,0.000385071,0.10372
7873,3.19202,0,nan,0.000233815,-0.299484
7874,3.19202,0,nan,0.000220633,-0.189
7875,3.19202,0,nan,2.73921e-05,-0.344114
7876,3.19202,0,nan,-0.000555349,-0.269834
7877,3.19202,0,nan,-0.000476362,-0.21322
7878,3.19202,0,nan,-0.000339255,-0.266554
7879,3.19202,0,nan,-0.000295854,-0.362687
7880,3.19202,0,nan,-0.000384144,-0.211785
7881,3.19202,0,nan,-0.000131183,-0.457095
7882,3.19202,0,nan,0.000184844,-0.0513078
7883,3.19202,0,nan,3.6879e-05,-0.192095
7884,3.19202,0,nan,-0.000383677,-0.378159
7885,3.19202,0,nan,-0.000426785,-0.15766
7886,3.19202,0,nan,-0.000307881,-0.0449969
7887,3.19202,0,nan,-0.000454618,-0.0747287
7888,3.19202,0,nan,-0.000155436,0.13731
7889,3.19202,0,nan,-0.000423753,-0.184892
7890,3.19202,0,nan,-0.000618119,-0.0774082
7891,3.19202,0,nan,-0.000660198,0.0326699
7892,3.19202,0,nan,-0.000619241,0.171558
7893,3.19202,0,nan,-0.000625941,-0.160675
7894,3.19202,-0.00872665,nan,-0.000417089,0.0776132
7895,3.19202,0,nan,-0.000277391,-0.197204
7896,3.19202,0,nan,-0.000387002,-0.143348
7897,3.19202,0,nan,-0.000705432,-0.20359
7898,3.19202,0,nan,-0.000797872,-0.135976
7899,3.19202,0,nan,-0.00114095,0.0109106
7900,3.19202,0,nan,-0.00121511,-0.267248
7901,3.19202,0,nan,-0.00135716,0.034731
7902,3.19202,0,nan,-0.000988229,-0.0289654
7903,3.19202,0,nan,-0.00131286,-0.144456
7904,3.19202,0,nan,-0.000990878,0.192316
7905,3.19193,0,nan,-0.000720009,0.0857953
7906,3.19193,0,nan,-0.000355589,0.0360867
7907,3.19193,0,nan,-0.0001467,-0.0438696
7908,3.19193,0,nan,-0.000638012,-0.175515
7909,3.19193,0,nan,-0.000694272,-0.397827
7910,3.19193,0,nan,-0.000756699,0.00195325
7911,3.19193,0,nan,-0.00153557,-0.175358
7912,3.19193,0,nan,-0.00166779,-0.370871
7913,3.19193,0,nan,-0.00143012,-0.353363
7914,3.19193,0,nan,-0.00124751,-0.309039
7915,3.19193,0,nan,-0.00107284,-0.334209
7916,3.19193,0,nan,-0.00101733,-0.278142
7917,3.19193,0,nan,-0.00124864,-0.00518697
7918,3.19193,0,nan,-0.00144231,-0.11875
7919,3.19193,0,nan,-0.00162831,-0.245808
7920,3.19193,0,nan,-0.00195052,-0.471578
7921,3.19193,0,nan,-0.0020328,-0.0155926
7922,3.19193,0,nan,-0.00161199,0.00432629
7923,3.19193,0,nan,-0.00175959,0.00226509
7924,3.19193,0,nan,-0.00151425,0.0195637
7925,3.19193,-0.00872665,nan,-0.000930217,0.0696512
7926,3.19193,0,nan,-0.00112975,0.0666198
7927,3.19193,0,nan,-0.00119344,-0.15606
7928,3.19193,0,nan,-0.00127437,-0.143766
7929,3.19193,0,nan,-0.00158517,-0.2037
7930,3.19193,-0.00872665,nan,-0.00152926,-0.354874
7931,3.19193,0,nan,-0.00168662,-0.121926
7932,3.19193,0,nan,-0.00157647,-0.286229
7933,3.19193,0,nan,-0.00145354,-0.0214075
7934,3.19193,0,nan,-0.00128963,0.0502709
7935,3.19193,0,nan,-0.00145303,0.0615548
7936,3.19193,0,nan,-0.00150938,-0.202162
7937,3.19193,0,nan,-0.0016477,-0.42567
7938,3.19193,0,nan,-0.00167865,-0.356879
7939,3.19193,0,nan,-0.00183935,-0.16506
7940,3.19193,0,nan,-0.00185716,-0.0408568
7941,3.19193,0,nan,-0.00217365,-0.225199
7942,3.19193,0,nan,-0.00235905,-0.186063
7943,3.19183,0,nan,-0.00203922,-0.126042
7944,3.19183,0,nan,-0.00194727,-0.069458
7945,3.19183,0,nan,-0.00192207,-0.180029
7946,3.19183,0,nan,-0.00187603,-0.220971
7947,3.19183,0,nan,-0.00196934,-0.167096
7948,3.19183,0,nan,-0.00175811,0.0852425
7949,3.19183,0,nan,-0.00150383,0.00555979
7950,3.19183,0,nan,-0.00145759,0.130489
7951,3.19183,-0.00872665,nan,-0.00147587,0.0612157
7952,3.19183,0,nan,-0.00166765,-0.301365
7953,3.19183,0,nan,-0.00184551,-0.0132007
7954,3.19183,0,nan,-0.00197812,-0.208763
7955,3.19183,0,nan,-0.00176971,-0.205556
7956,3.19183,0,nan,-0.00153749,0.226598
7957,3.19183,0,nan,-0.0015657,-0.216676
7958,3.19183,0,nan,-0.00175958,-0.081328
7959,3.19183,0,nan,-0.00194982,-0.166894
7960,3.19183,0,nan,-0.00189812,-0.110579
7961,3.19183,0,nan,-0.00167823,-0.0523184
7962,3.19183,0,nan,-0.00173351,-0.108345
7963,3.19183,0,nan,-0.00186952,-0.331995
7964,3.19183,0,nan,-0.0016584,-0.190521
7965,3.19173,0,nan,-0.00148368,-0.174073
7966,3.19173,0,nan,-0.00144095,0.0336316
7967,3.19173,0,nan,-0.00122123,-0.0182245
7968,3.19173,-0.00872665,nan,-0.00117551,-0.183624
7969,3.19173,0,nan,-0.00149901,-0.465572
7970,3.19173,0,nan,-0.00145765,-0.174086
7971,3.19173,0,nan,-0.00166758,-0.080017
7972,3.19173,-0.0174533,nan,-0.00140125,-0.00678644
7973,3.19173,0,nan,-0.00132278,-0.296232
7974,3.19173,0,nan,-0.00150504,0.0192406
7975,3.19173,-0.00349066,nan,-0.0017152,0.00237033
7976,3.19173,0,nan,-0.00172334,0.057808
7977,3.19173,0,nan,-0.00164631,-0.24528
7978,3.19173,0,nan,-0.00162528,-0.1344
7979,3.19173,-0.00872665,nan,-0.001701,0.0302545
7980,3.19173,0,nan,-0.00158652,-0.161966
7981,3.19173,0,nan,-0.00175756,-0.288983
7982,3.19173,0,nan,-0.0017052,-0.329645
7983,3.19173,-0.00872665,nan,-0.00169945,-0.0800036
7984,3.19164,0,nan,-0.00142123,0.0208478
7985,3.19164,0,nan,-0.000837423,-0.0399939
7986,3.19164,0,nan,-0.00108037,-0.306451
7987,3.19164,0,nan,-0.00124473,0.0504852
7988,3.19164,0,nan,-0.00130912,-0.144257
7989,3.19164,0,nan,-0.00127279,-0.199177
7990,3.19164,0,nan,-0.000914166,-0.180075
7991,3.19164,-0.00523599,nan,-0.000790301,-0.0263399
7992,3.19164,0,nan,-0.000956479,-0.222341
7993,3.19164,0,nan,-0.00141409,-0.15993
7994,3.19164,0,nan,-0.00132309,-0.0893381
7995,3.19164,0,nan,-0.00117739,-0.0457879
7996,3.19164,0,nan,-0.00122443,-0.253976
7997,3.19164,0,nan,-0.000957996,-0.0285934
7998,3.19164,0,nan,-0.000742139,-0.20534
7999,3.19164,0,nan,-0.000579733,0.0461292
8000,3.19164,0,nan,-0.00070034,-0.273489
8001,3.19164,0,nan,-0.000752362,-0.385111
8002,3.19164,0,nan,-0.000977185,-0.153547
8003,3.19164,0,nan,-0.00114022,0.0100071
8004,3.19164,0,nan,-0.00139267,-0.284291
8005,3.19154,-0.00872665,nan,-0.00126092,-0.212777
8006,3.19154,0,nan,-0.00107657,-0.01653
8007,3.19154,0,nan,-0.000994641,-0.23668
8008,3.19154,0,nan,-0.00102418,-0.181889
8009,3.19154,-0.00698132,nan,-0.00140017,-0.118202
8010,3.19154,0,nan,-0.00135466,0.0624246
8011,3.19154,0,nan,-0.00118844,-0.142773
8012,3.19154,0,nan,-0.000677883,0.168871
8013,3.19154,0,nan,-0.000700009,-0.357161
8014,3.19154,0,nan,-0.000647138,-0.17665
8015,3.19154,0,nan,-0.000730512,-0.0950394
8016,3.19154,0,nan,-0.000972068,-0.403227
8017,3.19154,0,nan,-0.000855338,-0.166143
8018,3.19154,-0.00523599,nan,-0.000956381,-0.153611
8019,3.19154,0,nan,-0.000756112,-0.220012
8020,3.19154,0,nan,-0.00115937,0.0234988
8021,3.19154,0,nan,-0.00118515,-0.101558
8022,3.19154,0,nan,-0.000815076,-0.123619
8023,3.19154,0,nan,-0.000585336,-0.106479
8024,3.19154,-0.00872665,nan,-0.00070668,-0.19149
8025,3.19154,0,nan,-0.000628738,-0.0243821
8026,3.19154,0,nan,-0.000551401,-0.327508
8027,3.19154,0,nan,-0.000315141,-0.18562
8028,3.19154,0,nan,-3.86548e-06,0.0258404
8029,3.19145,-0.0174533,nan,0.000175282,0.0286358
8030,3.19145,0,nan,-0.000159775,-0.170091
8031,3.19145,0,nan,-0.000517886,-0.18909
8032,3.19145,0,nan,-0.000418792,-0.311868
8033,3.19145,0,nan,-0.000173081,-0.0729394
8034,3.19145,0,nan,-3.3974e-05,-0.0846543
8035,3.19145,-0.00349066,nan,-5.84245e-05,-0.0156913
8036,3.19145,0,nan,0.000456377,-0.00797287
8037,3.19145,0,nan,0.0001804,-0.122657
8038,3.19145,0,nan,0.000214717,-0.0252588
8039,3.19145,0,nan,6.88563e-05,-0.096595
8040,3.19145,0,nan,0.000265991,-0.232129
8041,3.19145,-0.00174533,nan,0.000769898,0.0935829
8042,3.19145,0,nan,0.000697811,-0.0318169
8043,3.19145,0,nan,0.0011586,0.14116
8044,3.19145,0,nan,0.000965855,-0.0277347
8045,3.19145,0,nan,0.00116644,-0.315314
8046,3.19145,0,nan,0.000976055,0.0695886
8047,3.19145,0,nan,0.00128801,-0.133595
8048,3.19145,0,nan,0.000936848,-0.152665
8049,3.19145,0,nan,0.000987823,-0.137927
8050,3.19145,0,nan,0.000700108,-0.252986
8051,3.19145,0,nan,0.00044584,-0.0632327
8052,3.19145,0,nan,0.000406019,-0.0362641
8053,3.19145,0,nan,0.000300008,-0.0238805
8054,3.19145,0,nan,-5.33651e-05,-0.0983053
8055,3.19145,0,nan,6.78238e-05,0.0417633
8056,3.19145,0,nan,-3.26925e-05,-0.0979605
8057,3.19145,0,nan,-0.000282636,-0.461371
8058,3.19145,0,nan,-0.000320294,0.0498353
8059,3.19145,0,nan,5.73474e-05,-0.0824577
8060,3.19145,0,nan,-0.000351102,0.0916552
8061,3.19145,0,nan,-0.000791229,0.00208868
8062,3.19145,0,nan,-0.000348145,0.13313
8063,3.19145,0,nan,-0.000511369,-0.187678
8064,3.19145,0,nan,-0.000360133,0.188063
8065,3.19145,0,nan,-3.57011e-05,-0.16653
8066,3.19145,0,nan,-0.000164225,-0.251515
8067,3.19145,0,nan,-6.68125e-05,0.123451
8068,3.19145,0,nan,-0.000139745,-0.223301
8069,3.19145,0,nan,-0.000135214,0.178118
8070,3.19145,0,nan,0.000193013,-0.176548
8071,3.19145,0,nan,-6.52686e-05,-0.0143781
8072,3.19145,0,nan,-0.000296341,0.162056
8073,3.19145,0,nan,-0.000551422,-0.118197
8074,3.19145,0,nan,-0.000715095,-0.0791126
8075,3.19145,0,nan,-0.000609966,-0.0499244
8076,3.19145,0,nan,-0.0011001,-0.0157994
8077,3.19145,0,nan,-0.00113433,0.0941981
8078,3.19145,0,nan,-0.00106763,-0.0985579
8079,3.19145,0,nan,-0.00103896,-0.195123
8080,3.19145,0,nan,-0.00115994,-0.12784
8081,3.19145,0,nan,-0.000924975,-0.207483
8082,3.19135,0,nan,-0.00128716,-0.323701
8083,3.19135,0,nan,-0.00176261,-0.233705
8084,3.19135,0,nan,-0.00164328,0.0450655
8085,3.19135,0,nan,-0.00169479,-0.259938
8086,3.19135,0,nan,-0.00204135,-0.181933
8087,3.19135,-0.00174533,nan,-0.00216128,-0.0173058
8088,3.19135,0,nan,-0.00189429,-0.0133217
8089,3.19135,0,nan,-0.00220395,0.162175
8090,3.19135,0,nan,-0.00219449,-0.169807
8091,3.19135,0,nan,-0.00235811,-0.0614111
8092,3.19135,-0.00872665,nan,-0.00231832,-0.0331961
8093,3.19135,0,nan,-0.00219806,-0.114579
8094,3.19135,0,nan,-0.00201048,-0.125538
8095,3.19135,0,nan,-0.00177137,-0.039105
8096,3.19135,0,nan,-0.00184526,-0.386224
8097,3.19135,0,nan,-0.00181855,-0.234042
8098,3.19135,0,nan,-0.00178387,0.126178
8099,3.19135,-0.00872665,nan,-0.00159616,0.0736077
8100,3.19135,0,nan,-0.00161182,0.0182323
8101,3.19135,0,nan,-0.000841765,0.0572925
8102,3.19135,0,nan,-0.00093992,-0.317614
8103,3.19135,0,nan,-0.000997386,-0.138876
8104,3.19135,0,nan,-0.00123147,-0.11496
8105,3.19126,0,nan,-0.00102657,-0.00129208
8106,3.19126,0,nan,-0.00117626,-0.141968
8107,3.19126,0,nan,-0.00110202,-0.127103
8108,3.19126,0,nan,-0.00115861,0.0379156
8109,3.19126,0,nan,-0.00147038,-0.0221183
8110,3.19126,0,nan,-0.00124867,0.0502555
8111,3.19126,0,nan,-0.00126601,-0.199004
8112,3.19126,0,nan,-0.00133023,-0.0338954
8113,3.19126,0,nan,-0.00123579,-0.143077
8114,3.19126,0,nan,-0.00130674,-0.102774
8115,3.19126,0,nan,-0.0015238,0.0604691
8116,3.19126,0,nan,-0.00200941,-0.139971
8117,3.19126,0,nan,-0.00188179,-0.0136724
8118,3.19126,0,nan,-0.00193499,-0.222028
8119,3.19126,0,nan,-0.00193584,-0.000526191
8120,3.19126,0,nan,-0.00190195,-0.193726
8121,3.19126,0,nan,-0.00214163,-0.127841
8122,3.19126,-0.0122173,nan,-0.00227718,-0.226545
8123,3.19126,0,nan,-0.00238153,-0.0894133
8124,3.19126,0,nan,-0.0024177,-0.062163
8125,3.19116,0,nan,-0.00227587,-0.392271
8126,3.19116,0,nan,-0.00241496,-0.228255
8127,3.19116,0,nan,-0.00284768,-0.247811
8128,3.19116,0,nan,-0.00254385,-0.0773899
8129,3.19116,0,nan,-0.00273224,-0.135519
8130,3.19116,-0.015708,nan,-0.00233208,-0.15732
8131,3.19116,0,nan,-0.00246584,-0.297998
8132,3.19116,0,nan,-0.00264484,-0.0512269
8133,3.19116,0,nan,-0.00265757,-0.286886
8134,3.19116,0,nan,-0.00268447,-0.0933516
8135,3.19116,0,nan,-0.00247991,-0.270673
8136,3.19116,0,nan,-0.00247907,-0.0629644
8137,3.19116,0,nan,-0.00248062,-0.326132
8138,3.19106,-0.00698132,nan,-0.00209279,-0.0990021
8139,3.19106,0,nan,-0.00227421,-0.309433
8140,3.19106,0,nan,-0.00200745,-0.305517
8141,3.19106,0,nan,-0.00190085,0.0833488
8142,3.19106,0,nan,-0.00189276,-0.0411456
8143,3.19106,0,nan,-0.00191289,0.0413187
8144,3.19106,0,nan,-0.00140883,-0.0620585
8145,3.19106,0,nan,-0.00142713,-0.145398
8146,3.19106,0,nan,-0.0013156,-0.0471822
8147,3.19106,0,nan,-0.00104758,-0.140325
8148,3.19106,0,nan,-0.000665889,0.0450939
8149,3.19106,0,nan,-0.000520363,-0.215569
8150,3.19097,-0.00872665,nan,-0.000826801,-0.344724
8151,3.19097,0,nan,-0.000764664,-0.122607
8152,3.19097,0,nan,-0.000804068,-0.247534
8153,3.19097,0,nan,-0.00094624,0.0821535
8154,3.19097,0,nan,-0.00105533,-0.140823
8155,3.19097,0,nan,-0.00074441,-0.150288
8156,3.19097,-0.00523599,nan,-0.000427785,-0.284107
8157,3.19097,0,nan,-0.000627378,0.0312945
8158,3.19097,0,nan,-0.000544676,0.0324793
8159,3.19097,0,nan,-0.000500877,-0.202056
8160,3.19097,0,nan,-0.000282752,0.0365551
8161,3.19097,0,nan,-0.000114152,0.0804789
8162,3.19097,0,nan,-0.000329067,-0.350992
8163,3.19097,-0.00872665,nan,-0.000177927,0.107933
8164,3.19097,0,nan,-0.000231798,-0.0867512
8165,3.19097,0,nan,-0.000352163,-0.0748088
8166,3.19097,0,nan,-0.000281639,-0.101624
8167,3.19097,0,nan,-0.000573582,0.0875037
8168,3.19097,-0.00872665,nan,-0.000739374,-0.0396774
8169,3.19087,0,nan,-0.00062714,0.0172723
8170,3.19087,0,nan,-0.000468452,-0.0219911
8171,3.19087,0,nan,-0.000354656,-0.269509
8172,3.19087,0,nan,-0.000244963,-0.0188305
8173,3.19087,-0.00872665,nan,0.000352386,0.128634
8174,3.19087,0,nan,0.00034481,-0.0375424
8175,3.19087,0,nan,0.000293109,-0.0521616
8176,3.19087,0,nan,-0.000107728,-0.182789
8177,3.19087,0,nan,-7.6583e-05,0.0944202
8178,3.19087,0,nan,8.81696e-05,-0.207549
8179,3.19087,0,nan,0.000346912,-0.0517665
8180,3.19087,0,nan,0.000385241,-0.092501
8181,3.19087,0,nan,0.000112393,-0.0548215
8182,3.19087,-0.00174533,nan,3.32993e-05,-0.139023
8183,3.19087,0,nan,-0.000257734,-0.170964
8184,3.19087,0,nan,-2.82376e-06,-0.153132
8185,3.19087,0,nan,9.46149e-05,0.111139
8186,3.19087,0,nan,-0.000108377,-0.334736
8187,3.19087,0,nan,0.00032453,0.225106
8188,3.19087,0,nan,8.50103e-05,-0.276532
8189,3.19087,0,nan,0.00012651,0.0564731
8190,3.19087,0,nan,0.000301429,0.031645
8191,3.19087,0,nan,0.000279169,-0.286842
8192,3.19087,0,nan,-0.000220765,-0.170023
8193,3.19087,0,nan,0.000161757,0.0846438
8194,3.19087,0,nan,0.000194237,-0.150168
8195,3.19087,0,nan,0.000293106,0.016894
8196,3.19087,0,nan,0.000722057,0.0236987
8197,3.19087,0,nan,0.000207268,-0.163836
8198,3.19087,0,nan,0.000235705,-0.246212
8199,3.19087,0,nan,0.0004705,0.130823
8200,3.19087,0,nan,0.000455758,0.116855
8201,3.19087,0,nan,0.000373565,-0.161023
8202,3.19087,0,nan,0.00010336,-0.0682541
8203,3.19078,0,nan,-7.73264e-05,-0.305977
8204,3.19078,0,nan,-4.20915e-05,-0.1119
8205,3.19078,0,nan,-0.000213339,0.231213
8206,3.19078,0,nan,-0.000302581,-0.0467602
8207,3.19078,0,nan,-0.000497446,-0.381775
8208,3.19078,0,nan,-0.000497556,-0.215744
8209,3.19078,0,nan,-0.000638881,-0.0659427
8210,3.19078,0,nan,-0.00054982,-0.410687
8211,3.19078,0,nan,-0.000659939,0.00260487
8212,3.19078,0,nan,-0.000997246,-0.237604
8213,3.19078,0,nan,-0.0012594,-0.0886745
8214,3.19078,0,nan,-0.00176052,-0.261375
8215,3.19078,0,nan,-0.00139625,-0.0900196
8216,3.19078,-0.00523599,nan,-0.0017764,0.0292442
8217,3.19078,0,nan,-0.00142694,0.061905
8218,3.19078,0,nan,-0.00159297,-0.00961096
8219,3.19078,0,nan,-0.00146343,0.0476392
8220,3.19078,-0.00174533,nan,-0.00174485,-0.150381
8221,3.19078,0,nan,-0.00199977,-0.139846
8222,3.19078,0,nan,-0.00225085,-0.170808
8223,3.19078,-0.015708,nan,-0.00267866,-0.28716
8224,3.19078,0,nan,-0.00213161,-0.140394
8225,3.19078,0,nan,-0.00217162,-0.27944
8226,3.19078,0,nan,-0.00195989,-0.0413462
8227,3.19078,0,nan,-0.00176094,-0.246304
8228,3.19078,0,nan,-0.0015787,-0.00888831
8229,3.19068,0,nan,-0.00136385,0.0494862
8230,3.19068,0,nan,-0.0012002,-0.0727494
8231,3.19068,0,nan,-0.00124405,-0.253536
8232,3.19068,0,nan,-0.00123891,-0.115065
8233,3.19068,0,nan,-0.00122408,-0.115227
8234,3.19068,-0.00174533,nan,-0.00125694,0.0365365
8235,3.19068,0,nan,-0.000976219,-0.139174
8236,3.19068,0,nan,-0.00120407,-0.184254
8237,3.19068,0,nan,-0.000893352,0.110645
8238,3.19068,0,nan,-0.00109354,-0.113896
8239,3.19068,0,nan,-0.00118735,-0.115103
8240,3.19068,0,nan,-0.00125054,-0.143955
8241,3.19068,0,nan,-0.00117539,-0.17032
8242,3.19068,0,nan,-0.00151847,-0.119686
8243,3.19068,-0.00872665,nan,-0.00150856,-0.0917225
8244,3.19068,0,nan,-0.00163195,-0.232006
8245,3.19068,0,nan,-0.00187839,0.014095
8246,3.19068,-0.00349066,nan,-0.00191517,-0.318657
8247,3.19068,0,nan,-0.00174789,0.0434638
8248,3.19068,0,nan,-0.00163505,-0.300704
8249,3.19058,0,nan,-0.0018555,-0.0687261
8250,3.19058,0,nan,-0.00155516,0.0877648
8251,3.19058,0,nan,-0.00165069,-0.0937613
8252,3.19058,0,nan,-0.00184655,-0.123951
8253,3.19058,0,nan,-0.00195942,-0.111599
8254,3.19058,0,nan,-0.00183646,0.0563343
8255,3.19058,0,nan,-0.00207647,-0.251634
8256,3.19058,0,nan,-0.00194866,-0.208093
8257,3.19058,0,nan,-0.00212145,-0.127558
8258,3.19058,0,nan,-0.00229432,-0.240617
8259,3.19058,0,nan,-0.00200535,-0.0149566
8260,3.19058,0,nan,-0.00191576,0.0692381
8261,3.19058,0,nan,-0.00169528,-0.0383176
8262,3.19058,0,nan,-0.00159495,-0.0922403
8263,3.19058,0,nan,-0.00158528,0.0876733
8264,3.19049,-0.015708,nan,-0.00129308,-0.101557
8265,3.19049,0,nan,-0.00120342,0.0515314
8266,3.19049,0,nan,-0.00146389,-0.353535
8267,3.19049,-0.0139626,nan,-0.00179088,-0.19248
8268,3.19049,0,nan,-0.00174936,-0.454902
8269,3.19049,0,nan,-0.00165026,-0.300846
8270,3.19049,0,nan,-0.00193274,-0.0420324
8271,3.19049,0,nan,-0.00205133,-0.0989695
8272,3.19049,0,nan,-0.00228642,-0.351305
8273,3.19049,0,nan,-0.00204529,0.192057
8274,3.19049,0,nan,-0.00167308,0.00396929
8275,3.19049,0,nan,-0.00197802,-0.277411
8276,3.19049,0,nan,-0.00214933,-0.100136
8277,3.19039,0,nan,-0.00211713,-0.099825
8278,3.19039,0,nan,-0.00172779,0.0719592
8279,3.19039,0,nan,-0.00196784,-0.567832
8280,3.19039,0,nan,-0.00183048,-0.12335
8281,3.19039,0,nan,-0.00159722,-0.0785852
8282,3.19039,0,nan,-0.00189117,-0.221527
8283,3.19039,0,nan,-0.00229365,-0.185213
8284,3.19039,0,nan,-0.00231928,0.0225413
8285,3.19039,0,nan,-0.00212516,-0.0576901
8286,3.1903,-0.00872665,nan,-0.00198822,-0.125098
8287,3.1903,0,nan,-0.00216106,-0.0448954
8288,3.1903,-0.010472,nan,-0.00210317,-0.307088
8289,3.1903,0,3.2903,1,13.0525
8290,3.19049,0.101229,3.2903,0.998083,12.7399
8291,3.19356,0.195477,3.2903,0.967403,12.1483
8292,3.19432,0.324631,3.2903,0.959733,11.1085
8293,3.19576,0.310669,3.2903,0.945352,9.34283
8294,3.19701,0.361283,3.2903,0.932888,7.92055
8295,3.19969,0.457276,3.2903,0.906044,5.9651
8296,3.2018,0.598648,3.2903,0.884951,3.51663
8297,3.20573,0.701622,3.2903,0.845643,2.1193
8298,3.20851,0.68766,3.2903,0.81784,0.622249
8299,3.2135,0.818559,3.2903,0.767985,-1.13559
8300,3.21676,0.815069,3.2903,0.735388,-2.47198
8301,3.22222,0.90059,3.2903,0.68074,-3.19084
8302,3.22587,0.958186,3.2903,0.644308,-4.4421
8303,3.23152,0.895354,3.2903,0.587743,-5.24241
8304,3.23526,0.947714,3.2903,0.550352,-5.41081
8305,3.24082,0.904081,3.2903,0.494745,-6.48359
8306,3.24408,0.794125,3.2903,0.462148,-6.5145
8307,3.24859,0.719076,3.2903,0.417087,-6.75407
8308,3.25166,0.84823,3.2903,0.386408,-6.86208
8309,3.25645,0.644026,3.2903,0.338471,-6.93131
8310,3.25942,0.74351,3.2903,0.30875,-6.48675
8311,3.26374,0.68766,3.2903,0.265607,-5.98124
8312,3.26623,0.649262,3.2903,0.24068,-5.44667
8313,3.26978,0.558505,3.2903,0.205206,-4.81376
8314,3.27169,0.443314,3.2903,0.186031,-3.85818
8315,3.27419,0.389208,3.2903,0.161104,-3.29591
8316,3.27562,0.328122,3.2903,0.146723,-2.08413
8317,3.27725,0.235619,3.2903,0.130425,-1.43738
8318,3.27802,0.179769,3.2903,0.122755,-0.609215
8319,3.27879,0.10472,3.2903,0.115085,0.288731
8320,3.27917,0.0663225,3.2903,0.11125,0.812666
8321,3.27936,0.0191986,3.2903,0.109332,1.93478
8322,3.27936,0,3.2903,0.109332,2.21332
8323,3.27927,-0.0296706,3.2903,0.110291,2.49438
8324,3.27898,-0.0558505,3.2903,0.113167,2.99597
8325,3.2786,-0.0872665,3.2903,0.117002,2.99964
8326,3.27831,-0.0750492,3.2903,0.119879,2.9212
8327,3.27802,-0.015708,3.2903,0.122755,3.0931
8328,3.27802,0,3.2903,0.122755,3.00688
8329,3.27793,-0.0802851,3.2903,0.123713,3.05659
8330,3.27764,-0.0418879,3.2903,0.12659,3.26904
8331,3.27735,-0.0401426,3.2903,0.129466,2.91866
8332,3.27716,-0.0383972,3.2903,0.131383,2.50043
8333,3.27706,-0.00872665,3.2903,0.132342,2.16667
8334,3.27706,0,3.2903,0.132342,1.50192
8335,3.27716,0.020944,3.2903,0.131383,1.03245
8336,3.27735,0.0418879,3.2903,0.129466,0.744392
8337,3.27773,0.0733038,3.2903,0.125631,0.583747
8338,3.27802,0.0767945,3.2903,0.122755,0.38017
8339,3.2786,0.0837758,3.2903,0.117002,0.153051
8340,3.27898,0.0802851,3.2903,0.113167,0.117045
8341,3.27956,0.10472,3.2903,0.107415,-0.0962249
8342,3.27994,0.0977384,3.2903,0.10358,-0.0644358
8343,3.28061,0.102974,3.2903,0.0968688,-0.112142
8344,3.28099,0.10472,3.2903,0.0930339,-0.176986
8345,3.28166,0.106465,3.2903,0.0863227,-0.210429
8346,3.28205,0.10472,3.2903,0.0824877,-0.207658
8347,3.28262,0.0959931,3.2903,0.0767353,-0.326919
8348,3.28301,0.0994838,3.2903,0.0729004,-0.392839
8349,3.28358,0.0802851,3.2903,0.0671479,-0.151965
8350,3.28387,0.0785398,3.2903,0.0642717,0.0581308
8351,3.28435,0.0663225,3.2903,0.059478,-0.0887789
8352,3.28464,0.0680678,3.2903,0.0566018,0.108146
8353,3.28492,0.0575959,3.2903,0.0537256,0.416258
8354,3.28512,0.0488692,3.2903,0.0518081,0.405426
8355,3.2854,0.0383972,3.2903,0.0489319,0.300447
8356,3.2856,0.0331613,3.2903,0.0470144,0.291075
8357,3.28569,0.0331613,3.2903,0.0460557,0.377894
8358,3.28579,0.0226893,3.2903,0.045097,0.479172
8359,3.28598,0.0279253,3.2903,0.0431795,0.415107
8360,3.28598,0.0174533,3.2903,0.0431795,0.63992
8361,3.28607,0.0174533,3.2903,0.0422207,0.451066
8362,3.28617,0.0174533,3.2903,0.041262,0.413492
8363,3.28627,0.0139626,3.2903,0.0403033,0.346965
8364,3.28636,0.0174533,3.2903,0.0393445,0.223711
8365,3.28646,0.0139626,3.2903,0.0383858,0.266643
8366,3.28646,0.0174533,3.2903,0.0383858,0.515922
8367,3.28665,0.0244346,3.2903,0.0364683,0.103227
8368,3.28675,0.0226893,3.2903,0.0355096,0.36774
8369,3.28684,0.0244346,3.2903,0.0345508,0.244486
8370,3.28694,0.0331613,3.2903,0.0335921,0.148919
8371,3.28713,0.0244346,3.2903,0.0316746,0.553317
8372,3.28732,0.0279253,3.2903,0.0297572,0.085226
8373,3.28751,0.0296706,3.2903,0.0278397,0.0459187
8374,3.2877,0.0453786,3.2903,0.0259222,-0.132559
8375,3.2879,0.0453786,3.2903,0.0240047,-0.228246
8376,3.28809,0.0506145,3.2903,0.0220872,-0.172976
8377,3.28828,0.0558505,3.2903,0.0201698,-0.448656
8378,3.28847,0.0471239,3.2903,0.0182523,-0.198778
8379,3.28866,0.0401426,3.2903,0.0163348,-0.3513
8380,3.28885,0.0366519,3.2903,0.0144173,-0.461769
8381,3.28914,0.0366519,3.2903,0.0115411,-0.460505
8382,3.28924,0.0296706,3.2903,0.0105824,-0.37943
8383,3.28943,0.0244346,3.2903,0.00866492,-0.463373
8384,3.28953,0.0296706,3.2903,0.00770618,-0.146959
8385,3.28972,0.020944,3.2903,0.0057887,-0.201826
8386,3.28981,0.0174533,3.2903,0.00482996,-0.0232507
8387,3.28991,0.0191986,3.2903,0.00387123,0.0735227
8388,3.29001,0.0174533,3.2903,0.00291249,0.115314
8389,3.2901,0.0122173,3.2903,0.00195375,0.0599418
8390,3.2902,0.00872665,3.2903,0.000995012,-0.0502038
8391,3.2902,0.00872665,3.2903,0.000995012,0.239912
8392,3.2902,0,3.2903,0.000995012,-0.411332
8393,3.29029,0,3.2903,3.62739e-05,-0.0373259
8394,3.29029,0,3.2903,3.62739e-05,0.0316877
8395,3.29029,0,3.2903,3.62739e-05,0.0595595
8396,3.29029,0,3.2903,3.62739e-05,0.0732415
8397,3.29029,0,3.2903,3.62739e-05,-0.0239738
8398,3.29029,0,3.2903,3.62739e-05,0.184061
8399,3.29029,0,3.2903,3.62739e-05,-0.162306
8400,3.29029,0,3.2903,3.62739e-05,0.128098
8401,3.29029,0,3.2903,3.62739e-05,-0.245584
8402,3.29029,0,3.2903,3.62739e-05,0.00244235
8403,3.29029,0,3.2903,3.62739e-05,0.112896
8404,3.29029,0,3.2903,3.62739e-05,0.0572911
8405,3.29029,0,3.2903,3.62739e-05,0.0848007
8406,3.29029,0,3.2903,3.62739e-05,0.0987171
8407,3.29029,0,3.2903,3.62739e-05,-0.053148
8408,3.29029,0,3.2903,3.62739e-05,0.00199539
8409,3.29029,0,3.2903,3.62739e-05,0.00206293
8410,3.29029,0,3.2903,3.62739e-05,0.292573
8411,3.29029,0,3.2903,3.62739e-05,-0.135801
8412,3.29029,0,3.2903,3.62739e-05,-0.011285
8413,3.29029,0,3.2903,3.62739e-05,0.0159689
8414,3.29029,0,3.2903,3.62739e-05,-0.0535487
8415,3.29029,0,3.2903,3.62739e-05,0.0430986
8416,3.29029,0,3.2903,3.62739e-05,-0.0538398
8417,3.29029,0,3.2903,3.62739e-05,0.0428289
8418,3.29029,0,3.2903,3.62739e-05,0.12599
8419,3.29029,0,3.2903,3.62739e-05,-0.0398522
8420,3.29029,0,3.2903,3.62739e-05,0.00178325
8421,3.29029,0,3.2903,3.62739e-05,-0.150891
8422,3.29029,0,3.2903,3.62739e-05,-0.0542228
8423,3.29029,0,3.2903,3.62739e-05,-0.0682811
8424,3.29029,0,3.2903,3.62739e-05,-0.082382
8425,3.29029,0,3.2903,3.62739e-05,-9.62191e-06
8426,3.29029,0,3.2903,3.62739e-05,0.138674
8427,3.29029,0,3.2903,3.62739e-05,0.194563
8428,3.29029,0,3.2903,3.62739e-05,0.0699487
8429,3.29029,0,3.2903,3.62739e-05,0.000388395
8430,3.29029,0,3.2903,3.62739e-05,0.0970358
8431,3.29029,0,3.2903,3.62739e-05,-0.0825697
8432,3.29029,0,3.2903,3.62739e-05,-0.304766
8433,3.29029,0,3.2903,3.62739e-05,0.165332
8434,3.29029,0,3.2903,3.62739e-05,0.096198
8435,3.29029,0,3.2903,3.62739e-05,0.234797
8436,3.29029,0,3.2903,3.62739e-05,0.0690189
8437,3.29029,0,3.2903,3.62739e-05,0.0408774
8438,3.29029,0,3.2903,3.62739e-05,0.358808
8439,3.29029,0,3.2903,3.62739e-05,0.137614
8440,3.29029,0,3.2903,3.62739e-05,0.0548011
8441,3.29029,0,3.2903,3.62739e-05,0.123495
8442,3.29029,0,3.2903,3.62739e-05,0.206123
8443,3.29029,0,3.2903,3.62739e-05,-0.209254
8444,3.29029,0,3.2903,3.62739e-05,0.205598
8445,3.29029,0,3.2903,3.62739e-05,-0.0300211
8446,3.29029,0,3.2903,3.62739e-05,-0.0305501
8447,3.29029,0,3.2903,3.62739e-05,0.190354
8448,3.29029,0,3.2903,3.62739e-05,0.0252361
8449,3.29029,0,3.2903,3.62739e-05,-0.0437063
8450,3.29029,0,3.2903,3.62739e-05,-0.0997586
8451,3.29029,0,3.2903,3.62739e-05,0.162969
8452,3.29029,0,3.2903,3.62739e-05,-0.113962
8453,3.29029,0,3.2903,3.62739e-05,-0.169269
8454,3.29029,0,3.2903,3.62739e-05,0.107733
8455,3.29029,0,3.2903,3.62739e-05,-0.209956
8456,3.29029,0,3.2903,3.62739e-05,0.0115015
8457,3.29029,0,3.2903,3.62739e-05,0.136102
8458,3.29029,0,3.2903,3.62739e-05,0.08054
8459,3.29029,0,3.2903,3.62739e-05,-0.154567
8460,3.29029,0,3.2903,3.62739e-05,-0.127164
8461,3.29029,0,3.2903,3.62739e-05,-0.0724471
8462,3.29029,0,3.2903,3.62739e-05,-0.252628
8463,3.29029,0,3.2903,3.62739e-05,-0.0591449
8464,3.29029,0,3.2903,3.62739e-05,0.0657754
8465,3.29029,0,3.2903,3.62739e-05,0.12143
8466,3.29029,0,3.2903,3.62739e-05,0.0517634
8467,3.29029,0,3.2903,3.62739e-05,-0.0313901
8468,3.29029,0,3.2903,3.62739e-05,0.00958489
8469,3.29029,0,3.2903,3.62739e-05,-0.0725885
8470,3.29029,0,3.2903,3.62739e-05,-0.100858
8471,3.29029,0,3.2903,3.62739e-05,-0.101643
8472,3.29029,0,3.2903,3.62739e-05,0.119858
8473,3.29029,0,3.2903,3.62739e-05,0.00860164
8474,3.29029,0,3.2903,3.62739e-05,0.230933
8475,3.29029,0,3.2903,3.62739e-05,0.147268
8476,3.29029,0,3.2903,3.62739e-05,-0.0886065
8477,3.29029,0,3.2903,3.62739e-05,-0.0749031
8478,3.29029,0,3.2903,3.62739e-05,0.201843
8479,3.29029,0,3.2903,3.62739e-05,-0.0194791
8480,3.29029,0,3.2903,3.62739e-05,-0.0471945
8481,3.29029,0,3.2903,3.62739e-05,-0.172065
8482,3.29029,0,3.2903,3.62739e-05,0.104447
8483,3.29029,0,3.2903,3.62739e-05,0.159292
8484,3.29029,0,3.2903,3.62739e-05,-0.214219
8485,3.29029,0,3.2903,3.62739e-05,0.131943
8486,3.29029,0,3.2903,3.62739e-05,-0.311366
8487,3.29029,0,3.2903,3.62739e-05,0.0757022
8488,3.29029,0,3.2903,3.62739e-05,-0.021918
8489,3.29029,0,3.2903,3.62739e-05,0.00546379
8490,3.29029,0,3.2903,3.62739e-05,-0.0633934
8491,3.29029,0,3.2903,3.62739e-05,0.324357
8492,3.29029,0,3.2903,3.62739e-05,0.130157
8493,3.29029,0,3.2903,3.62739e-05,-0.258097
8494,3.29029,0,3.2903,3.62739e-05,0.240188
8495,3.29029,0,3.2903,3.62739e-05,0.157525
8496,3.29029,0,3.2903,3.62739e-05,0.0330804
8497,3.29029,0,3.2903,3.62739e-05,0.0746732
8498,3.29029,0,3.2903,3.62739e-05,-0.105401
8499,3.29029,0,3.2903,3.62739e-05,0.225931
8500,3.29029,0,3.2903,3.62739e-05,0.10187
8501,3.29029,0,3.2903,3.62739e-05,0.0189088
8502,3.29029,0,3.2903,3.62739e-05,-0.0780723
8503,3.29029,0,3.2903,3.62739e-05,-0.0373104
8504,3.29029,0,3.2903,3.62739e-05,0.00343022
8505,3.29029,0,3.2903,3.62739e-05,0.0587654
8506,3.29029,0,3.2903,3.62739e-05,0.0869141
8507,3.29029,0,3.2903,3.62739e-05,0.0871734
8508,3.29029,0,3.2903,3.62739e-05,-0.0645212
8509,3.29029,0,3.2903,3.62739e-05,-0.0370755
8510,3.29029,0,3.2903,3.62739e-05,0.059721
8511,3.29029,0,3.2903,3.62739e-05,0.156113
8512,3.29029,0,3.2903,3.62739e-05,-0.0516379
8513,3.29029,0,3.2903,3.62739e-05,0.0168217
8514,3.29029,0,3.2903,3.62739e-05,0.0864531
8515,3.29029,0,3.2903,3.62739e-05,0.141724
8516,3.29029,0,3.2903,3.62739e-05,0.0304471
8517,3.29029,0,3.2903,3.62739e-05,-0.0118629
8518,3.29029,0,3.2903,3.62739e-05,0.126523
8519,3.29029,0,3.2903,3.62739e-05,-0.0118983
8520,3.29029,0,3.2903,3.62739e-05,0.00133636
8521,3.29029,0,3.2903,3.62739e-05,-0.0271247
8522,3.29029,0,3.2903,3.62739e-05,0.221285
8523,3.29029,0,3.2903,3.62739e-05,0.180168
8524,3.29029,0,3.2903,3.62739e-05,0.151792
8525,3.29029,0,3.2903,3.62739e-05,-0.0556602
8526,3.29029,0,3.2903,3.62739e-05,-0.110455
8527,3.29029,0,3.2903,3.62739e-05,-0.180527
8528,3.29029,0,3.2903,3.62739e-05,-0.193989
8529,3.2902,-0.0122173,3.2903,0.000995012,-0.0428412
8530,3.2902,0,3.2903,0.000995012,0.248063
8531,3.2902,0,3.2903,0.000995012,-0.0146249
8532,3.2902,0,3.2903,0.000995012,0.220799
8533,3.2902,0,3.2903,0.000995012,-0.0561216
8534,3.2902,0,3.2903,0.000995012,0.0548327
8535,3.2902,0,3.2903,0.000995012,0.192377
8536,3.2902,0,3.2903,0.000995012,-0.0568032
8537,3.2902,0,3.2903,0.000995012,0.399137
8538,3.2902,0,3.2903,0.000995012,0.123175
8539,3.2902,0,3.2903,0.000995012,0.0397343
8540,3.2902,0,3.2903,0.000995012,-0.0991023
8541,3.2902,0,3.2903,0.000995012,-0.112894
8542,3.2902,0,3.2903,0.000995012,0.0677518
8543,3.2902,0,3.2903,0.000995012,-0.195554
8544,3.2902,0,3.2903,0.000995012,0.0395713
8545,3.2902,0,3.2903,0.000995012,0.150334
8546,3.2902,0,3.2903,0.000995012,0.205999
8547,3.2902,0,3.2903,0.000995012,0.150831
8548,3.2902,0,3.2903,0.000995012,-0.0290193
8549,3.2902,0,3.2903,0.000995012,0.0952086
8550,3.2902,0,3.2903,0.000995012,0.137217
8551,3.2902,0,3.2903,0.000995012,0.0397564
8552,3.2902,0,3.2903,0.000995012,0.10893
8553,3.2902,0,3.2903,0.000995012,0.122388
8554,3.2902,0,3.2903,0.000995012,0.0394584
8555,3.2902,0,3.2903,0.000995012,0.0250272
8556,3.2902,0,3.2903,0.000995012,-0.0719857
8557,3.2902,0,3.2903,0.000995012,0.0524552
8558,3.2902,0,3.2903,0.000995012,0.163154
8559,3.2902,0,3.2903,0.000995012,0.0523986
8560,3.2902,0,3.2903,0.000995012,0.121487
8561,3.2902,0,3.2903,0.000995012,-0.100187
8562,3.2902,0,3.2903,0.000995012,0.163062
8563,3.2902,0,3.2903,0.000995012,0.0386494
8564,3.2902,0,3.2903,0.000995012,0.190362
8565,3.2902,0,3.2903,0.000995012,-0.155547
8566,3.2902,0,3.2903,0.000995012,-0.35029
8567,3.2902,0,3.2903,0.000995012,0.190149
8568,3.2902,0,3.2903,0.000995012,0.232456
8569,3.2902,0,3.2903,0.000995012,0.191413
8570,3.2902,0,3.2903,0.000995012,0.0528965
8571,3.2902,0,3.2903,0.000995012,-0.00295339
8572,3.2902,0,3.2903,0.000995012,-0.0998598
8573,3.2902,0,3.2903,0.000995012,-0.156072
8574,3.2902,0,3.2903,0.000995012,-0.0315457
8575,3.2902,0,3.2903,0.000995012,0.023587
8576,3.2902,0,3.2903,0.000995012,0.120096
8577,3.2902,0,3.2903,0.000995012,0.175271
8578,3.2902,0,3.2903,0.000995012,0.0225645
8579,3.2902,0,3.2903,0.000995012,0.202699
8580,3.2902,0,3.2903,0.000995012,-0.0883043
8581,3.2902,0,3.2903,0.000995012,0.160521
8582,3.2902,0,3.2903,0.000995012,0.257307
8583,3.2902,0,3.2903,0.000995012,0.174675
8584,3.2902,0,3.2903,0.000995012,0.035242
8585,3.2902,0,3.2903,0.000995012,0.132241
8586,3.2902,0,3.2903,0.000995012,-0.130404
8587,3.2902,0,3.2903,0.000995012,0.0211164
8588,3.2902,0,3.2903,0.000995012,0.367437
8589,3.2902,0,3.2903,0.000995012,-0.0202312
8590,3.2902,0,3.2903,0.000995012,-0.117692
8591,3.2902,0,3.2903,0.000995012,0.256668
8592,3.2902,0,3.2903,0.000995012,0.0899207
8593,3.2902,0,3.2903,0.000995012,0.0200941
8594,3.2902,0,3.2903,0.000995012,-0.132016
8595,3.2902,0,3.2903,0.000995012,0.14489
8596,3.2902,0,3.2903,0.000995012,0.0760225
8597,3.2902,0,3.2903,0.000995012,0.228587
8598,3.2902,0,3.2903,0.000995012,0.0205064
8599,3.2902,0,3.2903,0.000995012,-0.0905685
8600,3.2902,0,3.2903,0.000995012,-0.104403
8601,3.2902,0,3.2903,0.000995012,-0.00795809
8602,3.2902,0,3.2903,0.000995012,0.336978
8603,3.2902,0,3.2903,0.000995012,-0.258381
8604,3.2902,0,3.2903,0.000995012,0.170948
8605,3.2902,0,3.2903,0.000995012,0.239738
8606,3.2902,0,3.2903,0.000995012,-0.0366071
8607,3.2902,0,3.2903,0.000995012,-0.0502925
8608,3.2902,0,3.2903,0.000995012,0.185621
8609,3.2902,0,3.2903,0.000995012,0.131113
8610,3.2902,0,3.2903,0.000995012,0.338435
8611,3.2902,0,3.2903,0.000995012,-0.0347886
8612,3.2902,0,3.2903,0.000995012,-0.256825
8613,3.2902,0,3.2903,0.000995012,0.047353
8614,3.2902,0,3.2903,0.000995012,0.0470264
8615,3.2902,0,3.2903,0.000995012,0.101797
8616,3.2902,0,3.2903,0.000995012,0.0328865
8617,3.2902,0,3.2903,0.000995012,-0.105843
8618,3.2902,0,3.2903,0.000995012,0.00519603
8619,3.2902,0,3.2903,0.000995012,-0.0633309
8620,3.2902,0,3.2903,0.000995012,0.0334976
8621,3.2902,0,3.2903,0.000995012,0.199805
8622,3.2902,0,3.2903,0.000995012,0.143955
8623,3.2902,0,3.2903,0.000995012,-0.0077079
8624,3.2902,0,3.2903,0.000995012,-0.0637922
8625,3.2902,0,3.2903,0.000995012,-0.0223165
8626,3.2902,0,3.2903,0.000995012,-0.0917809
8627,3.29029,0,3.2903,3.62739e-05,-0.284453
8628,3.29029,0,3.2903,3.62739e-05,0.185922
8629,3.29029,0,3.2903,3.62739e-05,-0.118046
8630,3.29029,0,3.2903,3.62739e-05,-0.0768583
8631,3.29029,0,3.2903,3.62739e-05,-0.118188
8632,3.29029,0,3.2903,3.62739e-05,0.255032
8633,3.29029,0,3.2903,3.62739e-05,-0.118309
8634,3.29029,0,3.2903,3.62739e-05,-0.132239
8635,3.29029,0,3.2903,3.62739e-05,0.0482044
8636,3.29029,0,3.2903,3.62739e-05,-0.228492
8637,3.29029,0,3.2903,3.62739e-05,-0.132037
8638,3.29029,0,3.2903,3.62739e-05,-0.243612
8639,3.29029,0,3.2903,3.62739e-05,0.0882315
8640,3.29029,0,3.2903,3.62739e-05,0.0190121
8641,3.29029,0,3.2903,3.62739e-05,0.18582
8642,3.29029,0,3.2903,3.62739e-05,-0.243001
8643,3.29029,0,3.2903,3.62739e-05,0.158556
8644,3.29029,0,3.2903,3.62739e-05,0.186257
8645,3.29029,0,3.2903,3.62739e-05,-0.146006
8646,3.29029,0,3.2903,3.62739e-05,-0.0763954
8647,3.29029,0,3.2903,3.62739e-05,-0.326545
8648,3.29029,0,3.2903,3.62739e-05,0.199673
8649,3.29029,0,3.2903,3.62739e-05,-0.00839728
8650,3.29029,0,3.2903,3.62739e-05,0.295962
8651,3.29029,0,3.2903,3.62739e-05,-0.160365
8652,3.29029,0,3.2903,3.62739e-05,0.144782
8653,3.29029,0,3.2903,3.62739e-05,-0.24294
8654,3.29029,0,3.2903,3.62739e-05,-0.00799563
8655,3.29029,0,3.2903,3.62739e-05,0.227396
8656,3.29029,0,3.2903,3.62739e-05,-0.271053
8657,3.29029,0,3.2903,3.62739e-05,0.351702
8658,3.29029,0,3.2903,3.62739e-05,-0.00761892
8659,3.29029,0,3.2903,3.62739e-05,0.157974
8660,3.29029,0,3.2903,3.62739e-05,-0.188329
8661,3.29029,0,3.2903,3.62739e-05,-0.0225861
8662,3.29029,0,3.2903,3.62739e-05,0.101397
8663,3.29029,0,3.2903,3.62739e-05,-0.147474
8664,3.29029,0,3.2903,3.62739e-05,-0.105647
8665,3.29029,0,3.2903,3.62739e-05,0.268041
8666,3.29029,0,3.2903,3.62739e-05,-0.106002
8667,3.29029,0,3.2903,3.62739e-05,-0.245105
8668,3.29029,0,3.2903,3.62739e-05,-0.0928703
8669,3.29029,0,3.2903,3.62739e-05,0.0866785
8670,3.29029,0,3.2903,3.62739e-05,0.0996787
8671,3.29029,0,3.2903,3.62739e-05,0.210942
8672,3.29029,0,3.2903,3.62739e-05,0.0033192
8673,3.29029,0,3.2903,3.62739e-05,-0.0522431
8674,3.29029,0,3.2903,3.62739e-05,0.057614
8675,3.29029,0,3.2903,3.62739e-05,0.0302608
8676,3.29029,0,3.2903,3.62739e-05,-0.067189
8677,3.29029,0,3.2903,3.62739e-05,0.0294797
8678,3.29029,0,3.2903,3.62739e-05,-0.164933
8679,3.29029,0,3.2903,3.62739e-05,-0.234749
8680,3.29029,0,3.2903,3.62739e-05,0.0287449
8681,3.29029,0,3.2903,3.62739e-05,-0.234508
8682,3.29029,0,3.2903,3.62739e-05,-0.0693191
8683,3.29029,0,3.2903,3.62739e-05,-0.11116
8684,3.29029,0,3.2903,3.62739e-05,-0.153342
8685,3.29029,0,3.2903,3.62739e-05,-0.278596
8686,3.29029,0,3.2903,3.62739e-05,0.261875
8687,3.29029,0,3.2903,3.62739e-05,-0.167649
8688,3.29029,0,3.2903,3.62739e-05,0.0118783
8689,3.29029,0,3.1903,-0.999964,-13.196
8690,3.28924,-0.720821,3.1903,-0.989418,-13.0204
8691,3.27908,-0.0261799,3.1903,-0.887791,-8.20677
8692,3.2786,-0.781908,3.1903,-0.882998,-2.35563
8693,3.2716,-0.975639,3.1903,-0.81301,5.08812
8694,3.26575,-1.69471,3.1903,-0.754527,9.7767
8695,3.25482,-1.94604,3.1903,-0.645231,16.5973
8696,3.2461,-2.33001,3.1903,-0.557986,23.0506
8697,3.23047,-2.78205,3.1903,-0.401711,29.9154
8698,3.2182,-2.83616,3.1903,-0.278993,36.2747
8699,3.20132,-2.92692,3.1903,-0.110255,42.1383
8700,3.19039,-2.70875,3.1903,-0.000958738,45.3456
8701,3.17582,-2.42252,3.1903,0.144769,46.4507
8702,3.16374,-2.72969,3.1903,0.26557,45.0713
8703,3.14782,-2.57262,3.1903,0.424721,43.3734
8704,3.13805,-2.36143,3.1903,0.522512,40.3377
8705,3.12549,-1.91986,3.1903,0.648107,36.8463
8706,3.11839,-1.62141,3.1903,0.719053,32.2429
8707,3.11015,-1.22522,3.1903,0.801505,27.7198
8708,3.10631,-0.724312,3.1903,0.839854,22.7065
8709,3.10248,-0.406662,3.1903,0.878204,17.9148
8710,3.10161,-0.118682,3.1903,0.886833,13.0137
8711,3.102,0.153589,3.1903,0.882998,8.24139
8712,3.10363,0.476475,3.1903,0.866699,4.12413
8713,3.10765,0.79587,3.1903,0.826432,0.276938
8714,3.11101,0.886627,3.1903,0.792876,-3.56374
8715,3.11734,1.16239,3.1903,0.7296,-6.97234
8716,3.12203,1.2706,3.1903,0.682621,-9.68121
8717,3.13018,1.3823,3.1903,0.601129,-12.1799
8718,3.13594,1.41023,3.1903,0.543604,-14.3188
8719,3.14466,1.39801,3.1903,0.456359,-16.0208
8720,3.15032,1.50971,3.1903,0.399794,-16.5761
8721,3.15856,1.31947,3.1903,0.317342,-17.6203
8722,3.16393,1.3247,3.1903,0.263653,-17.9998
8723,3.17131,1.26187,3.1903,0.18983,-18.3778
8724,3.17668,1.22522,3.1903,0.136141,-17.7047
8725,3.18397,1.09956,3.1903,0.0632767,-16.7685
8726,3.18867,1.14668,3.1903,0.0162985,-15.0942
8727,3.19432,0.942478,3.1903,-0.040267,-13.8353
8728,3.19701,0.647517,3.1903,-0.0671117,-11.1237
8729,3.20017,0.464258,3.1903,-0.09875,-8.26663
8730,3.20132,0.237365,3.1903,-0.110255,-4.56621
8731,3.2018,0,3.1903,-0.115049,-0.612362
8732,3.20142,-0.158825,3.1903,-0.111214,2.8511
8733,3.19912,-0.450295,3.1903,-0.0882039,6.07646
8734,3.19691,-0.574213,3.1903,-0.0661529,8.66281
8735,3.19317,-0.668461,3.1903,-0.0287621,10.8995
8736,3.1903,-0.726057,3.1903,0,12.1624
8737,3.18627,-0.645772,3.1903,0.040267,12.9213
8738,3.18339,-0.698132,3.1903,0.0690291,12.9905
8739,3.17918,-0.780162,3.1903,0.111214,13.7605
8740,3.17601,-0.696386,3.1903,0.142852,13.604
8741,3.17179,-0.719076,3.1903,0.185036,13.086
8742,3.16911,-0.675442,3.1903,0.211881,12.1609
8743,3.16566,-0.588176,3.1903,0.246396,11.2247
8744,3.16384,-0.432842,3.1903,0.264612,9.66115
8745,3.16163,-0.277507,3.1903,0.286663,8.09206
8746,3.16067,-0.207694,3.1903,0.29625,6.90106
8747,3.1599,-0.0698132,3.1903,0.30392,4.84034
8748,3.15981,0,3.1903,0.304879,3.32943
8749,3.16029,0.115192,3.1903,0.300085,1.95147
8750,3.16096,0.188496,3.1903,0.293374,0.548587
8751,3.1624,0.260054,3.1903,0.278993,-0.622365
8752,3.16364,0.321141,3.1903,0.266529,-1.40043
8753,3.16575,0.378736,3.1903,0.245437,-2.06223
8754,3.16729,0.394444,3.1903,0.230097,-3.18069
8755,3.16978,0.406662,3.1903,0.20517,-3.4885
8756,3.17141,0.417134,3.1903,0.188871,-3.9919
8757,3.17409,0.432842,3.1903,0.162027,-4.13606
8758,3.17582,0.418879,3.1903,0.144769,-4.46304
8759,3.17822,0.37001,3.1903,0.120801,-5.01669
8760,3.17946,0.300197,3.1903,0.108337,-4.54968
8761,3.18119,0.280998,3.1903,0.0910801,-5.03715
8762,3.18272,0.432842,3.1903,0.0757403,-4.91805
8763,3.18522,0.267035,3.1903,0.0508131,-4.79894
8764,3.18646,0.345575,3.1903,0.0383495,-4.64244
8765,3.18828,0.287979,3.1903,0.0201335,-4.2699
8766,3.18924,0.246091,3.1903,0.0105461,-3.49436
8767,3.19058,0.197222,3.1903,-0.00287621,-2.85177
8768,3.19135,0.148353,3.1903,-0.0105461,-2.36982
8769,3.19183,0.0715585,3.1903,-0.0153398,-1.44887
8770,3.19202,0.0261799,3.1903,-0.0172573,-0.50438
8771,3.19193,-0.0226893,3.1903,-0.0162985,0.187219
8772,3.19173,-0.0558505,3.1903,-0.0143811,1.32532
8773,3.19126,-0.0959931,3.1903,-0.00958738,1.71706
8774,3.19078,-0.111701,3.1903,-0.00479369,1.94627
8775,3.1901,-0.129154,3.1903,0.00191748,2.52087
8776,3.18953,-0.129154,3.1903,0.0076699,2.51797
8777,3.18867,-0.148353,3.1903,0.0162985,2.83044
8778,3.18809,-0.120428,3.1903,0.022051,2.62161
8779,3.18771,-0.015708,3.1903,0.0258859,2.69231
8780,3.18771,0,3.1903,0.0258859,2.85062
8781,3.18713,-0.143117,3.1903,0.0316384,2.41836
8782,3.18656,-0.136136,3.1903,0.0373908,2.47101
8783,3.18598,-0.113446,3.1903,0.0431432,2.35042
8784,3.1856,-0.0680678,3.1903,0.0469782,2.04021
8785,3.18522,-0.0523599,3.1903,0.0508131,2.04851
8786,3.18512,-0.0314159,3.1903,0.0517719,1.31314
8787,3.18502,0,3.1903,0.0527306,0.840893
8788,3.18493,0,3.1903,0.0536893,0.424042
8789,3.18512,0.0261799,3.1903,0.0517719,0.274475
8790,3.18522,0.0366519,3.1903,0.0508131,0.164526
8791,3.1855,0.0506145,3.1903,0.0479369,-0.0130771
8792,3.18579,0.0575959,3.1903,0.0450607,-0.453902
8793,3.18617,0.0645772,3.1903,0.0412257,-0.38246
8794,3.18646,0.0645772,3.1903,0.0383495,-0.381905
8795,3.18685,0.0733038,3.1903,0.0345146,-0.421456
8796,3.18704,0.0558505,3.1903,0.0325971,-0.255836
8797,3.18742,0.0453786,3.1903,0.0287621,-0.572445
8798,3.18761,0.0471239,3.1903,0.0268447,-0.379276
8799,3.1878,0.0279253,3.1903,0.0249272,-0.449487
8800,3.1879,0.0226893,3.1903,0.0239684,-0.313293
8801,3.188,0.0174533,3.1903,0.0230097,-0.287877
8802,3.18809,0.00174533,3.1903,0.022051,-0.275448
8803,3.18819,0.00523599,3.1903,0.0210922,-0.317176
8804,3.18819,0.0122173,3.1903,0.0210922,0.0412752
8805,3.18828,0.015708,3.1903,0.0201335,-0.0955427
8806,3.18838,0.00698132,3.1903,0.0191748,0.320916
8807,3.18838,0.00698132,3.1903,0.0191748,0.127884
8808,3.18847,0,3.1903,0.018216,0.505215
8809,3.18847,0.00872665,3.1903,0.018216,0.299091
8810,3.18847,0,3.1903,0.018216,0.50922
8811,3.18857,0.0122173,3.1903,0.0172573,0.417113
8812,3.18857,0.0174533,3.1903,0.0172573,0.461557
8813,3.18867,0,3.1903,0.0162985,0.563664
8814,3.18867,0,3.1903,0.0162985,0.650795
8815,3.18867,0.015708,3.1903,0.0162985,0.0857932
8816,3.18867,0.00698132,3.1903,0.0162985,0.558561
8817,3.18867,0,3.1903,0.0162985,0.382159
8818,3.18867,0,3.1903,0.0162985,0.328798
8819,3.18867,0,3.1903,0.0162985,0.28837
8820,3.18867,0,3.1903,0.0162985,0.123686
8821,3.18867,0.0174533,3.1903,0.0162985,0.180029
8822,3.18867,0,3.1903,0.0162985,0.126285
8823,3.18876,0,3.1903,0.0153398,-0.107724
8824,3.18876,0.0174533,3.1903,0.0153398,0.0865218
8825,3.18886,0,3.1903,0.0143811,0.087907
8826,3.18886,0.0174533,3.1903,0.0143811,0.323945
8827,3.18886,0,3.1903,0.0143811,0.145007
8828,3.18895,0,3.1903,0.0134223,0.465674
8829,3.18895,0,3.1903,0.0134223,0.176404
8830,3.18895,0,3.1903,0.0134223,0.204463
8831,3.18895,0,3.1903,0.0134223,0.343598
8832,3.18895,0,3.1903,0.0134223,0.27449
8833,3.18895,0,3.1903,0.0134223,-0.0578823
8834,3.18895,0,3.1903,0.0134223,0.315807
8835,3.18905,0,3.1903,0.0124636,0.331271
8836,3.18905,0,3.1903,0.0124636,0.303573
8837,3.18905,0.00872665,3.1903,0.0124636,0.137387
8838,3.18905,0,3.1903,0.0124636,0.0264619
8839,3.18905,0,3.1903,0.0124636,0.303573
8840,3.18905,0,3.1903,0.0124636,0.331271
8841,3.18905,0,3.1903,0.0124636,-0.0287993
8842,3.18905,0,3.1903,0.0124636,0.3727
8843,3.18915,0.00872665,3.1903,0.0115049,0.208017
8844,3.18915,0.00174533,3.1903,0.0115049,0.110857
8845,3.18915,0.00174533,3.1903,0.0115049,0.16647
8846,3.18915,0,3.1903,0.0115049,0.484994
8847,3.18915,0.0174533,3.1903,0.0115049,0.221853
8848,3.18924,0.0122173,3.1903,0.0105461,0.264403
8849,3.18924,0.00174533,3.1903,0.0105461,0.278646
8850,3.18924,0.00349066,3.1903,0.0105461,-0.164779
8851,3.18924,0.00698132,3.1903,0.0105461,0.0565785
8852,3.18924,0,3.1903,0.0105461,0.26445
8853,3.18934,0,3.1903,0.00958738,0.196938
8854,3.18934,0.00698132,3.1903,0.00958738,0.016903
8855,3.18934,0,3.1903,0.00958738,-0.0938878
8856,3.18934,0.00174533,3.1903,0.00958738,0.169219
8857,3.18943,0.00872665,3.1903,0.00862864,0.267529
8858,3.18943,0,3.1903,0.00862864,-0.0517145
8859,3.18943,0.010472,3.1903,0.00862864,-0.092803
8860,3.18943,0,3.1903,0.00862864,-0.0650797
8861,3.18953,0,3.1903,0.0076699,-0.0221074
8862,3.18953,0.0122173,3.1903,0.0076699,0.185839
8863,3.18953,0,3.1903,0.0076699,0.0612201
8864,3.18953,0.00698132,3.1903,0.0076699,-0.0634196
8865,3.18963,0.015708,3.1903,0.00671117,-0.0623667
8866,3.18963,0,3.1903,0.00671117,0.118001
8867,3.18963,0.0174533,3.1903,0.00671117,0.00681794
8868,3.18963,0,3.1903,0.00671117,0.394618
8869,3.18972,0,3.1903,0.00575243,0.133218
8870,3.18972,0.00349066,3.1903,0.00575243,-0.033028
8871,3.18972,0,3.1903,0.00575243,-0.0614289
8872,3.18972,0.00872665,3.1903,0.00575243,0.00751712
8873,3.18982,0.015708,3.1903,0.00479369,0.174309
8874,3.18982,0.00523599,3.1903,0.00479369,0.0630599
8875,3.18982,0.00349066,3.1903,0.00479369,0.202177
8876,3.18982,0,3.1903,0.00479369,0.0357883
8877,3.18991,0.00349066,3.1903,0.00383495,0.00923507
8878,3.18991,0,3.1903,0.00383495,0.133917
8879,3.18991,0,3.1903,0.00383495,0.162425
8880,3.18991,0,3.1903,0.00383495,0.287171
8881,3.18991,0.00174533,3.1903,0.00383495,0.0931165
8882,3.18991,0.00872665,3.1903,0.00383495,-0.0453295
8883,3.19001,0,3.1903,0.00287621,0.024712
8884,3.19001,0,3.1903,0.00287621,-0.0582427
8885,3.19001,0,3.1903,0.00287621,0.0525802
8886,3.19001,0,3.1903,0.00287621,0.093903
8887,3.19001,0,3.1903,0.00287621,0.107315
8888,3.19001,0,3.1903,0.00287621,0.356392
8889,3.19001,0,3.0903,-0.997124,-12.8717
8890,3.18387,-2.94088,3.0903,-0.935765,-11.6188
8891,3.18013,0.357792,3.0903,-0.898374,-6.57863
8892,3.17592,-1.5132,3.0903,-0.856189,0.139453
8893,3.16997,-1.31074,3.0903,-0.796748,5.39695
8894,3.16259,-1.72439,3.0903,-0.722925,11.7496
8895,3.15147,-2.24275,3.0903,-0.611711,18.4733
8896,3.14198,-2.3911,3.0903,-0.516796,24.4031
8897,3.12587,-2.86059,3.0903,-0.355728,31.898
8898,3.11436,-2.75238,3.0903,-0.24068,38.3377
8899,3.0973,-2.81871,3.0903,-0.0700241,43.1044
8900,3.08647,-2.57611,3.0903,0.0383132,45.8561
8901,3.07084,-3.22188,3.0903,0.194588,46.1428
8902,3.05972,-2.64592,3.0903,0.305801,44.4448
8903,3.04371,-2.56389,3.0903,0.46591,42.8286
8904,3.03412,-2.27242,3.0903,0.561784,39.4218
8905,3.02194,-1.87099,3.0903,0.683544,35.7282
8906,3.01514,-1.46957,3.0903,0.751614,31.3783
8907,3.00785,-0.961676,3.0903,0.824478,26.7583
8908,3.00411,-0.808087,3.0903,0.861869,21.9679
8909,3.00143,-0.359538,3.0903,0.888714,16.8743
8910,3.00104,-0.0174533,3.0903,0.892549,11.8555
8911,3.002,0.397935,3.0903,0.882961,7.14686
8912,3.00411,0.579449,3.0903,0.861869,2.7734
8913,3.00871,0.932006,3.0903,0.81585,-1.23297
8914,3.01255,1.01055,3.0903,0.7775,-4.67716
8915,3.01955,1.32121,3.0903,0.707512,-7.76819
8916,3.02434,1.24442,3.0903,0.659575,-10.7332
8917,3.03258,1.31947,3.0903,0.577124,-13.0245
8918,3.03843,1.41372,3.0903,0.518641,-14.8096
8919,3.04744,1.46608,3.0903,0.42852,-16.4104
8920,3.05301,1.45735,3.0903,0.372913,-17.0502
8921,3.06163,1.32645,3.0903,0.286626,-18.0473
8922,3.06643,1.11177,3.0903,0.238689,-18.4628
8923,3.0741,1.24442,3.0903,0.16199,-18.0473
8924,3.07937,1.23744,3.0903,0.10926,-17.0155
8925,3.08656,1.00007,3.0903,0.0373545,-16.053
8926,3.09107,1.15715,3.0903,-0.00770618,-14.423
8927,3.09615,0.74002,3.0903,-0.0585193,-12.5492
8928,3.09864,0.570723,3.0903,-0.0834465,-9.97883
8929,3.10104,0.268781,3.0903,-0.107415,-6.3435
8930,3.10171,0.136136,3.0903,-0.114126,-2.40072
8931,3.10152,-0.120428,3.0903,-0.112209,1.43311
8932,3.10046,-0.345575,3.0903,-0.101663,4.58256
8933,3.09778,-0.535816,3.0903,-0.0748178,7.89968
8934,3.09529,-0.668461,3.0903,-0.0498906,9.95362
8935,3.09107,-0.68766,3.0903,-0.00770618,12.1314
8936,3.08838,-0.656244,3.0903,0.0191385,12.979
8937,3.08368,-0.792379,3.0903,0.0661166,13.465
8938,3.0809,-0.637045,3.0903,0.09392,13.8126
8939,3.07717,-0.785398,3.0903,0.131311,13.7032
8940,3.074,-0.626573,3.0903,0.162949,13.1866
8941,3.07007,-0.572468,3.0903,0.202257,12.4651
8942,3.06748,-0.651008,3.0903,0.228143,11.6799
8943,3.06422,-0.481711,3.0903,0.26074,10.5664
8944,3.06259,-0.392699,3.0903,0.277039,8.89483
8945,3.06077,-0.240855,3.0903,0.295255,7.44208
8946,3.06,-0.146608,3.0903,0.302925,5.82453
8947,3.05962,-0.010472,3.0903,0.30676,4.33716
8948,3.05962,0.0383972,3.0903,0.30676,2.85533
8949,3.06029,0.171042,3.0903,0.300049,1.17547
8950,3.06115,0.230383,3.0903,0.29142,0.26006
8951,3.06278,0.307178,3.0903,0.275122,-0.716103
8952,3.06413,0.338594,3.0903,0.261699,-1.44058
8953,3.06624,0.366519,3.0903,0.240607,-2.49191
8954,3.06787,0.432842,3.0903,0.224308,-2.89191
8955,3.07045,0.439823,3.0903,0.198422,-3.64173
8956,3.07218,0.427606,3.0903,0.181165,-3.78433
8957,3.07467,0.39968,3.0903,0.156238,-4.4453
8958,3.0763,0.39968,3.0903,0.139939,-4.48385
8959,3.07841,0.34383,3.0903,0.118847,-4.74543
8960,3.07985,0.394444,3.0903,0.104466,-4.80774
8961,3.08234,0.401426,3.0903,0.079539,-5.00715
8962,3.08378,0.307178,3.0903,0.0651579,-4.93098
8963,3.0856,0.342085,3.0903,0.0469419,-4.89081
8964,3.08694,0.335103,3.0903,0.0335196,-4.42825
8965,3.08886,0.315905,3.0903,0.0143448,-4.23436
8966,3.09001,0.256563,3.0903,0.00283994,-3.34526
8967,3.09126,0.171042,3.0903,-0.00962365,-2.84254
8968,3.09174,0.116937,3.0903,-0.0144173,-1.8662
8969,3.09212,0.0471239,3.0903,-0.0182523,-0.849688
8970,3.09222,0.0139626,3.0903,-0.019211,-0.0312197
8971,3.09212,-0.0331613,3.0903,-0.0182523,0.55134
8972,3.09183,-0.0698132,3.0903,-0.0153761,1.28994
8973,3.09126,-0.106465,3.0903,-0.00962365,2.22286
8974,3.09068,-0.129154,3.0903,-0.00387123,2.35676
8975,3.08992,-0.144862,3.0903,0.00379868,2.46206
8976,3.08925,-0.169297,3.0903,0.0105098,2.73546
8977,3.08829,-0.162316,3.0903,0.0200972,2.75736
8978,3.08771,-0.118682,3.0903,0.0258497,2.82658
8979,3.08723,-0.0366519,3.0903,0.0306433,2.5922
8980,3.08704,-0.0575959,3.0903,0.0325608,2.9288
8981,3.08637,-0.144862,3.0903,0.039272,2.5655
8982,3.08579,-0.137881,3.0903,0.0450244,2.54106
8983,3.08522,-0.0837758,3.0903,0.0507768,2.35272
8984,3.08493,-0.0785398,3.0903,0.0536531,1.89155
8985,3.08455,-0.0645772,3.0903,0.057488,1.74752
8986,3.08436,-0.0296706,3.0903,0.0594055,1.35698
8987,3.08426,0,3.0903,0.0603642,1.03707
8988,3.08426,0,3.0903,0.0603642,0.316932
8989,3.08436,0.0261799,3.0903,0.0594055,0.165979
8990,3.08455,0.0383972,3.0903,0.057488,0.154901
8991,3.08484,0.0575959,3.0903,0.0546118,-0.243616
8992,3.08512,0.0593412,3.0903,0.0517356,-0.573792
8993,3.08551,0.0645772,3.0903,0.0479006,-0.225195
8994,3.08579,0.0593412,3.0903,0.0450244,-0.169216
8995,3.08618,0.0663225,3.0903,0.0411895,-0.375075
8996,3.08637,0.0698132,3.0903,0.039272,-0.195961
8997,3.08675,0.0610865,3.0903,0.035437,-0.290487
8998,3.08704,0.0541052,3.0903,0.0325608,-0.262574
8999,3.08733,0.0541052,3.0903,0.0296846,-0.538859
9000,3.08752,0.0488692,3.0903,0.0277671,-0.511742
9001,3.08781,0.0366519,3.0903,0.0248909,-0.358936
9002,3.0879,0.0349066,3.0903,0.0239322,-0.0971258
9003,3.08819,0.0296706,3.0903,0.021056,-0.163729
9004,3.08829,0.0279253,3.0903,0.0200972,0.126819
9005,3.08838,0.0261799,3.0903,0.0191385,-0.122449
9006,3.08848,0.0191986,3.0903,0.0181797,0.00202379
9007,3.08867,0.0174533,3.0903,0.0162623,-0.0925157
9008,3.08877,0.0174533,3.0903,0.0153035,0.226678
9009,3.08886,0.0139626,3.0903,0.0143448,0.311877
9010,3.08886,0.010472,3.0903,0.0143448,0.270934
9011,3.08896,0.0174533,3.0903,0.0133861,0.274184
9012,3.08896,0.00523599,3.0903,0.0133861,0.317538
9013,3.08896,0,3.0903,0.0133861,0.41682
9014,3.08905,0,3.0903,0.0124273,0.1988
9015,3.08905,0,3.0903,0.0124273,0.0618308
9016,3.08905,0,3.0903,0.0124273,0.74171
9017,3.08905,0,3.0903,0.0124273,-0.0316244
9018,3.08905,0,3.0903,0.0124273,0.2186
9019,3.08905,0,3.0903,0.0124273,0.205567
9020,3.08905,0,3.0903,0.0124273,0.179176
9021,3.08905,0,3.0903,0.0124273,0.151549
9022,3.08905,0.0174533,3.0903,0.0124273,-0.0272644
9023,3.08915,0.00174533,3.0903,0.0114686,0.376073
9024,3.08915,0,3.0903,0.0114686,0.237964
9025,3.08915,0,3.0903,0.0114686,0.267128
9026,3.08925,0,3.0903,0.0105098,0.240584
9027,3.08925,0,3.0903,0.0105098,0.19994
9028,3.08925,0.00174533,3.0903,0.0105098,0.0476517
9029,3.08925,0.00523599,3.0903,0.0105098,0.408027
9030,3.08934,0.0139626,3.0903,0.00955111,0.188611
9031,3.08934,0.0174533,3.0903,0.00955111,0.230708
9032,3.08934,0.010472,3.0903,0.00955111,0.119743
9033,3.08934,0.00698132,3.0903,0.00955111,0.121678
9034,3.08944,0,3.0903,0.00859237,0.13689
9035,3.08944,0,3.0903,0.00859237,0.178976
9036,3.08944,0,3.0903,0.00859237,0.0133504
9037,3.08944,0.00523599,3.0903,0.00859237,0.332009
9038,3.08944,0,3.0903,0.00859237,0.20793
9039,3.08953,0,3.0903,0.00763363,0.0855222
9040,3.08953,0.0139626,3.0903,0.00763363,0.00210585
9041,3.08953,0,3.0903,0.00763363,0.292715
9042,3.08963,0.0174533,3.0903,0.00667489,0.00459385
9043,3.08963,0.00174533,3.0903,0.00667489,0.294532
9044,3.08963,0,3.0903,0.00667489,-0.0234308
9045,3.08963,0.010472,3.0903,0.00667489,0.253106
9046,3.08963,0,3.0903,0.00667489,0.253731
9047,3.08972,0.010472,3.0903,0.00571615,0.213091
9048,3.08972,0,3.0903,0.00571615,0.00501338
9049,3.08972,0,3.0903,0.00571615,0.198894
9050,3.08972,0.00349066,3.0903,0.00571615,0.144176
9051,3.08982,0,3.0903,0.00475742,0.0627036
9052,3.08982,0,3.0903,0.00475742,0.0498844
9053,3.08982,0,3.0903,0.00475742,0.146961
9054,3.08982,0.00349066,3.0903,0.00475742,0.00856491
9055,3.08982,0,3.0903,0.00475742,0.118851
9056,3.08992,0,3.0903,0.00379868,-0.184361
9057,3.08992,0,3.0903,0.00379868,0.0237093
9058,3.08992,0.00174533,3.0903,0.00379868,0.106437
9059,3.08992,0,3.0903,0.00379868,0.342396
9060,3.08992,0,3.0903,0.00379868,0.191461
9061,3.08992,0,3.0903,0.00379868,0.0660722
9062,3.09001,0,3.0903,0.00283994,0.0249762
9063,3.09001,0.0174533,3.0903,0.00283994,0.163387
9064,3.09001,0,3.0903,0.00283994,-0.00277139
9065,3.09001,0,3.0903,0.00283994,0.121726
9066,3.09001,0,3.0903,0.00283994,-0.0722573
9067,3.09001,0,3.0903,0.00283994,0.052496
9068,3.09001,0,3.0903,0.00283994,0.288509
9069,3.09001,0,3.0903,0.00283994,0.0665719
9070,3.09001,0,3.0903,0.00283994,0.219108
9071,3.09011,0,3.0903,0.0018812,-0.0840637
9072,3.09011,0,3.0903,0.0018812,0.137791
9073,3.09011,0,3.0903,0.0018812,0.0966886
9074,3.09011,0,3.0903,0.0018812,0.0691151
9075,3.09011,0,3.0903,0.0018812,0.0965961
9076,3.09011,0.0122173,3.0903,0.0018812,0.165666
9077,3.09011,0,3.0903,0.0018812,0.290835
9078,3.09011,0,3.0903,0.0018812,0.235372
9079,3.09011,0,3.0903,0.0018812,-0.07018
9080,3.09011,0,3.0903,0.0018812,0.0821112
9081,3.09011,0,3.0903,0.0018812,0.0267761
9082,3.0902,0,3.0903,0.000922464,0.208152
9083,3.0902,0,3.0903,0.000922464,-0.0690734
9084,3.0902,0,3.0903,0.000922464,-0.152309
9085,3.0902,0,3.0903,0.000922464,-0.00109346
9086,3.0902,0,3.0903,0.000922464,0.164759
9087,3.0902,0,3.0903,0.000922464,0.192549
9088,3.0902,0,3.0903,0.000922464,0.206362
9089,3.0902,0,3.0903,0.000922464,0.0546923
9090,3.0902,0,3.0903,0.000922464,-0.0145024
9091,3.0902,0,3.0903,0.000922464,-0.11197
9092,3.0902,0,3.0903,0.000922464,-0.00193915
9093,3.0902,0,3.0903,0.000922464,0.0675678
9094,3.0902,0,3.0903,0.000922464,0.067511
9095,3.0902,0,3.0903,0.000922464,0.19284
9096,3.0902,0,3.0903,0.000922464,0.054081
9097,3.0902,0,3.0903,0.000922464,0.220679
9098,3.0902,0,3.0903,0.000922464,0.151421
9099,3.0902,0,3.0903,0.000922464,0.136897
9100,3.0902,0,3.0903,0.000922464,0.0813806
9101,3.0902,0,3.0903,0.000922464,0.0542865
9102,3.0903,0,3.0903,-3.62739e-05,0.0143517
9103,3.0903,0,3.0903,-3.62739e-05,0.0972068
9104,3.0903,0,3.0903,-3.62739e-05,0.332676
9105,3.0903,0,3.0903,-3.62739e-05,-0.000466836
9106,3.0903,0,3.0903,-3.62739e-05,0.179053
9107,3.0903,0,3.0903,-3.62739e-05,0.151437
9108,3.0903,0,3.0903,-3.62739e-05,0.234527
9109,3.0903,0,3.0903,-3.62739e-05,0.262029
9110,3.0903,0,3.0903,-3.62739e-05,0.0960096
9111,3.0903,0.00349066,3.0903,-3.62739e-05,-0.0153601
9112,3.0903,0,3.0903,-3.62739e-05,0.164267
9113,3.0903,0,3.0903,-3.62739e-05,0.275331
9114,3.0903,0,3.0903,-3.62739e-05,0.248056
9115,3.0903,0,3.0903,-3.62739e-05,0.095821
9116,3.0903,0,3.0903,-3.62739e-05,0.178761
9117,3.0903,0,3.0903,-3.62739e-05,-0.125725
9118,3.0903,0,3.0903,-3.62739e-05,-0.00106795
9119,3.0903,0,3.0903,-3.62739e-05,0.109485
9120,3.0903,0,3.0903,-3.62739e-05,0.192212
9121,3.0903,0,3.0903,-3.62739e-05,0.164468
9122,3.0903,0,3.0903,-3.62739e-05,0.289296
9123,3.0903,0,3.0903,-3.62739e-05,0.0399918
9124,3.0903,0,3.0903,-3.62739e-05,0.0953197
9125,3.0903,0,3.0903,-3.62739e-05,0.275074
9126,3.0903,0,3.0903,-3.62739e-05,0.0117079
9127,3.0903,0,3.0903,-3.62739e-05,0.0116617
9128,3.0903,0,3.0903,-3.62739e-05,0.0251873
9129,3.0903,0,3.0903,-3.62739e-05,0.0248215
9130,3.0903,0,3.0903,-3.62739e-05,0.135609
9131,3.0903,0,3.0903,-3.62739e-05,0.0388548
9132,3.0903,0,3.0903,-3.62739e-05,-0.0444124
9133,3.0903,0,3.0903,-3.62739e-05,0.12209
9134,3.0903,0,3.0903,-3.62739e-05,-0.140808
9135,3.0903,0,3.0903,-3.62739e-05,-0.0165125
9136,3.0903,0,3.0903,-3.62739e-05,0.204661
9137,3.0903,0,3.0903,-3.62739e-05,-0.00354444
9138,3.0903,0,3.0903,-3.62739e-05,0.162425
9139,3.0903,0,3.0903,-3.62739e-05,0.107559
9140,3.0903,0,3.0903,-3.62739e-05,0.163142
9141,3.0903,0,3.0903,-3.62739e-05,-0.00281324
9142,3.0903,0,3.0903,-3.62739e-05,-0.169131
9143,3.0903,0,3.0903,-3.62739e-05,0.217632
9144,3.0903,0,3.0903,-3.62739e-05,-0.00344199
9145,3.0903,0,3.0903,-3.62739e-05,0.203989
9146,3.0903,0,3.0903,-3.62739e-05,-0.170083
9147,3.0903,0,3.0903,-3.62739e-05,0.14799
9148,3.0903,0,3.0903,-3.62739e-05,-0.198725
9149,3.0903,0,3.0903,-3.62739e-05,0.0501456
9150,3.0903,0,3.0903,-3.62739e-05,0.0220821
9151,3.0903,0,3.0903,-3.62739e-05,0.326839
9152,3.0903,0,3.0903,-3.62739e-05,0.202025
9153,3.0903,0,3.0903,-3.62739e-05,-0.0474075
9154,3.0903,0,3.0903,-3.62739e-05,0.325869
9155,3.0903,0,3.0903,-3.62739e-05,0.173485
9156,3.0903,0,3.0903,-3.62739e-05,-0.102558
9157,3.0903,0,3.0903,-3.62739e-05,0.118935
9158,3.0903,0,3.0903,-3.62739e-05,-0.00515464
9159,3.0903,0,3.0903,-3.62739e-05,0.0359835
9160,3.0903,0,3.0903,-3.62739e-05,0.243542
9161,3.0903,0,3.0903,-3.62739e-05,0.27162
9162,3.0903,0,3.0903,-3.62739e-05,0.133469
9163,3.0903,0,3.0903,-3.62739e-05,0.257828
9164,3.0903,0,3.0903,-3.62739e-05,0.119442
9165,3.0903,0,3.0903,-3.62739e-05,-0.0603837
9166,3.0903,0,3.0903,-3.62739e-05,-0.11623
9167,3.0903,0,3.0903,-3.62739e-05,0.0916269
9168,3.0903,0,3.0903,-3.62739e-05,0.312885
9169,3.0903,0,3.0903,-3.62739e-05,-0.158022
9170,3.0903,0,3.0903,-3.62739e-05,0.187684
9171,3.0903,0,3.0903,-3.62739e-05,0.0633394
9172,3.0903,0,3.0903,-3.62739e-05,0.0215548
9173,3.0903,0,3.0903,-3.62739e-05,-0.0192497
9174,3.0903,0,3.0903,-3.62739e-05,0.187904
9175,3.0903,0,3.0903,-3.62739e-05,0.0637297
9176,3.0903,0,3.0903,-3.62739e-05,0.284669
9177,3.0903,0,3.0903,-3.62739e-05,0.0079222
9178,3.0903,0,3.0903,-3.62739e-05,0.159787
9179,3.0903,0,3.0903,-3.62739e-05,-0.0480771
9180,3.0903,0,3.0903,-3.62739e-05,0.15897
9181,3.0903,0,3.0903,-3.62739e-05,-0.173448
9182,3.0903,0,3.0903,-3.62739e-05,-0.049345
9183,3.0903,0,3.0903,-3.62739e-05,-0.146994
9184,3.0903,0,3.0903,-3.62739e-05,-0.105962
9185,3.0903,0,3.0903,-3.62739e-05,-0.00979075
9186,3.0903,0,3.0903,-3.62739e-05,0.128822
9187,3.0903,0,3.0903,-3.62739e-05,-0.0651721
9188,3.0903,0,3.0903,-3.62739e-05,0.0171504
9189,3.0903,0,3.0903,-3.62739e-05,-0.0796887
9190,3.0903,0,3.0903,-3.62739e-05,0.0999806
9191,3.0903,0,3.0903,-3.62739e-05,-0.037979
9192,3.0903,0,3.0903,-3.62739e-05,0.0729148
9193,3.0903,0,3.0903,-3.62739e-05,0.0311729
9194,3.0903,0,3.0903,-3.62739e-05,0.183997
9195,3.0903,0,3.0903,-3.62739e-05,-0.0375887
9196,3.0903,0,3.0903,-3.62739e-05,-0.0379545
9197,3.0903,0,3.0903,-3.62739e-05,0.210427
9198,3.0903,0,3.0903,-3.62739e-05,0.15507
9199,3.0902,0,3.0903,0.000922464,-0.0266992
9200,3.0902,0,3.0903,0.000922464,0.083907
9201,3.0902,0,3.0903,0.000922464,0.0562589
9202,3.0902,0,3.0903,0.000922464,-0.137426
9203,3.0902,0,3.0903,0.000922464,0.111264
9204,3.0902,0,3.0903,0.000922464,0.208873
9205,3.0902,0,3.0903,0.000922464,0.209072
9206,3.0902,0,3.0903,0.000922464,0.167618
9207,3.0902,0,3.0903,0.000922464,0.0991473
9208,3.0902,0,3.0903,0.000922464,0.0306557
9209,3.0902,0,3.0903,0.000922464,0.19638
9210,3.0902,0,3.0903,0.000922464,0.141844
9211,3.0902,0,3.0903,0.000922464,0.0173393
9212,3.0902,0,3.0903,0.000922464,0.0456832
9213,3.0902,0,3.0903,0.000922464,-0.217161
9214,3.0902,0,3.0903,0.000922464,0.169911
9215,3.0902,0,3.0903,0.000922464,0.253118
9216,3.0902,0,3.0903,0.000922464,0.142355
9217,3.0902,0,3.0903,0.000922464,-0.0517564
9218,3.0902,0,3.0903,0.000922464,0.0314503
9219,3.0902,0,3.0903,0.000922464,0.30869
9220,3.0902,0,3.0903,0.000922464,0.143193
9221,3.0902,0,3.0903,0.000922464,0.352104
9222,3.0902,0,3.0903,0.000922464,0.132192
9223,3.0902,0,3.0903,0.000922464,0.298321
9224,3.0902,0,3.0903,0.000922464,-0.0197909
9225,3.0902,0,3.0903,0.000922464,-0.0621401
9226,3.0902,0,3.0903,0.000922464,-0.0617709
9227,3.0902,0,3.0903,0.000922464,0.159349
9228,3.0902,0,3.0903,0.000922464,-0.00610573
9229,3.0902,0,3.0903,0.000922464,0.228948
9230,3.0902,0,3.0903,0.000922464,0.0907012
9231,3.0902,0,3.0903,0.000922464,0.187842
9232,3.0902,0,3.0903,0.000922464,0.202678
9233,3.0902,0,3.0903,0.000922464,0.0505819
9234,3.0902,0,3.0903,0.000922464,0.0506102
9235,3.0902,0,3.0903,0.000922464,-0.0325399
9236,3.0902,0,3.0903,0.000922464,0.175626
9237,3.0902,0,3.0903,0.000922464,0.203118
9238,3.0902,0,3.0903,0.000922464,0.245098
9239,3.0902,0,3.0903,0.000922464,0.0510501
9240,3.0902,0,3.0903,0.000922464,0.0373148
9241,3.0902,0,3.0903,0.000922464,0.106737
9242,3.0902,0,3.0903,0.000922464,-0.114412
9243,3.0902,0,3.0903,0.000922464,-0.252958
9244,3.0902,0,3.0903,0.000922464,0.259457
9245,3.0902,0,3.0903,0.000922464,0.0239059
9246,3.0902,0,3.0903,0.000922464,0.079074
9247,3.0902,0,3.0903,0.000922464,0.258669
9248,3.0902,0,3.0903,0.000922464,0.20311
9249,3.0902,0,3.0903,0.000922464,-0.0324415
9250,3.0902,0,3.0903,0.000922464,0.133517
9251,3.0902,0,3.0903,0.000922464,-0.157195
9252,3.0902,0,3.0903,0.000922464,-0.0460776
9253,3.0902,0,3.0903,0.000922464,0.0510845
9254,3.0902,0,3.0903,0.000922464,0.0653239
9255,3.0902,0,3.0903,0.000922464,0.0235287
9256,3.0902,0,3.0903,0.000922464,0.120009
9257,3.0902,0,3.0903,0.000922464,0.300392
9258,3.0902,0,3.0903,0.000922464,0.0519506
9259,3.0902,0,3.0903,0.000922464,0.0519789
9260,3.0902,0,3.0903,0.000922464,0.02497
9261,3.0902,0,3.0903,0.000922464,0.0944131
9262,3.0902,0,3.0903,0.000922464,0.0388116
9263,3.0902,0,3.0903,0.000922464,0.204877
9264,3.0902,0,3.0903,0.000922464,0.0391026
9265,3.0902,0,3.0903,0.000922464,0.0665517
9266,3.0902,0,3.0903,0.000922464,0.0944269
9267,3.0902,0,3.0903,0.000922464,0.218861
9268,3.0902,0,3.0903,0.000922464,0.136499
9269,3.0902,0,3.0903,0.000922464,0.0670698
9270,3.0902,0,3.0903,0.000922464,0.274533
9271,3.0902,0,3.0903,0.000922464,0.122522
9272,3.0902,0,3.0903,0.000922464,0.232659
9273,3.0902,0,3.0903,0.000922464,-0.0440978
9274,3.0902,0,3.0903,0.000922464,-0.0861274
9275,3.0902,0,3.0903,0.000922464,-0.155258
9276,3.0902,0,3.0903,0.000922464,-0.0586287
9277,3.0902,0,3.0903,0.000922464,-0.045412
9278,3.0902,0,3.0903,0.000922464,0.161902
9279,3.0902,0,3.0903,0.000922464,0.0928776
9280,3.0902,0,3.0903,0.000922464,-0.128441
9281,3.0902,0,3.0903,0.000922464,0.120035
9282,3.0902,0,3.0903,0.000922464,0.0500524
9283,3.0902,0,3.0903,0.000922464,-0.0747081
9284,3.0902,0,3.0903,0.000922464,0.0220066
9285,3.0903,0,3.0903,-3.62739e-05,0.0646514
9286,3.0903,0,3.0903,-3.62739e-05,0.133807
9287,3.0903,0,3.0903,-3.62739e-05,0.00986659
9288,3.0903,0,3.0903,-3.62739e-05,0.133714
9289,3.0903,0,3.1903,0.999964,12.8502
9290,3.09212,0.733038,3.1903,0.981748,12.1841
9291,3.09337,0.401426,3.1903,0.969284,10.7757
9292,3.09414,0.322886,3.1903,0.961614,9.00028
9293,3.09653,0.483456,3.1903,0.937646,6.88834
9294,3.09855,0.534071,3.1903,0.917512,4.93704
9295,3.10228,0.685914,3.1903,0.880121,2.83065
9296,3.10506,0.74351,3.1903,0.852318,1.05662
9297,3.10995,0.844739,3.1903,0.803422,-0.702237
9298,3.11331,0.851721,3.1903,0.769867,-1.99337
9299,3.11877,0.904081,3.1903,0.715219,-3.38936
9300,3.12261,1.01055,3.1903,0.676869,-4.36047
9301,3.12846,0.984366,3.1903,0.618386,-5.37972
9302,3.13258,1.01753,3.1903,0.57716,-5.97367
9303,3.13833,0.944223,3.1903,0.519636,-6.99104
9304,3.14207,0.904081,3.1903,0.482245,-7.13957
9305,3.14667,0.703368,3.1903,0.436226,-7.58548
9306,3.14974,0.839503,3.1903,0.405546,-7.54115
9307,3.15521,0.715585,3.1903,0.350898,-7.86381
9308,3.15837,0.867429,3.1903,0.31926,-7.40263
9309,3.16288,0.774926,3.1903,0.274199,-7.21288
9310,3.16566,0.673697,3.1903,0.246396,-6.42487
9311,3.1693,0.58294,3.1903,0.209964,-5.33357
9312,3.1716,0.541052,3.1903,0.186954,-4.67712
9313,3.17438,0.408407,3.1903,0.159151,-3.79217
9314,3.17582,0.354302,3.1903,0.144769,-2.91276
9315,3.17774,0.284489,3.1903,0.125595,-1.99873
9316,3.1787,0.214675,3.1903,0.116007,-1.23704
9317,3.17965,0.137881,3.1903,0.10642,-0.239916
9318,3.18013,0.10472,3.1903,0.101626,0.584958
9319,3.18052,0.0331613,3.1903,0.0977913,0.997826
9320,3.18052,0,3.1903,0.0977913,1.70175
9321,3.18042,-0.020944,3.1903,0.09875,2.14538
9322,3.18033,-0.0575959,3.1903,0.0997088,2.86918
9323,3.17994,-0.0663225,3.1903,0.103544,2.7053
9324,3.17965,-0.0855211,3.1903,0.10642,3.02799
9325,3.17918,-0.0837758,3.1903,0.111214,3.07265
9326,3.17879,-0.0645772,3.1903,0.115049,3.11839
9327,3.1787,0,3.1903,0.116007,3.15445
9328,3.17889,0.0471239,3.1903,0.11409,3.34731
9329,3.1787,-0.0750492,3.1903,0.116007,3.10377
9330,3.17841,-0.0506145,3.1903,0.118884,2.71185
9331,3.17812,-0.0471239,3.1903,0.12176,2.69384
9332,3.17802,-0.0366519,3.1903,0.122718,2.42933
9333,3.17783,-0.0174533,3.1903,0.124636,1.63717
9334,3.17783,0,3.1903,0.124636,1.18016
9335,3.17793,0.0331613,3.1903,0.123677,0.890721
9336,3.17812,0.0436332,3.1903,0.12176,0.574968
9337,3.1785,0.0698132,3.1903,0.117925,0.622055
9338,3.17879,0.0785398,3.1903,0.115049,0.224594
9339,3.17937,0.0942478,3.1903,0.109296,0.0390217
9340,3.17975,0.0942478,3.1903,0.105461,-0.122395
9341,3.18033,0.0907571,3.1903,0.0997088,0.0505939
9342,3.18071,0.10472,3.1903,0.0958738,-0.374122
9343,3.18138,0.111701,3.1903,0.0891626,-0.352997
9344,3.18176,0.101229,3.1903,0.0853277,-0.0184644
9345,3.18243,0.0994838,3.1903,0.0786165,-0.274625
9346,3.18291,0.111701,3.1903,0.0738228,-0.437297
9347,3.18349,0.10472,3.1903,0.0680704,-0.473308
9348,3.18397,0.0959931,3.1903,0.0632767,-0.414553
9349,3.18445,0.0890118,3.1903,0.058483,-0.231231
9350,3.18483,0.0925025,3.1903,0.0546481,-0.463969
9351,3.18541,0.0837758,3.1903,0.0488956,-0.362216
9352,3.18569,0.0750492,3.1903,0.0460194,-0.125293
9353,3.18608,0.0715585,3.1903,0.0421845,-0.163689
9354,3.18637,0.0610865,3.1903,0.0393083,-0.341195
9355,3.18665,0.0506145,3.1903,0.036432,0.0622365
9356,3.18685,0.0418879,3.1903,0.0345146,0.0916692
9357,3.18713,0.0366519,3.1903,0.0316384,-0.182056
9358,3.18723,0.0349066,3.1903,0.0306796,0.0537331
9359,3.18742,0.0191986,3.1903,0.0287621,-0.261458
9360,3.18752,0.0122173,3.1903,0.0278034,0.225343
9361,3.18752,0.015708,3.1903,0.0278034,0.129242
9362,3.18761,0.00698132,3.1903,0.0268447,0.312959
9363,3.18761,0,3.1903,0.0268447,0.0379423
9364,3.18761,0.00872665,3.1903,0.0268447,0.289288
9365,3.18761,0,3.1903,0.0268447,0.402402
9366,3.18761,0,3.1903,0.0268447,0.433082
9367,3.18761,0,3.1903,0.0268447,0.03481
9368,3.18771,0.015708,3.1903,0.0258859,0.45324
9369,3.18771,0.015708,3.1903,0.0258859,0.275218
9370,3.18771,0.00872665,3.1903,0.0258859,0.263468
9371,3.18771,0,3.1903,0.0258859,0.666864
9372,3.1878,0.0139626,3.1903,0.0249272,0.19951
9373,3.1878,0,3.1903,0.0249272,0.423264
9374,3.1879,0.015708,3.1903,0.0239684,0.620858
9375,3.1879,0.0139626,3.1903,0.0239684,0.428497
9376,3.188,0.0122173,3.1903,0.0230097,0.223973
9377,3.188,0.00174533,3.1903,0.0230097,0.0454509
9378,3.18809,0.0139626,3.1903,0.022051,0.311181
9379,3.18809,0,3.1903,0.022051,0.312214
9380,3.18819,0.00174533,3.1903,0.0210922,0.231606
9381,3.18819,0.0174533,3.1903,0.0210922,-0.168925
9382,3.18828,0,3.1903,0.0201335,0.151455
9383,3.18828,0.0174533,3.1903,0.0201335,0.0412927
9384,3.18838,0.0174533,3.1903,0.0191748,0.0699879
9385,3.18838,0.010472,3.1903,0.0191748,0.12664
9386,3.18847,0,3.1903,0.018216,-0.00990271
9387,3.18847,0,3.1903,0.018216,0.350519
9388,3.18857,0.0122173,3.1903,0.0172573,0.213498
9389,3.18867,0.0174533,3.1903,0.0162985,-0.0348433
9390,3.18867,0.0174533,3.1903,0.0162985,0.0343264
9391,3.18876,0.020944,3.1903,0.0153398,-0.0610919
9392,3.18876,0,3.1903,0.0153398,-0.144079
9393,3.18876,0,3.1903,0.0153398,0.229223
9394,3.18886,0.00174533,3.1903,0.0143811,0.342349
9395,3.18895,0.015708,3.1903,0.0134223,0.302188
9396,3.18895,0.015708,3.1903,0.0134223,0.301928
9397,3.18895,0.0174533,3.1903,0.0134223,-0.0440335
9398,3.18905,0,3.1903,0.0124636,0.0819915
9399,3.18905,0.0174533,3.1903,0.0124636,0.0819915
9400,3.18905,0.00698132,3.1903,0.0124636,0.206391
9401,3.18915,0.010472,3.1903,0.0115049,0.111075
9402,3.18915,0.00698132,3.1903,0.0115049,0.0970211
9403,3.18924,0,3.1903,0.0105461,0.140158
9404,3.18924,0.0174533,3.1903,0.0105461,0.0847365
9405,3.18924,0.010472,3.1903,0.0105461,0.0564741
9406,3.18934,0.0174533,3.1903,0.00958738,0.210787
9407,3.18934,0.0122173,3.1903,0.00958738,0.0584496
9408,3.18934,0,3.1903,0.00958738,-0.0391529
9409,3.18943,0,3.1903,0.00862864,0.197838
9410,3.18943,0.0122173,3.1903,0.00862864,0.309114
9411,3.18943,0.00174533,3.1903,0.00862864,0.0598349
9412,3.18943,0,3.1903,0.00862864,0.0732256
9413,3.18953,0,3.1903,0.0076699,0.075069
9414,3.18953,0,3.1903,0.0076699,0.310483
9415,3.18963,0,3.1903,0.00671117,0.104152
9416,3.18963,0.0174533,3.1903,0.00671117,0.213967
9417,3.18963,0.0174533,3.1903,0.00671117,0.172388
9418,3.18963,0,3.1903,0.00671117,0.33899
9419,3.18972,0,3.1903,0.00575243,0.174782
9420,3.18972,0.00872665,3.1903,0.00575243,0.119386
9421,3.18972,0.0191986,3.1903,0.00575243,0.147084
9422,3.18982,0,3.1903,0.00479369,-0.114691
9423,3.18982,0,3.1903,0.00479369,0.272811
9424,3.18982,0.0122173,3.1903,0.00479369,-0.143518
9425,3.18991,0.00872665,3.1903,0.00383495,-0.0877282
9426,3.18991,0,3.1903,0.00383495,-0.197816
9427,3.18991,0,3.1903,0.00383495,0.341757
9428,3.18991,0.00174533,3.1903,0.00383495,0.105431
9429,3.19001,0,3.1903,0.00287621,-0.0451288
9430,3.19001,0.00872665,3.1903,0.00287621,0.189631
9431,3.19001,0.0139626,3.1903,0.00287621,0.0784457
9432,3.19001,0,3.1903,0.00287621,-0.0186136
9433,3.1901,0,3.1903,0.00191748,-0.00432755
9434,3.1901,0,3.1903,0.00191748,0.133479
9435,3.1901,0.00174533,3.1903,0.00191748,0.0360472
9436,3.1901,0,3.1903,0.00191748,-0.0196039
9437,3.1901,0,3.1903,0.00191748,0.202574
9438,3.1901,0,3.1903,0.00191748,0.0920392
9439,3.1902,0,3.1903,0.000958738,0.106702
9440,3.1902,0.00523599,3.1903,0.000958738,-0.0461998
9441,3.1902,0.00872665,3.1903,0.000958738,0.147631
9442,3.1902,0,3.1903,0.000958738,0.147684
9443,3.1902,0,3.1903,0.000958738,0.203218
9444,3.1902,0.00872665,3.1903,0.000958738,-0.0461785
9445,3.1902,0,3.1903,0.000958738,-0.060038
9446,3.1903,0,3.1903,0,0.00973508
9447,3.1903,0,3.1903,0,0.0785746
9448,3.1903,0,3.1903,0,0.119695
9449,3.1903,0,3.1903,0,-0.0323441
9450,3.1903,0,3.1903,0,-0.0747004
9451,3.1903,0,3.1903,0,0.244058
9452,3.1903,0,3.1903,0,0.396672
9453,3.1903,0,3.1903,0,-0.129861
9454,3.1903,0,3.1903,0,-0.00569042
9455,3.1903,0,3.1903,0,0.104547
9456,3.1903,0,3.1903,0,-0.0201998
9457,3.1903,0,3.1903,0,0.0356644
9458,3.1903,0,3.1903,0,0.117863
9459,3.1903,0,3.1903,0,0.0216664
9460,3.1903,0,3.1903,0,0.145198
9461,3.1903,0,3.1903,0,0.159068
9462,3.1903,0,3.1903,0,-0.104081
9463,3.1903,0,3.1903,0,0.186787
9464,3.1903,0,3.1903,0,0.213739
9465,3.1903,0,3.1903,0,0.242439
9466,3.1903,0,3.1903,0,0.269859
9467,3.1903,0,3.1903,0,-0.0207963
9468,3.1903,0,3.1903,0,0.131158
9469,3.1903,0,3.1903,0,-0.0628969
9470,3.1903,0,3.1903,0,0.103183
9471,3.1903,0,3.1903,0,-0.146054
9472,3.1903,0,3.1903,0,-0.25693
9473,3.1903,0,3.1903,0,0.130071
9474,3.1903,0,3.1903,0,0.102309
9475,3.1903,0,3.1903,0,-0.0508803
9476,3.1903,0,3.1903,0,0.0184918
9477,3.1903,0,3.1903,0,-0.134464
9478,3.1903,0,3.1903,0,0.253155
9479,3.1903,0,3.1903,0,-0.0651766
9480,3.1903,0,3.1903,0,0.142066
9481,3.1903,0,3.1903,0,-0.0380754
9482,3.1903,0,3.1903,0,0.210629
9483,3.1903,0,3.1903,0,0.169359
9484,3.1903,0,3.1903,0,0.113239
9485,3.1903,0,3.1903,0,0.224584
9486,3.1903,0,3.1903,0,0.030551
9487,3.1903,0,3.1903,0,-0.0392047
9488,3.1903,0,3.1903,0,0.181781
9489,3.19135,0.801106,3.4903,2.98945,38.9352
9490,3.19605,0.020944,3.4903,2.94248,35.5963
9491,3.19979,0.925025,3.4903,2.90508,30.7339
9492,3.20266,0.750492,3.4903,2.87632,25.3467
9493,3.21024,1.32645,3.4903,2.80058,20.0551
9494,3.21685,1.71217,3.4903,2.73443,13.8079
9495,3.22807,1.9984,3.4903,2.62226,7.46104
9496,3.23689,2.22006,3.4903,2.53405,2.21513
9497,3.25175,2.56738,3.4903,2.38545,-3.42095
9498,3.26259,2.73319,3.4903,2.27711,-8.0286
9499,3.27965,2.89725,3.4903,2.10646,-12.7743
9500,3.29173,3.04734,3.4903,1.98566,-15.8469
9501,3.31033,3.17824,3.4903,1.79966,-19.4282
9502,3.32279,3.07178,3.4903,1.67502,-21.2285
9503,3.34072,2.93564,3.4903,1.49574,-23.5591
9504,3.35232,2.86932,3.4903,1.37973,-24.0147
9505,3.3692,2.83441,3.4903,1.21099,-25.1697
9506,3.38013,2.70875,3.4903,1.1017,-24.9286
9507,3.39614,2.56738,3.4903,0.94159,-23.5063
9508,3.4063,2.34223,3.4903,0.839963,-22.0161
9509,3.41924,2.00713,3.4903,0.710534,-20.4027
9510,3.4272,1.85703,3.4903,0.630958,-17.7949
9511,3.43708,1.65632,3.4903,0.532208,-15.5195
9512,3.44292,1.43117,3.4903,0.473725,-12.5406
9513,3.4505,1.24093,3.4903,0.397985,-9.85527
9514,3.45414,0.815069,3.4903,0.361553,-7.019
9515,3.45874,0.570723,3.4903,0.315534,-4.09965
9516,3.46085,0.47822,3.4903,0.294441,-1.35479
9517,3.46296,0.261799,3.4903,0.273349,1.15633
9518,3.46354,0.106465,3.4903,0.267597,3.72972
9519,3.46363,-0.0558505,3.4903,0.266638,5.81518
9520,3.46315,-0.13439,3.4903,0.271432,7.31117
9521,3.4621,-0.240855,3.4903,0.281978,8.49079
9522,3.46104,-0.280998,3.4903,0.292524,9.56699
9523,3.45913,-0.322886,3.4903,0.311699,10.3564
9524,3.45788,-0.315905,3.4903,0.324162,10.5738
9525,3.45615,-0.275762,3.4903,0.34142,10.6735
9526,3.455,-0.287979,3.4903,0.352924,10.5045
9527,3.45309,-0.275762,3.4903,0.372099,10.7815
9528,3.45194,-0.315905,3.4903,0.383604,10.1555
9529,3.45031,-0.246091,3.4903,0.399903,9.50879
9530,3.44954,-0.195477,3.4903,0.407572,8.29285
9531,3.44877,-0.0942478,3.4903,0.415242,7.25696
9532,3.44848,-0.0279253,3.4903,0.418119,5.84022
9533,3.44858,0.0610865,3.4903,0.41716,4.51211
9534,3.44896,0.125664,3.4903,0.413325,3.20201
9535,3.44992,0.20944,3.4903,0.403738,2.03871
9536,3.45088,0.240855,3.4903,0.39415,1.554
9537,3.45261,0.315905,3.4903,0.376893,0.512576
9538,3.45395,0.34383,3.4903,0.363471,-0.36867
9539,3.45615,0.389208,3.4903,0.34142,-1.07635
9540,3.45778,0.394444,3.4903,0.325121,-1.57559
9541,3.46028,0.434587,3.4903,0.300194,-2.20435
9542,3.46191,0.418879,3.4903,0.283895,-2.40546
9543,3.4645,0.42586,3.4903,0.258009,-2.58131
9544,3.46622,0.39968,3.4903,0.240752,-2.77221
9545,3.46852,0.39619,3.4903,0.217742,-2.60854
9546,3.47006,0.356047,3.4903,0.202403,-2.77504
9547,3.47226,0.413643,3.4903,0.180352,-2.90428
9548,3.47399,0.394444,3.4903,0.163094,-3.04033
9549,3.47571,0.244346,3.4903,0.145837,-3.23126
9550,3.47677,0.282743,3.4903,0.135291,-2.66206
9551,3.47878,0.303687,3.4903,0.115157,-2.72991
9552,3.47974,0.249582,3.4903,0.10557,-2.39754
9553,3.48118,0.216421,3.4903,0.0911889,-2.05824
9554,3.48204,0.195477,3.4903,0.0825603,-1.43642
9555,3.4831,0.165806,3.4903,0.0720142,-1.06111
9556,3.48367,0.132645,3.4903,0.0662617,-0.388053
9557,3.48425,0.0837758,3.4903,0.0605093,-0.338195
9558,3.48453,0.0593412,3.4903,0.0576331,0.081427
9559,3.48472,0.0174533,3.4903,0.0557156,0.48831
9560,3.48472,0,3.4903,0.0557156,1.00544
9561,3.48472,-0.0174533,3.4903,0.0557156,1.16582
9562,3.48463,-0.0279253,3.4903,0.0566744,1.10457
9563,3.48444,-0.0226893,3.4903,0.0585918,1.70852
9564,3.48434,-0.0174533,3.4903,0.0595506,1.38714
9565,3.48444,0.0139626,3.4903,0.0585918,1.88566
9566,3.48444,0,3.4903,0.0585918,1.57869
9567,3.48444,0,3.4903,0.0585918,1.36961
9568,3.48444,-0.015708,3.4903,0.0585918,1.29783
9569,3.48425,-0.0296706,3.4903,0.0605093,1.36061
9570,3.48425,-0.0139626,3.4903,0.0605093,1.27336
9571,3.48415,0,3.4903,0.0614681,0.892788
9572,3.48415,0,3.4903,0.0614681,0.732983
9573,3.48425,0.00698132,3.4903,0.0605093,0.641639
9574,3.48434,0.0296706,3.4903,0.0595506,0.508245
9575,3.48444,0.0314159,3.4903,0.0585918,0.111437
9576,3.48463,0.0296706,3.4903,0.0566744,0.503689
9577,3.48482,0.0366519,3.4903,0.0547569,0.591879
9578,3.48492,0.0314159,3.4903,0.0537981,0.566975
9579,3.48511,0.0226893,3.4903,0.0518807,0.69694
9580,3.4852,0.0226893,3.4903,0.0509219,0.63191
9581,3.4854,0.0279253,3.4903,0.0490045,0.679134
9582,3.48549,0.0314159,3.4903,0.0480457,0.420082
9583,3.48568,0.0366519,3.4903,0.0461282,0.286322
9584,3.48578,0.0331613,3.4903,0.0451695,0.220947
9585,3.48597,0.0296706,3.4903,0.043252,-0.0111293
9586,3.48607,0.0314159,3.4903,0.0422933,0.07359
9587,3.48635,0.0401426,3.4903,0.0394171,0.0229704
9588,3.48645,0.0314159,3.4903,0.0384583,0.0796724
9589,3.48674,0.0401426,3.4903,0.0355821,-0.110373
9590,3.48683,0.0331613,3.4903,0.0346234,0.0568001
9591,3.48712,0.0366519,3.4903,0.0317472,-0.286158
9592,3.48731,0.0383972,3.4903,0.0298297,-0.132533
9593,3.48751,0.0279253,3.4903,0.0279122,-0.200745
9594,3.4877,0.0366519,3.4903,0.0259947,-0.296996
9595,3.48789,0.0261799,3.4903,0.0240773,-0.3096
9596,3.48808,0.0314159,3.4903,0.0221598,-0.198011
9597,3.48827,0.0296706,3.4903,0.0202423,0.0520237
9598,3.48837,0.0331613,3.4903,0.0192836,0.107341
9599,3.48856,0.0139626,3.4903,0.0173661,-0.347815
9600,3.48866,0.0279253,3.4903,0.0164074,0.0127205
9601,3.48885,0.0191986,3.4903,0.0144899,-0.138137
9602,3.48894,0.0279253,3.4903,0.0135312,0.0416235
9603,3.48904,0.0191986,3.4903,0.0125724,0.125563
9604,3.48914,0.0244346,3.4903,0.0116137,0.167539
9605,3.48923,0.0191986,3.4903,0.0106549,-0.177794
9606,3.48933,0.0191986,3.4903,0.0096962,-0.010987
9607,3.48942,0.0139626,3.4903,0.00873746,-0.0379491
9608,3.48942,0.0139626,3.4903,0.00873746,-0.122193
9609,3.48952,0,3.4903,0.00777873,-0.191027
9610,3.48952,0.0174533,3.4903,0.00777873,-0.150663
9611,3.48961,0.00174533,3.4903,0.00681999,0.0162462
9612,3.48961,0,3.4903,0.00681999,0.250995
9613,3.48971,0.0122173,3.4903,0.00586125,0.002428
9614,3.48971,0.0174533,3.4903,0.00586125,-0.177767
9615,3.48981,0,3.4903,0.00490251,0.00339184
9616,3.48981,0.010472,3.4903,0.00490251,-0.162581
9617,3.48981,0.0174533,3.4903,0.00490251,0.100505
9618,3.4899,0,3.4903,0.00394377,0.294204
9619,3.4899,0,3.4903,0.00394377,0.183658
9620,3.4899,0.00872665,3.4903,0.00394377,-0.0384026
9621,3.4899,0,3.4903,0.00394377,0.0306609
9622,3.4899,0,3.4903,0.00394377,-0.149257
9623,3.4899,0,3.4903,0.00394377,-0.329558
9624,3.49,0,3.4903,0.00298504,-0.175929
9625,3.49,0,3.4903,0.00298504,-0.203754
9626,3.49,0,3.4903,0.00298504,0.252726
9627,3.49,0.00698132,3.4903,0.00298504,-0.0657553
9628,3.49,0,3.4903,0.00298504,0.045121
9629,3.49,0,3.4903,0.00298504,0.00304197
9630,3.49,0,3.4903,0.00298504,0.168653
9631,3.49009,0.00523599,3.4903,0.0020263,0.281256
9632,3.49009,0,3.4903,0.0020263,-0.272049
9633,3.49009,0,3.4903,0.0020263,-0.00959118
9634,3.49009,0,3.4903,0.0020263,-0.0376402
9635,3.49009,0,3.4903,0.0020263,0.128067
9636,3.49009,0,3.4903,0.0020263,-0.217803
9637,3.49009,0,3.4903,0.0020263,0.224732
9638,3.49009,0,3.4903,0.0020263,0.224892
9639,3.49009,0,3.4903,0.0020263,0.127514
9640,3.49009,0.00872665,3.4903,0.0020263,0.140841
9641,3.49019,0,3.4903,0.00106756,0.0181172
9642,3.49019,0,3.4903,0.00106756,0.21198
9643,3.49019,0,3.4903,0.00106756,0.33694
9644,3.49019,0,3.4903,0.00106756,-0.20259
9645,3.49019,0,3.4903,0.00106756,0.0736627
9646,3.49019,0,3.4903,0.00106756,0.142929
9647,3.49019,0,3.4903,0.00106756,-0.0375751
9648,3.49019,0,3.4903,0.00106756,-0.0381928
9649,3.49019,0,3.4903,0.00106756,-0.0388104
9650,3.49019,0,3.4903,0.00106756,0.112611
9651,3.49029,0,3.4903,0.000108822,0.168459
9652,3.49029,0,3.4903,0.000108822,-0.109125
9653,3.49029,0,3.4903,0.000108822,0.250871
9654,3.49029,0,3.4903,0.000108822,0.0570401
9655,3.49029,0,3.4903,0.000108822,-0.0255947
9656,3.49029,0,3.4903,0.000108822,-0.136055
9657,3.49029,0,3.4903,0.000108822,-0.0810323
9658,3.49029,0,3.4903,0.000108822,0.181681
9659,3.49029,0,3.4903,0.000108822,0.153909
9660,3.49029,0,3.4903,0.000108822,0.153579
9661,3.49029,0,3.4903,0.000108822,-0.0955408
9662,3.49029,0,3.4903,0.000108822,-0.164433
9663,3.49029,0,3.4903,0.000108822,-0.165083
9664,3.49029,0,3.4903,0.000108822,0.208996
9665,3.49029,0,3.4903,0.000108822,0.0292703
9666,3.49029,0.00523599,3.4903,0.000108822,0.26501
9667,3.49029,0,3.4903,0.000108822,0.361857
9668,3.49029,0,3.4903,0.000108822,0.182365
9669,3.49029,0,3.4903,0.000108822,-0.0392912
9670,3.49029,0,3.4903,0.000108822,0.0299639
9671,3.49029,0,3.4903,0.000108822,-0.0668394
9672,3.49029,0,3.4903,0.000108822,0.126949
9673,3.49029,0,3.4903,0.000108822,0.196076
9674,3.49029,0,3.4903,0.000108822,0.15486
9675,3.49029,0,3.4903,0.000108822,-0.0391407
9676,3.49029,0,3.4903,0.000108822,0.112228
9677,3.49029,0,3.4903,0.000108822,0.153892
9678,3.49029,0,3.4903,0.000108822,0.251377
9679,3.49029,0,3.4903,0.000108822,0.251218
9680,3.49029,0,3.4903,0.000108822,-0.150602
9681,3.49029,0,3.4903,0.000108822,-0.0817725
9682,3.49029,0,3.4903,0.000108822,-0.164834
9683,3.49029,0,3.4903,0.000108822,-0.0124426
9684,3.49029,0,3.4903,0.000108822,-0.344485
9685,3.49029,0,3.4903,0.000108822,0.111686
9686,3.49029,0,3.4903,0.000108822,0.00150287
9687,3.49029,0,3.4903,0.000108822,-0.289461
9688,3.49029,0,3.4903,0.000108822,0.333024
9689,3.49029,0,3.4903,0.000108822,-0.109724
9690,3.49029,0,3.4903,0.000108822,-0.165663
9691,3.49029,0,3.4903,0.000108822,0.000513291
9692,3.49029,0,3.4903,0.000108822,-0.0824412
9693,3.49029,0,3.4903,0.000108822,-0.0413524
9694,3.49029,0,3.4903,0.000108822,-0.151728
9695,3.49029,0,3.4903,0.000108822,0.138705
9696,3.49029,0,3.4903,0.000108822,-0.0142612
9697,3.49029,0,3.4903,0.000108822,-0.0411384
9698,3.49029,0,3.4903,0.000108822,0.194814
9699,3.49029,0,3.4903,0.000108822,0.305957
9700,3.49029,0,3.4903,0.000108822,0.084514
9701,3.49029,0,3.4903,0.000108822,0.029236
9702,3.49029,0,3.4903,0.000108822,-0.136897
9703,3.49029,0,3.4903,0.000108822,0.112117
9704,3.49029,0,3.4903,0.000108822,0.208302
9705,3.49029,0,3.4903,0.000108822,-0.0124588
9706,3.49029,0,3.4903,0.000108822,-0.178549
9707,3.49029,0,3.4903,0.000108822,0.0703365
9708,3.49029,0,3.4903,0.000108822,0.167417
9709,3.49029,0,3.4903,0.000108822,-0.17809
9710,3.49029,0,3.4903,0.000108822,0.222621
9711,3.49029,0,3.4903,0.000108822,-0.275586
9712,3.49029,0,3.4903,0.000108822,-0.234731
9713,3.49029,0,3.4903,0.000108822,-0.0694078
9714,3.49029,0,3.4903,0.000108822,-0.013277
9715,3.49029,0,3.4903,0.000108822,0.0281952
9716,3.49029,0,3.4903,0.000108822,0.0695822
9717,3.49029,0,3.4903,0.000108822,-0.19377
9718,3.49029,0,3.4903,0.000108822,-0.0692042
9719,3.49029,0,3.4903,0.000108822,0.000327955
9720,3.49029,0,3.4903,0.000108822,0.000338838
9721,3.49029,0,3.4903,0.000108822,-0.0827434
9722,3.49029,0,3.4903,0.000108822,0.0281649
9723,3.49029,0,3.4903,0.000108822,0.152219
9724,3.49029,0,3.4903,0.000108822,0.0277179
9725,3.49029,0,3.4903,0.000108822,0.262669
9726,3.49029,0,3.4903,0.000108822,0.0973248
9727,3.49029,0,3.4903,0.000108822,0.19447
9728,3.49029,0,3.4903,0.000108822,0.0844352
9729,3.49029,0,3.4903,0.000108822,0.028518
9730,3.49029,0,3.4903,0.000108822,-0.027314
9731,3.49029,0,3.4903,0.000108822,0.0134339
9732,3.49029,0,3.4903,0.000108822,-0.194331
9733,3.49029,0,3.4903,0.000108822,0.0542565
9734,3.49029,0,3.4903,0.000108822,-0.111876
9735,3.49029,0,3.4903,0.000108822,-0.0846365
9736,3.49029,0,3.4903,0.000108822,0.164569
9737,3.49029,0,3.4903,0.000108822,0.109163
9738,3.49029,0,3.4903,0.000108822,0.0677763
9739,3.49029,0,3.4903,0.000108822,0.27569
9740,3.49029,0,3.4903,0.000108822,0.0131057
9741,3.49029,0,3.4903,0.000108822,0.178749
9742,3.49029,0,3.4903,0.000108822,-0.0846455
9743,3.49029,0,3.4903,0.000108822,-0.264521
9744,3.49029,0,3.4903,0.000108822,0.039462
9745,3.49029,0,3.4903,0.000108822,-0.0428319
9746,3.49029,0,3.4903,0.000108822,0.080796
9747,3.49029,0,3.4903,0.000108822,0.0394308
9748,3.49029,0,3.4903,0.000108822,-0.265212
9749,3.49029,0,3.4903,0.000108822,-0.210125
9750,3.49029,0,3.4903,0.000108822,-0.071711
9751,3.49029,0,3.4903,0.000108822,0.0665328
9752,3.49029,0,3.4903,0.000108822,-0.0999196
9753,3.49029,0,3.4903,0.000108822,-0.127244
9754,3.49029,0,3.4903,0.000108822,0.0109783
9755,3.49029,0,3.4903,0.000108822,-0.0864003
9756,3.49029,0,3.4903,0.000108822,-0.0310579
9757,3.49029,0,3.4903,0.000108822,-0.293984
9758,3.49029,0,3.4903,0.000108822,0.0644784
9759,3.49029,0,3.4903,0.000108822,0.0514288
9760,3.49029,0,3.4903,0.000108822,-0.184374
9761,3.49029,0,3.4903,0.000108822,-0.0186886
9762,3.49029,0,3.4903,0.000108822,0.0501404
9763,3.49029,0,3.4903,0.000108822,-0.0599578
9764,3.49029,0,3.4903,0.000108822,-0.115896
9765,3.49029,0,3.4903,0.000108822,-0.0745519
9766,3.49029,0,3.4903,0.000108822,-0.0464385
9767,3.49029,0,3.4903,0.000108822,0.18862
9768,3.49029,0,3.4903,0.000108822,-0.0746471
9769,3.49029,0,3.4903,0.000108822,0.0638311
9770,3.49029,0,3.4903,0.000108822,0.0918806
9771,3.49029,0,3.4903,0.000108822,0.0493861
9772,3.49029,0,3.4903,0.000108822,-0.0334405
9773,3.49029,0,3.4903,0.000108822,0.0495571
9774,3.49029,0,3.4903,0.000108822,0.325714
9775,3.49029,0,3.4903,0.000108822,0.0633638
9776,3.49029,0,3.4903,0.000108822,-0.14487
9777,3.49029,0,3.4903,0.000108822,-0.0346644
9778,3.49029,0,3.4903,0.000108822,0.0616493
9779,3.49029,0,3.4903,0.000108822,-0.0217312
9780,3.49029,0,3.4903,0.000108822,-0.133065
9781,3.49029,0,3.4903,0.000108822,0.170087
9782,3.49029,0,3.4903,0.000108822,0.0591148
9783,3.49029,0,3.4903,0.000108822,-0.0512817
9784,3.49029,0,3.4903,0.000108822,0.253148
9785,3.49029,0,3.4903,0.000108822,-0.0645122
9786,3.49029,0,3.4903,0.000108822,0.0740725
9787,3.49029,0,3.4903,0.000108822,-0.0502794
9788,3.49029,0,3.4903,0.000108822,0.240366
9789,3.49029,0,3.4903,0.000108822,-0.0913781
9790,3.49029,0,3.4903,0.000108822,0.116025
9791,3.49029,0,3.4903,0.000108822,0.143116
9792,3.49029,0,3.4903,0.000108822,0.144
9793,3.49029,0,3.4903,0.000108822,0.171879
9794,3.49029,0,3.4903,0.000108822,0.00621493
9795,3.49029,0,3.4903,0.000108822,-0.0770591
9796,3.49029,0,3.4903,0.000108822,-0.0630502
9797,3.49029,0,3.4903,0.000108822,-0.0216206
9798,3.49029,0,3.4903,0.000108822,-0.00797391
9799,3.49029,0,3.4903,0.000108822,0.130824
9800,3.49029,0,3.4903,0.000108822,-0.132251
9801,3.49029,0,3.4903,0.000108822,0.213619
9802,3.49029,0,3.4903,0.000108822,0.11705
9803,3.49029,0,3.4903,0.000108822,-0.145748
9804,3.49029,0,3.4903,0.000108822,-0.0362455
9805,3.49029,0,3.4903,0.000108822,-0.0639963
9806,3.49029,0,3.4903,0.000108822,0.185017
9807,3.49029,0,3.4903,0.000108822,-0.105777
9808,3.49029,0,3.4903,0.000108822,0.338079
9809,3.49029,0,3.4903,0.000108822,-0.0489321
9810,3.49029,0,3.4903,0.000108822,-0.132355
9811,3.49029,0,3.4903,0.000108822,0.199368
9812,3.49029,0,3.4903,0.000108822,-0.0083329
9813,3.49029,0,3.4903,0.000108822,-0.188336
9814,3.49029,0,3.4903,0.000108822,0.060784
9815,3.49029,0,3.4903,0.000108822,-0.202568
9816,3.49029,0,3.4903,0.000108822,-0.0920004
9817,3.49029,0,3.4903,0.000108822,0.30999
9818,3.49029,0,3.4903,0.000108822,0.0609128
9819,3.49029,0,3.4903,0.000108822,0.296716
9820,3.49029,0,3.4903,0.000108822,0.158239
9821,3.49029,0,3.4903,0.000108822,0.0890267
9822,3.49029,0,3.4903,0.000108822,-0.188131
9823,3.49029,0,3.4903,0.000108822,-0.0498024
9824,3.49029,0,3.4903,0.000108822,0.00532696
9825,3.49029,0,3.4903,0.000108822,-0.202225
9826,3.49029,0,3.4903,0.000108822,-0.0497058
9827,3.49029,0,3.4903,0.000108822,-0.202416
9828,3.49029,0,3.4903,0.000108822,0.0463205
9829,3.49029,0,3.4903,0.000108822,0.11515
9830,3.49029,0,3.4903,0.000108822,0.0872071
9831,3.49029,0,3.4903,0.000108822,-0.050738
9832,3.49029,0,3.4903,0.000108822,0.281326
9833,3.49029,0,3.4903,0.000108822,0.0325687
9834,3.49029,0,3.4903,0.000108822,-0.299431
9835,3.49029,0,3.4903,0.000108822,0.184459
9836,3.49029,0,3.4903,0.000108822,0.268053
9837,3.49029,0,3.4903,0.000108822,-0.133894
9838,3.49029,0,3.4903,0.000108822,-0.0376652
9839,3.49029,0,3.4903,0.000108822,-0.024189
9840,3.49029,0,3.4903,0.000108822,-0.107761
9841,3.49029,0,3.4903,0.000108822,0.0159945
9842,3.49029,0,3.4903,0.000108822,-0.163561
9843,3.49029,0,3.4903,0.000108822,0.279038
9844,3.49029,0,3.4903,0.000108822,0.0296842
9845,3.49029,0,3.4903,0.000108822,-0.108644
9846,3.49029,0,3.4903,0.000108822,0.167705
9847,3.49029,0,3.4903,0.000108822,0.34807
9848,3.49029,0,3.4903,0.000108822,-0.109102
9849,3.49029,0,3.4903,0.000108822,-0.094688
9850,3.49029,0,3.4903,0.000108822,0.0844206
9851,3.49029,0,3.4903,0.000108822,-0.0680125
9852,3.49029,0,3.4903,0.000108822,-0.0681508
9853,3.49029,0,3.4903,0.000108822,0.153847
9854,3.49029,0,3.4903,0.000108822,0.0568516
9855,3.49029,0,3.4903,0.000108822,-0.0679477
9856,3.49029,0,3.4903,0.000108822,-0.0123496
9857,3.49029,0,3.4903,0.000108822,0.0847311
9858,3.49029,0,3.4903,0.000108822,0.0717667
9859,3.49029,0,3.4903,0.000108822,-0.0253136
9860,3.49029,0,3.4903,0.000108822,0.126864
9861,3.49029,0,3.4903,0.000108822,-0.108087
9862,3.49029,0,3.4903,0.000108822,0.154222
9863,3.49029,0,3.4903,0.000108822,0.0437185
9864,3.49029,0,3.4903,0.000108822,-0.0669549
9865,3.49029,0,3.4903,0.000108822,0.0154886
9866,3.49029,0,3.4903,0.000108822,0.00156543
9867,3.49029,0,3.4903,0.000108822,-0.0817512
9868,3.49029,0,3.4903,0.000108822,0.0978687
9869,3.49029,0,3.4903,0.000108822,-0.261168
9870,3.49029,-0.00872665,3.4903,0.000108822,0.209171
9871,3.49029,0,3.4903,0.000108822,0.0846065
9872,3.49029,0,3.4903,0.000108822,0.0567066
9873,3.49029,0,3.4903,0.000108822,0.0703106
9874,3.49029,0,3.4903,0.000108822,-0.0821864
9875,3.49029,0,3.4903,0.000108822,-0.0694132
9876,3.49029,0,3.4903,0.000108822,0.0276036
9877,3.49029,0,3.4903,0.000108822,-0.0413102
9878,3.49029,0,3.4903,0.000108822,-0.0966735
9879,3.49029,0,3.4903,0.000108822,-0.138231
9880,3.49029,0,3.4903,0.000108822,0.0270505
9881,3.49029,0,3.4903,0.000108822,0.026614
9882,3.49029,0,3.4903,0.000108822,0.137224
9883,3.49029,0,3.4903,0.000108822,-0.167376
9884,3.49029,0,3.4903,0.000108822,0.0254535
9885,3.49029,0,3.4903,0.000108822,-0.390108
9886,3.49029,0,3.4903,0.000108822,0.0801463
9887,3.49029,0,3.4903,0.000108822,0.0927277
9888,3.49029,0,3.4903,0.000108822,-0.12895
9889,3.48923,-0.726057,3.1903,-2.98935,-38.7538
9890,3.47955,-1.90939,3.1903,-2.89251,-34.9329
9891,3.47868,-0.780162,3.1903,-2.88388,-29.0319
9892,3.4737,-1.11352,3.1903,-2.83403,-22.0549
9893,3.46622,-1.86052,3.1903,-2.75925,-17.0527
9894,3.45913,-1.65981,3.1903,-2.6883,-10.9232
9895,3.44666,-2.40506,3.1903,-2.56367,-3.99882
9896,3.4366,-2.60229,3.1903,-2.463,1.96382
9897,3.41915,-2.90597,3.1903,-2.28851,9.1038
9898,3.40649,-3.43481,3.1903,-2.16195,15.7427
9899,3.38463,-3.80831,3.1903,-1.94336,23.4181
9900,3.36824,-4.09454,3.1903,-1.77942,30.7981
9901,3.34226,-4.67399,3.1903,-1.5196,39.1198
9902,3.32299,-4.82584,3.1903,-1.32689,46.2782
9903,3.29279,-5.23948,3.1903,-1.02489,55.1067
9904,3.27054,-5.63567,3.1903,-0.802464,62.9284
9905,3.23747,-5.20457,3.1903,-0.471699,71.5492
9906,3.21637,-5.18537,3.1903,-0.260777,76.9225
9907,3.18905,-4.4087,3.1903,0.0124636,79.3806
9908,3.16911,-5.25693,3.1903,0.211881,75.9903
9909,3.13689,-4.94452,3.1903,0.534017,74.0984
9910,3.1182,-4.58323,3.1903,0.720971,70.5876
9911,3.09183,-4.08582,3.1903,0.984624,69.0711
9912,3.07582,-3.7926,3.1903,1.14473,64.6712
9913,3.05511,-3.20093,3.1903,1.35182,61.5192
9914,3.04351,-2.93739,3.1903,1.46783,57.0861
9915,3.02741,-2.34398,3.1903,1.6289,53.2942
9916,3.01897,-2.02633,3.1903,1.71326,49.2115
9917,3.009,-1.50098,3.1903,1.81297,44.8436
9918,3.00373,-1.26885,3.1903,1.8657,39.5048
9919,2.99864,-0.71384,3.1903,1.91652,34.0303
9920,2.99663,-0.356047,3.1903,1.93665,28.5725
9921,2.99654,0.0349066,3.1903,1.93761,22.9485
9922,2.99769,0.453786,3.1903,1.9261,17.6056
9923,3.00277,1.03847,3.1903,1.87529,11.8209
9924,3.00727,1.12923,3.1903,1.83023,6.27725
9925,3.01676,1.71217,3.1903,1.73532,0.210102
9926,3.02443,1.91114,3.1903,1.65862,-5.52784
9927,3.03738,2.25322,3.1903,1.52919,-11.5958
9928,3.04725,2.55516,3.1903,1.43044,-16.9633
9929,3.06355,2.69304,3.1903,1.26745,-22.0399
9930,3.07448,2.87979,3.1903,1.15816,-25.3719
9931,3.09212,2.86583,3.1903,0.981748,-28.4822
9932,3.10324,2.8571,3.1903,0.870534,-30.0665
9933,3.11945,2.56912,3.1903,0.708507,-31.3419
9934,3.1297,2.69653,3.1903,0.605922,-32.177
9935,3.14572,2.58309,3.1903,0.445813,-32.0564
9936,3.15588,2.52026,3.1903,0.344187,-30.4139
9937,3.16988,2.21308,3.1903,0.204211,-28.5082
9938,3.17822,2.02284,3.1903,0.120801,-25.7149
9939,3.18886,1.67377,3.1903,0.0143811,-22.8883
9940,3.19442,1.28282,3.1903,-0.0412257,-19.5119
9941,3.20036,0.876155,3.1903,-0.100667,-15.7146
9942,3.20334,0.495674,3.1903,-0.130388,-10.7414
9943,3.20506,0.122173,3.1903,-0.147646,-5.06614
9944,3.20497,-0.0750492,3.1903,-0.146687,0.707447
9945,3.20295,-0.488692,3.1903,-0.126553,5.86605
9946,3.20036,-0.790634,3.1903,-0.100667,10.5291
9947,3.19499,-0.919789,3.1903,-0.0469782,14.7547
9948,3.19106,-1.08385,3.1903,-0.0076699,17.256
9949,3.18493,-1.05592,3.1903,0.0536893,19.1062
9950,3.18013,-1.1781,3.1903,0.101626,19.4801
9951,3.17361,-1.02102,3.1903,0.16682,20.5353
9952,3.16959,-1.05418,3.1903,0.207087,20.7818
9953,3.16307,-1.06116,3.1903,0.272282,20.6184
9954,3.15904,-0.932006,3.1903,0.312549,19.5077
9955,3.15329,-0.869174,3.1903,0.370073,18.2336
9956,3.15003,-0.820305,3.1903,0.40267,16.5661
9957,3.146,-0.574213,3.1903,0.442937,14.7215
9958,3.14409,-0.469494,3.1903,0.462112,12.3256
9959,3.14217,-0.251327,3.1903,0.481286,10.2344
9960,3.14159,-0.0994838,3.1903,0.487039,7.69175
9961,3.1415,0.0820305,3.1903,0.487998,5.97311
9962,3.14198,0.169297,3.1903,0.483204,3.47339
9963,3.14361,0.31765,3.1903,0.466905,1.30882
9964,3.14504,0.397935,3.1903,0.452524,-0.373811
9965,3.14802,0.483456,3.1903,0.422803,-1.97185
9966,3.15013,0.588176,3.1903,0.401711,-3.23457
9967,3.15367,0.642281,3.1903,0.366238,-4.5977
9968,3.15626,0.612611,3.1903,0.340352,-5.44241
9969,3.16048,0.66497,3.1903,0.298168,-6.50614
9970,3.16316,0.68766,3.1903,0.271323,-6.91895
9971,3.16719,0.680678,3.1903,0.231056,-7.49677
9972,3.16959,0.565487,3.1903,0.207087,-7.933
9973,3.17266,0.532325,3.1903,0.176408,-7.41781
9974,3.17544,0.750492,3.1903,0.148604,-7.68231
9975,3.17908,0.486947,3.1903,0.112172,-8.18362
9976,3.18138,0.563741,3.1903,0.0891626,-7.77646
9977,3.18474,0.572468,3.1903,0.0556068,-7.31251
9978,3.18685,0.499164,3.1903,0.0345146,-6.52035
9979,3.18924,0.3735,3.1903,0.0105461,-5.47475
9980,3.19068,0.331613,3.1903,-0.00383495,-4.53994
9981,3.19221,0.172788,3.1903,-0.0191748,-3.29908
9982,3.19289,0.1309,3.1903,-0.0258859,-2.34766
9983,3.19327,0.0261799,3.1903,-0.0297209,-0.583313
9984,3.19327,0,3.1903,-0.0297209,0.220607
9985,3.19279,-0.115192,3.1903,-0.0249272,1.69079
9986,3.19221,-0.167552,3.1903,-0.0191748,2.85058
9987,3.19106,-0.21293,3.1903,-0.0076699,3.6898
9988,3.1902,-0.21293,3.1903,0.000958738,4.35811
9989,3.18876,-0.270526,3.1903,0.0153398,4.70363
9990,3.1878,-0.219911,3.1903,0.0249272,4.60202
9991,3.18675,-0.1309,3.1903,0.0354733,5.02465
9992,3.18617,-0.141372,3.1903,0.0412257,4.77674
9993,3.18474,-0.324631,3.1903,0.0556068,4.81136
9994,3.18359,-0.249582,3.1903,0.0671117,4.97477
9995,3.18234,-0.225147,3.1903,0.0795753,4.58284
9996,3.18157,-0.190241,3.1903,0.0872452,4.00396
9997,3.18052,-0.148353,3.1903,0.0977913,3.55941
9998,3.18004,-0.10472,3.1903,0.102585,2.69385
9999,3.17956,-0.0541052,3.1903,0.107379,2.3961
10000,3.17946,-0.0261799,3.1903,0.108337,1.61918
10001,3.17946,0.00698132,3.1903,0.108337,0.719001
10002,3.17956,0.0331613,3.1903,0.107379,0.568049
10003,3.18004,0.0837758,3.1903,0.102585,0.339545
10004,3.18042,0.10472,3.1903,0.09875,-0.404735
10005,3.18109,0.109956,3.1903,0.0920388,-0.453465
10006,3.18157,0.120428,3.1903,0.0872452,-0.978913
10007,3.18234,0.146608,3.1903,0.0795753,-0.655701
10008,3.18291,0.143117,3.1903,0.0738228,-0.862139
10009,3.18378,0.141372,3.1903,0.0651942,-1.31531
10010,3.18435,0.141372,3.1903,0.0594418,-1.2612
10011,3.18522,0.137881,3.1903,0.0508131,-1.21636
10012,3.18579,0.136136,3.1903,0.0450607,-1.38391
10013,3.18656,0.137881,3.1903,0.0373908,-1.34126
10014,3.18704,0.113446,3.1903,0.0325971,-1.30359
10015,3.18761,0.0663225,3.1903,0.0268447,-1.37492
10016,3.18771,0.015708,3.1903,0.0258859,-1.34189
10017,3.18771,0,3.1903,0.0258859,-1.01852
10018,3.1878,0.0401426,3.1903,0.0249272,-1.01248
10019,3.18819,0.0698132,3.1903,0.0210922,-0.931089
10020,3.18847,0.0506145,3.1903,0.018216,-0.822817
10021,3.18876,0.0506145,3.1903,0.0153398,-0.699623
10022,3.18895,0.0383972,3.1903,0.0134223,-0.521134
10023,3.18905,0.0191986,3.1903,0.0124636,-0.38443
10024,3.18915,0.0174533,3.1903,0.0115049,-0.0793332
10025,3.18915,0,3.1903,0.0115049,0.309798
10026,3.18915,0,3.1903,0.0115049,0.132256
10027,3.18915,-0.00349066,3.1903,0.0115049,0.384156
10028,3.18905,-0.0174533,3.1903,0.0124636,0.413892
10029,3.18895,-0.0174533,3.1903,0.0134223,0.583924
10030,3.18895,-0.0174533,3.1903,0.0134223,0.740927
10031,3.18895,0,3.1903,0.0134223,0.4416
10032,3.18895,0.0174533,3.1903,0.0134223,0.473794
10033,3.18895,0,3.1903,0.0134223,0.588505
10034,3.18895,0,3.1903,0.0134223,0.550772
10035,3.18905,0,3.1903,0.0124636,0.694911
10036,3.18905,0,3.1903,0.0124636,0.310882
10037,3.18905,0,3.1903,0.0124636,0.35604
10038,3.18905,0,3.1903,0.0124636,0.316976
10039,3.18905,0,3.1903,0.0124636,0.0840057
10040,3.18905,0,3.1903,0.0124636,0.44643
10041,3.18905,0.00349066,3.1903,0.0124636,0.586485
10042,3.18905,0,3.1903,0.0124636,0.463944
10043,3.18905,0,3.1903,0.0124636,0.14705
10044,3.18915,0,3.1903,0.0115049,0.010705
10045,3.18915,0,3.1903,0.0115049,0.0531464
10046,3.18915,0,3.1903,0.0115049,0.0393188
10047,3.18915,0,3.1903,0.0115049,0.178084
10048,3.18924,0.0174533,3.1903,0.0105461,-0.0963763
10049,3.18924,0,3.1903,0.0105461,0.236369
10050,3.18924,0.0174533,3.1903,0.0105461,-0.0259603
10051,3.18924,0,3.1903,0.0105461,0.140663
10052,3.18934,0,3.1903,0.00958738,0.0181498
10053,3.18934,0.015708,3.1903,0.00958738,0.254028
10054,3.18934,0,3.1903,0.00958738,0.0472749
10055,3.18934,0,3.1903,0.00958738,0.366033
10056,3.18934,0,3.1903,0.00958738,0.186999
10057,3.18943,0,3.1903,0.00862864,0.105896
10058,3.18943,0,3.1903,0.00862864,0.12031
10059,3.18943,0.00872665,3.1903,0.00862864,0.0792426
10060,3.18943,0,3.1903,0.00862864,0.0945722
10061,3.18943,0,3.1903,0.00862864,0.0685683
10062,3.18943,0,3.1903,0.00862864,0.194497
10063,3.18943,0,3.1903,0.00862864,0.0984391
10064,3.18943,0,3.1903,0.00862864,-0.122322
10065,3.18953,0,3.1903,0.0076699,-0.148552
10066,3.18953,0,3.1903,0.0076699,0.196924
10067,3.18953,0,3.1903,0.0076699,0.059032
10068,3.18953,0,3.1903,0.0076699,0.0593728
10069,3.18953,0,3.1903,0.0076699,0.00408389
10070,3.18953,0,3.1903,0.0076699,0.0875179
10071,3.18953,0,3.1903,0.0076699,0.170611
10072,3.18963,0.0174533,3.1903,0.00671117,-0.00741888
10073,3.18963,0,3.1903,0.00671117,-0.0622497
10074,3.18963,0,3.1903,0.00671117,0.227415
10075,3.18963,0,3.1903,0.00671117,0.0343514
10076,3.18963,0.0174533,3.1903,0.00671117,0.104309
10077,3.18963,0.00349066,3.1903,0.00671117,0.146165
10078,3.18963,0,3.1903,0.00671117,0.230568
10079,3.18972,0,3.1903,0.00575243,-0.00256302
10080,3.18972,0.0122173,3.1903,0.00575243,0.233848
10081,3.18972,0,3.1903,0.00575243,0.456963
10082,3.18972,0,3.1903,0.00575243,0.223259
10083,3.18972,0,3.1903,0.00575243,0.155548
10084,3.18972,0,3.1903,0.00575243,0.211689
10085,3.18972,0,3.1903,0.00575243,0.101175
10086,3.18972,0,3.1903,0.00575243,-0.00910406
10087,3.18972,0,3.1903,0.00575243,0.102944
10088,3.18972,0,2.8903,-2.99425,-39.0619
10089,3.18359,-2.91295,2.8903,-2.93289,-38.1445
10090,3.17898,0.244346,2.8903,-2.88687,-33.9317
10091,3.17563,-1.53589,2.8903,-2.85331,-27.6374
10092,3.17208,-0.638791,2.8903,-2.81784,-20.6395
10093,3.1623,-1.70868,2.8903,-2.72005,-15.4352
10094,3.15549,-1.83783,2.8903,-2.65198,-9.10766
10095,3.14169,-2.39983,2.8903,-2.51392,-2.11958
10096,3.13114,-2.75064,2.8903,-2.40846,4.20292
10097,3.11312,-3.19744,2.8903,-2.22822,11.2138
10098,3.0995,-3.47844,2.8903,-2.09208,18.2447
10099,3.07678,-3.87289,2.8903,-1.86485,26.6961
10100,3.06029,-4.29875,2.8903,-1.69995,33.6869
10101,3.03297,-4.70541,2.8903,-1.42671,41.823
10102,3.0136,-4.90612,2.8903,-1.23305,49.5201
10103,2.98225,-5.52746,2.8903,-0.919539,58.2905
10104,2.95962,-5.66359,2.8903,-0.693276,65.9543
10105,2.92731,-5.3442,2.8903,-0.370182,73.963
10106,2.9067,-4.73159,2.8903,-0.164053,77.7783
10107,2.87986,-4.80838,2.8903,0.104394,77.9582
10108,2.85742,-5.61821,2.8903,0.328738,75.0166
10109,2.82761,-4.61814,2.8903,0.626906,73.0209
10110,2.80968,-4.55007,2.8903,0.80619,69.4104
10111,2.78504,-3.86939,2.8903,1.05259,66.2292
10112,2.76979,-3.57792,2.8903,1.20502,62.7407
10113,2.75072,-3.07003,2.8903,1.39581,59.169
10114,2.73931,-2.72097,2.8903,1.5099,54.8079
10115,2.72483,-2.12581,2.8903,1.65467,51.2058
10116,2.71735,-1.78896,2.8903,1.72945,46.1675
10117,2.70834,-1.2322,2.8903,1.81958,41.121
10118,2.70402,-0.970403,2.8903,1.86272,36.2254
10119,2.70057,-0.506145,2.8903,1.89723,30.5252
10120,2.69942,-0.106465,2.8903,1.90874,25.4122
10121,2.70019,0.282743,2.8903,1.90107,19.5929
10122,2.70287,0.794125,2.8903,1.87422,14.2583
10123,2.70843,1.01404,2.8903,1.81862,8.46673
10124,2.71419,1.63188,2.8903,1.76109,3.27343
10125,2.72445,1.92684,2.8903,1.65851,-3.49369
10126,2.73269,2.08043,2.8903,1.57606,-9.20766
10127,2.7465,2.41554,2.8903,1.438,-15.0804
10128,2.75656,2.59356,2.8903,1.33733,-19.8573
10129,2.77286,2.77507,2.8903,1.17435,-23.8181
10130,2.78408,2.83092,2.8903,1.06217,-26.7581
10131,2.80095,2.76111,2.8903,0.893435,-29.5057
10132,2.81179,2.6529,2.8903,0.785098,-30.7202
10133,2.82818,2.6721,2.8903,0.621153,-32.0759
10134,2.83844,2.65814,2.8903,0.518568,-32.2878
10135,2.85378,2.51676,2.8903,0.36517,-31.2352
10136,2.86346,2.40855,2.8903,0.268338,-29.3919
10137,2.87669,2.13105,2.8903,0.136032,-27.0541
10138,2.88427,1.87099,2.8903,0.0602917,-24.258
10139,2.89376,1.33518,2.8903,-0.0346234,-21.2542
10140,2.89884,0.993092,2.8903,-0.0854365,-17.8293
10141,2.90383,0.694641,2.8903,-0.135291,-12.9379
10142,2.90536,0.329867,2.8903,-0.150631,-7.61159
10143,2.90603,-0.0453786,2.8903,-0.157342,-1.89616
10144,2.90536,-0.345575,2.8903,-0.150631,3.39201
10145,2.9022,-0.703368,2.8903,-0.118992,8.65278
10146,2.89894,-0.869174,2.8903,-0.0863952,12.6595
10147,2.89318,-1.03673,2.8903,-0.028871,16.2602
10148,2.88868,-1.06116,2.8903,0.0161897,18.5079
10149,2.88168,-1.41372,2.8903,0.0861776,19.6393
10150,2.87727,-1.06291,2.8903,0.13028,20.2126
10151,2.87056,-1.08385,2.8903,0.197391,21.2236
10152,2.86615,-1.10479,2.8903,0.241493,20.966
10153,2.85972,-0.989602,2.8903,0.305729,20.79
10154,2.8557,-1.03149,2.8903,0.345996,19.4024
10155,2.85033,-0.884882,2.8903,0.399685,17.7737
10156,2.84726,-0.680678,2.8903,0.430365,15.8183
10157,2.84381,-0.541052,2.8903,0.464879,14.065
10158,2.84208,-0.383972,2.8903,0.482136,11.7965
10159,2.84055,-0.176278,2.8903,0.497476,9.40621
10160,2.84026,-0.0366519,2.8903,0.500352,6.85386
10161,2.84055,0.111701,2.8903,0.497476,4.37907
10162,2.84132,0.226893,2.8903,0.489806,2.6452
10163,2.84333,0.392699,2.8903,0.469673,0.832389
10164,2.84505,0.460767,2.8903,0.452416,-0.944493
10165,2.84812,0.546288,2.8903,0.421736,-2.46343
10166,2.85033,0.581195,2.8903,0.399685,-3.67403
10167,2.85416,0.637045,2.8903,0.361335,-5.10663
10168,2.85675,0.633555,2.8903,0.335449,-6.01096
10169,2.86087,0.689405,2.8903,0.294224,-6.55333
10170,2.86375,0.699877,2.8903,0.265462,-7.36802
10171,2.86768,0.656244,2.8903,0.226153,-7.86518
10172,2.87037,0.666716,2.8903,0.199309,-8.20031
10173,2.87439,0.670206,2.8903,0.159042,-8.39141
10174,2.87669,0.535816,2.8903,0.136032,-8.28891
10175,2.88034,0.589921,2.8903,0.0995999,-8.02854
10176,2.88264,0.528835,2.8903,0.0765902,-7.49674
10177,2.8858,0.525344,2.8903,0.0449519,-6.63394
10178,2.88781,0.453786,2.8903,0.0248184,-5.71852
10179,2.89002,0.321141,2.8903,0.00276739,-4.80033
10180,2.89117,0.267035,2.8903,-0.00873746,-3.66195
10181,2.89222,0.167552,2.8903,-0.0192836,-2.52496
10182,2.8927,0.0575959,2.8903,-0.0240773,-1.00851
10183,2.8928,-0.0191986,2.8903,-0.025036,0.197805
10184,2.89261,-0.0506145,2.8903,-0.0231185,1.18534
10185,2.89194,-0.127409,2.8903,-0.0164074,2.43672
10186,2.89127,-0.178024,2.8903,-0.0096962,3.3087
10187,2.89012,-0.20944,2.8903,0.00180865,4.01237
10188,2.88925,-0.216421,2.8903,0.0104373,4.30898
10189,2.88791,-0.218166,2.8903,0.0238596,4.47525
10190,2.88695,-0.225147,2.8903,0.033447,4.44137
10191,2.88571,-0.230383,2.8903,0.0459106,4.64376
10192,2.88475,-0.233874,2.8903,0.055498,4.65761
10193,2.88331,-0.267035,2.8903,0.0698791,4.52604
10194,2.88235,-0.169297,2.8903,0.0794664,4.59528
10195,2.8813,-0.16057,2.8903,0.0900125,4.17842
10196,2.88062,-0.164061,2.8903,0.0967237,3.40704
10197,2.87986,-0.113446,2.8903,0.104394,2.99434
10198,2.87957,-0.0698132,2.8903,0.10727,2.27004
10199,2.87928,-0.0349066,2.8903,0.110146,1.87812
10200,2.87928,0,2.8903,0.110146,1.32417
10201,2.87938,0.020944,2.8903,0.109187,0.743899
10202,2.87957,0.0750492,2.8903,0.10727,0.192715
10203,2.88014,0.10472,2.8903,0.101517,-0.325955
10204,2.88053,0.10821,2.8903,0.0976825,-0.323561
10205,2.8813,0.127409,2.8903,0.0900125,-0.510239
10206,2.88177,0.129154,2.8903,0.0852189,-0.605825
10207,2.88254,0.125664,2.8903,0.077549,-0.683977
10208,2.88312,0.13439,2.8903,0.0717965,-1.0157
10209,2.88388,0.129154,2.8903,0.0641266,-0.985034
10210,2.88436,0.116937,2.8903,0.0593329,-0.861136
10211,2.88513,0.10821,2.8903,0.051663,-1.31456
10212,2.88551,0.101229,2.8903,0.0478281,-1.12325
10213,2.88609,0.0959931,2.8903,0.0420756,-0.998296
10214,2.88647,0.0994838,2.8903,0.0382407,-0.95851
10215,2.88705,0.0942478,2.8903,0.0324883,-0.971618
10216,2.88743,0.0872665,2.8903,0.0286533,-1.02841
10217,2.88781,0.0610865,2.8903,0.0248184,-0.780339
10218,2.88801,0.0331613,2.8903,0.0229009,-0.617414
10219,2.8882,0.0383972,2.8903,0.0209834,-0.426511
10220,2.88849,0.0575959,2.8903,0.0181072,-0.399426
10221,2.88877,0.0366519,2.8903,0.015231,-0.482036
10222,2.88887,0.0261799,2.8903,0.0142722,-0.317563
10223,2.88906,0.0174533,2.8903,0.0123548,-0.24831
10224,2.88906,0.00174533,2.8903,0.0123548,-0.06983
10225,2.88906,0,2.8903,0.0123548,0.263096
10226,2.88906,0,2.8903,0.0123548,0.569028
10227,2.88906,-0.010472,2.8903,0.0123548,0.530443
10228,2.88906,-0.00872665,2.8903,0.0123548,0.325628
10229,2.88897,0,2.8903,0.0133135,0.258638
10230,2.88897,0,2.8903,0.0133135,0.635017
10231,2.88897,0,2.8903,0.0133135,0.555386
10232,2.88897,0,2.8903,0.0133135,0.461778
10233,2.88897,0,2.8903,0.0133135,0.21611
10234,2.88906,0.0122173,2.8903,0.0123548,0.371464
10235,2.88906,0,2.8903,0.0123548,0.235277
10236,2.88906,0,2.8903,0.0123548,0.112192
10237,2.88906,0,2.8903,0.0123548,0.030249
10238,2.88906,0.00872665,2.8903,0.0123548,0.183438
10239,2.88906,0.00174533,2.8903,0.0123548,0.267554
10240,2.88916,0,2.8903,0.011396,0.0754875
10241,2.88916,0,2.8903,0.011396,0.0901138
10242,2.88916,0,2.8903,0.011396,0.228506
10243,2.88925,0,2.8903,0.0104373,0.148108
10244,2.88925,0,2.8903,0.0104373,0.121028
10245,2.88925,0,2.8903,0.0104373,-0.044093
10246,2.88925,0.00349066,2.8903,0.0104373,0.163789
10247,2.88925,0.0139626,2.8903,0.0104373,0.0136029
10248,2.88925,0,2.8903,0.0104373,0.278073
10249,2.88935,0.00872665,2.8903,0.00947856,0.0591762
10250,2.88935,0,2.8903,0.00947856,0.0043451
10251,2.88935,0,2.8903,0.00947856,0.074452
10252,2.88935,0,2.8903,0.00947856,-0.13327
10253,2.88935,0,2.8903,0.00947856,0.172267
10254,2.88935,0,2.8903,0.00947856,-0.0215
10255,2.88935,0.00174533,2.8903,0.00947856,-0.117984
10256,2.88944,0,2.8903,0.00851982,0.0630695
10257,2.88944,0.00872665,2.8903,0.00851982,0.215897
10258,2.88944,0,2.8903,0.00851982,0.147739
10259,2.88944,0,2.8903,0.00851982,0.203155
10260,2.88944,0,2.8903,0.00851982,0.0931525
10261,2.88944,0,2.8903,0.00851982,0.259658
10262,2.88954,0.0139626,2.8903,0.00756108,0.331163
10263,2.88954,0,2.8903,0.00756108,-0.125434
10264,2.88954,0,2.8903,0.00756108,-0.112214
10265,2.88954,0,2.8903,0.00756108,-0.0287482
10266,2.88954,0,2.8903,0.00756108,-0.0142072
10267,2.88954,0,2.8903,0.00756108,0.249336
10268,2.88954,0,2.8903,0.00756108,0.264985
10269,2.88954,0,2.8903,0.00756108,0.237767
10270,2.88954,0.00872665,2.8903,0.00756108,-0.0523671
10271,2.88954,0,2.8903,0.00756108,0.00267651
10272,2.88954,0,2.8903,0.00756108,-0.121356
10273,2.88964,0,2.8903,0.00660234,0.282555
10274,2.88964,0,2.8903,0.00660234,0.449082
10275,2.88964,0.00349066,2.8903,0.00660234,-0.131973
10276,2.88964,0,2.8903,0.00660234,0.131346
10277,2.88964,0,2.8903,0.00660234,-0.0203095
10278,2.88964,0,2.8903,0.00660234,-0.130376
10279,2.88964,0.0174533,2.8903,0.00660234,0.021961
10280,2.88964,0,2.8903,0.00660234,0.286218
10281,2.88964,0,2.8903,0.00660234,0.272923
10282,2.88973,0.0174533,2.8903,0.00564361,0.137057
10283,2.88973,0,2.8903,0.00564361,0.137473
10284,2.88973,0,2.8903,0.00564361,0.151992
10285,2.88973,0,2.8903,0.00564361,0.0552313
10286,2.88973,0,2.8903,0.00564361,0.1668
10287,2.88973,0,2.8903,0.00564361,0.152727
10288,2.88973,0,2.8903,0.00564361,0.153675
10289,2.88973,0,2.8903,0.00564361,0.0294075
10290,2.88973,0,2.8903,0.00564361,-0.0114895
10291,2.88973,0,2.8903,0.00564361,0.320446
10292,2.88973,0,2.8903,0.00564361,0.30714
10293,2.88973,0.0139626,2.8903,0.00564361,0.113373
10294,2.88973,0,2.8903,0.00564361,0.224473
10295,2.88983,0,2.8903,0.00468487,0.129122
10296,2.88983,0,2.8903,0.00468487,0.0463912
10297,2.88983,0,2.8903,0.00468487,-0.174999
10298,2.88983,0,2.8903,0.00468487,-0.120158
10299,2.88983,0,2.8903,0.00468487,0.0603459
10300,2.88983,0.0174533,2.8903,0.00468487,-0.0364472
10301,2.88992,0,2.8903,0.00372613,0.144764
10302,2.88992,0,2.8903,0.00372613,0.1305
10303,2.88992,0,2.8903,0.00372613,-0.0907948
10304,2.88992,0.0139626,2.8903,0.00372613,0.0344733
10305,2.88992,0,2.8903,0.00372613,0.13198
10306,2.88992,0,2.8903,0.00372613,0.146926
10307,2.88992,0,2.8903,0.00372613,-0.0602643
10308,2.88992,0,2.8903,0.00372613,0.231723
10309,2.88992,0,2.8903,0.00372613,0.0798644
10310,2.88992,0,2.8903,0.00372613,-0.00311185
10311,2.88992,0,2.8903,0.00372613,0.204759
10312,2.88992,0,2.8903,0.00372613,-0.0026223
10313,2.88992,0,2.8903,0.00372613,0.01145
10314,2.88992,0,2.8903,0.00372613,-0.113371
10315,2.89002,0,2.8903,0.00276739,-0.0292828
10316,2.89002,0,2.8903,0.00276739,-0.0295813
10317,2.89002,0,2.8903,0.00276739,-0.0988258
10318,2.89002,0,2.8903,0.00276739,0.0395347
10319,2.89002,0.0174533,2.8903,0.00276739,-0.140458
10320,2.89002,0,2.8903,0.00276739,0.0258771
10321,2.89002,0,2.8903,0.00276739,0.108757
10322,2.89002,0,2.8903,0.00276739,0.302854
10323,2.89002,0,2.8903,0.00276739,-0.195279
10324,2.89012,0.00872665,2.8903,0.00180865,0.0135852
10325,2.89012,0,2.8903,0.00180865,0.110005
10326,2.89012,0,2.8903,0.00180865,0.0823176
10327,2.89012,0,2.8903,0.00180865,-0.125192
10328,2.89012,0,2.8903,0.00180865,0.151604
10329,2.89012,0,2.8903,0.00180865,-0.12564
10330,2.89012,0,2.8903,0.00180865,0.247949
10331,2.89012,0,2.8903,0.00180865,-0.195524
10332,2.89012,0,2.8903,0.00180865,0.302833
10333,2.89012,0,2.8903,0.00180865,0.219643
10334,2.89012,0.00872665,2.8903,0.00180865,0.31666
10335,2.89012,0,2.8903,0.00180865,0.289569
10336,2.89012,0,2.8903,0.00180865,-0.0706187
10337,2.89012,0,2.8903,0.00180865,0.233896
10338,2.89012,0,2.8903,0.00180865,0.0685725
10339,2.89012,0,2.8903,0.00180865,-0.249813
10340,2.89012,0,2.8903,0.00180865,-0.0148407
10341,2.89012,0,2.8903,0.00180865,0.372639
10342,2.89012,0,2.8903,0.00180865,0.0810781
10343,2.89012,0,2.8903,0.00180865,0.164331
10344,2.89012,0,2.8903,0.00180865,0.0955444
10345,2.89012,0,2.8903,0.00180865,-0.0287653
10346,2.89012,0,2.8903,0.00180865,0.109968
10347,2.89012,0,2.8903,0.00180865,-0.263813
10348,2.89012,0,2.8903,0.00180865,-0.0141608
10349,2.89021,0,2.8903,0.000849916,-0.137652
10350,2.89021,0,2.8903,0.000849916,0.0290028
10351,2.89021,0,2.8903,0.000849916,0.0281077
10352,2.89021,0,2.8903,0.000849916,-0.110786
10353,2.89021,0.015708,2.8903,0.000849916,-0.0975552
10354,2.89021,0,2.8903,0.000849916,0.206992
10355,2.89021,0,2.8903,0.000849916,-0.166864
10356,2.89021,0,2.8903,0.000849916,-0.0283116
10357,2.89021,0,2.8903,0.000849916,0.0958166
10358,2.89021,0,2.8903,0.000849916,0.108621
10359,2.89021,0,2.8903,0.000849916,-0.0433969
10360,2.89021,0,2.8903,0.000849916,-0.2787
10361,2.89021,0,2.8903,0.000849916,-0.0163814
10362,2.89021,0,2.8903,0.000849916,0.301418
10363,2.89021,0,2.8903,0.000849916,-0.0304651
10364,2.89021,0,2.8903,0.000849916,0.0513708
10365,2.89031,0,2.8903,-0.000108822,-0.224682
10366,2.89031,0,2.8903,-0.000108822,-0.059124
10367,2.89031,0,2.8903,-0.000108822,-0.0449665
10368,2.89031,0,2.8903,-0.000108822,-0.240033
10369,2.89031,0,2.8903,-0.000108822,-0.00565746
10370,2.89031,0,2.8903,-0.000108822,-0.130479
10371,2.89031,0,2.8903,-0.000108822,0.159442
10372,2.89031,0,2.8903,-0.000108822,-0.0763406
10373,2.89031,0,2.8903,-0.000108822,-0.00725632
10374,2.89031,0,2.8903,-0.000108822,0.048597
10375,2.89031,0,2.8903,-0.000108822,-0.0346988
10376,2.89031,0.00872665,2.8903,-0.000108822,0.158556
10377,2.89031,0,2.8903,-0.000108822,0.00627204
10378,2.89031,0,2.8903,-0.000108822,-0.146439
10379,2.89031,0,2.8903,-0.000108822,-0.0358716
10380,2.89031,0,2.8903,-0.000108822,-0.0772799
10381,2.89031,0,2.8903,-0.000108822,0.116593
10382,2.89031,0,2.8903,-0.000108822,-0.174308
10383,2.89031,0,2.8903,-0.000108822,-0.0222367
10384,2.89031,0,2.8903,-0.000108822,-0.105511
10385,2.89031,0,2.8903,-0.000108822,0.185134
10386,2.89031,0,2.8903,-0.000108822,-0.0224611
10387,2.89031,0,2.8903,-0.000108822,0.309134
10388,2.89031,0,2.8903,-0.000108822,-0.0645834
10389,2.89031,0,2.8903,-0.000108822,0.0048844
10390,2.89031,0,2.8903,-0.000108822,0.239218
10391,2.89031,0,2.8903,-0.000108822,-0.0924203
10392,2.89031,0,2.8903,-0.000108822,-0.28689
10393,2.89031,0,2.8903,-0.000108822,-0.107825
10394,2.89031,0,2.8903,-0.000108822,0.070431
10395,2.89031,0,2.8903,-0.000108822,-0.0680898
10396,2.89031,0,2.8903,-0.000108822,-0.151833
10397,2.89031,0,2.8903,-0.000108822,0.0689069
10398,2.89031,0,2.8903,-0.000108822,0.0414966
10399,2.89031,0,2.8903,-0.000108822,0.166701
10400,2.89031,0,2.8903,-0.000108822,-0.0966303
10401,2.89031,0,2.8903,-0.000108822,0.0557602
10402,2.89031,0,2.8903,-0.000108822,-0.165513
10403,2.89031,0,2.8903,-0.000108822,0.23539
10404,2.89031,0,2.8903,-0.000108822,0.0148415
10405,2.89031,0,2.8903,-0.000108822,0.180719
10406,2.89031,0,2.8903,-0.000108822,-0.16611
10407,2.89031,0,2.8903,-0.000108822,0.0971137
10408,2.89031,0,2.8903,-0.000108822,-0.000712764
10409,2.89031,0,2.8903,-0.000108822,-0.111685
10410,2.89031,0,2.8903,-0.000108822,-0.15337
10411,2.89031,0,2.8903,-0.000108822,-0.00234336
10412,2.89031,0,2.8903,-0.000108822,-0.001502
10413,2.89031,0,2.8903,-0.000108822,0.026334
10414,2.89031,0,2.8903,-0.000108822,-0.043326
10415,2.89031,0,2.8903,-0.000108822,-0.0166406
10416,2.89031,0,2.8903,-0.000108822,-0.155566
10417,2.89031,0,2.8903,-0.000108822,0.189941
10418,2.89031,0,2.8903,-0.000108822,0.0102575
10419,2.89031,0,2.8903,-0.000108822,-0.364099
10420,2.89031,0,2.8903,-0.000108822,0.259622
10421,2.89031,0,2.8903,-0.000108822,-0.0305121
10422,2.89031,0,2.8903,-0.000108822,0.25977
10423,2.89031,0,2.8903,-0.000108822,0.0250746
10424,2.89031,0,2.8903,-0.000108822,0.344184
10425,2.89031,0,2.8903,-0.000108822,0.108934
10426,2.89031,0,2.8903,-0.000108822,0.0123863
10427,2.89031,0,2.8903,-0.000108822,-0.112861
10428,2.89031,0,2.8903,-0.000108822,-0.1551
10429,2.89031,0,2.8903,-0.000108822,0.218446
10430,2.89031,0,2.8903,-0.000108822,-0.168971
10431,2.89031,0,2.8903,-0.000108822,0.0662998
10432,2.89031,0,2.8903,-0.000108822,-0.155932
10433,2.89031,0,2.8903,-0.000108822,-0.128139
10434,2.89031,0,2.8903,-0.000108822,0.162314
10435,2.89031,0,2.8903,-0.000108822,-0.0452164
10436,2.89031,0,2.8903,-0.000108822,-0.0586287
10437,2.89031,0,2.8903,-0.000108822,0.0110308
10438,2.89031,0,2.8903,-0.000108822,-0.128087
10439,2.89031,0,2.8903,-0.000108822,-0.072979
10440,2.89031,0,2.8903,-0.000108822,-0.128343
10441,2.89031,0,2.8903,-0.000108822,0.162558
10442,2.89031,0,2.8903,-0.000108822,-0.183866
10443,2.89031,0,2.8903,-0.000108822,0.134327
10444,2.89031,0,2.8903,-0.000108822,-0.0596532
10445,2.89031,0,2.8903,-0.000108822,0.134497
10446,2.89031,0,2.8903,-0.000108822,0.0375014
10447,2.89031,0,2.8903,-0.000108822,0.148644
10448,2.89031,0,2.8903,-0.000108822,-0.114048
10449,2.89031,0,2.8903,-0.000108822,0.149176
10450,2.89031,0,2.8903,-0.000108822,-0.072289
10451,2.89031,0,2.8903,-0.000108822,0.0808685
10452,2.89031,0,2.8903,-0.000108822,-0.0156157
10453,2.89031,0,2.8903,-0.000108822,0.13703
10454,2.89031,0,2.8903,-0.000108822,-0.0148705
10455,2.89031,0,2.8903,-0.000108822,0.177895
10456,2.89031,0,2.8903,-0.000108822,0.0798553
10457,2.89021,-0.00698132,2.8903,0.000849916,0.00947052
10458,2.89021,0,2.8903,0.000849916,0.175145
10459,2.89021,0,2.8903,0.000849916,0.0506331
10460,2.89021,0,2.8903,0.000849916,0.00870281
10461,2.89021,0,2.8903,0.000849916,0.119557
10462,2.89021,0,2.8903,0.000849916,-0.114957
10463,2.89021,0,2.8903,0.000849916,-0.0323118
10464,2.89021,0,2.8903,0.000849916,-0.156803
10465,2.89021,0,2.8903,0.000849916,0.0364633
10466,2.89021,0,2.8903,0.000849916,-0.0746474
10467,2.89021,0,2.8903,0.000849916,-0.0749459
10468,2.89021,0,2.8903,0.000849916,0.0919646
10469,2.89021,0,2.8903,0.000849916,-0.0594996
10470,2.89021,0,2.8903,0.000849916,-0.11513
10471,2.89021,0,2.8903,0.000849916,0.0644579
10472,2.89021,0,2.8903,0.000849916,0.0369091
10473,2.89021,0,2.8903,0.000849916,0.0230387
10474,2.89021,0,2.8903,0.000849916,0.00833736
10475,2.89021,0,2.8903,0.000849916,-0.0608646
10476,2.89021,0,2.8903,0.000849916,0.131997
10477,2.89021,0,2.8903,0.000849916,-0.0204903
10478,2.89021,0,2.8903,0.000849916,0.297458
10479,2.89021,0,2.8903,0.000849916,-0.145493
10480,2.89021,0,2.8903,0.000849916,-0.172956
10481,2.89021,0,2.8903,0.000849916,0.117571
10482,2.89021,0,2.8903,0.000849916,0.269717
10483,2.89021,0,2.8903,0.000849916,0.22817
10484,2.89021,0,2.8903,0.000849916,0.102614
10485,2.89021,0,2.8903,0.000849916,-0.215441
10486,2.89021,0,2.8903,0.000849916,0.0881253
10487,2.89021,0,2.8903,0.000849916,-0.243715
10488,2.89021,0,3.1903,3.00085,39.079
10489,2.89568,2.20086,3.1903,2.9462,37.7913
10490,2.89683,0.216421,3.1903,2.9347,34.0549
10491,2.902,0.699877,3.1903,2.88293,27.773
10492,2.90565,1.21126,3.1903,2.84649,22.6324
10493,2.91418,1.56032,3.1903,2.76117,16.7729
10494,2.9208,1.72089,3.1903,2.69501,10.6781
10495,2.93326,2.19737,3.1903,2.57038,5.20782
10496,2.94256,2.34223,3.1903,2.47738,-0.266593
10497,2.95809,2.68257,3.1903,2.32206,-5.55874
10498,2.96902,2.8414,3.1903,2.21277,-9.91643
10499,2.98647,2.97753,3.1903,2.03828,-14.2264
10500,2.99864,3.10494,3.1903,1.91652,-16.8149
10501,3.01696,3.02815,3.1903,1.7334,-20.0126
10502,3.02913,3.00022,3.1903,1.61164,-21.4154
10503,3.04668,2.86059,3.1903,1.43619,-23.5301
10504,3.05847,2.82743,3.1903,1.31826,-24.4953
10505,3.07496,2.76984,3.1903,1.15336,-25.3234
10506,3.08599,2.72097,3.1903,1.04311,-23.9454
10507,3.10171,2.52026,3.1903,0.885874,-23.1227
10508,3.1111,2.28813,3.1903,0.791918,-20.8819
10509,3.12366,2.03331,3.1903,0.666323,-19.1078
10510,3.13095,1.75406,3.1903,0.593459,-16.4405
10511,3.14054,1.33169,3.1903,0.497585,-14.1554
10512,3.14591,1.30551,3.1903,0.443896,-11.3496
10513,3.15243,1.00705,3.1903,0.378702,-8.18096
10514,3.15559,0.888373,3.1903,0.347063,-5.0885
10515,3.15943,0.516617,3.1903,0.308714,-2.4295
10516,3.16106,0.342085,3.1903,0.292415,0.308425
10517,3.1624,0.120428,3.1903,0.278993,2.76215
10518,3.16259,0.0296706,3.1903,0.277075,5.02202
10519,3.16221,-0.10472,3.1903,0.28091,6.97122
10520,3.16144,-0.200713,3.1903,0.28858,8.04135
10521,3.1599,-0.267035,3.1903,0.30392,9.21658
10522,3.15875,-0.305433,3.1903,0.315425,9.98935
10523,3.15703,-0.315905,3.1903,0.332682,10.2968
10524,3.15569,-0.329867,3.1903,0.346104,10.222
10525,3.15386,-0.293215,3.1903,0.36432,10.3757
10526,3.15291,-0.20944,3.1903,0.373908,10.6111
10527,3.15147,-0.277507,3.1903,0.388289,10.5073
10528,3.15051,-0.258309,3.1903,0.397876,9.64863
10529,3.14907,-0.21293,3.1903,0.412257,9.00465
10530,3.1483,-0.158825,3.1903,0.419927,7.85796
10531,3.14782,-0.0436332,3.1903,0.424721,6.60464
10532,3.14773,-0.00698132,3.1903,0.42568,5.34301
10533,3.14802,0.0855211,3.1903,0.422803,4.21156
10534,3.1485,0.127409,3.1903,0.41801,3.20752
10535,3.14974,0.226893,3.1903,0.405546,2.24226
10536,3.1507,0.267035,3.1903,0.395959,1.59137
10537,3.15252,0.329867,3.1903,0.377743,0.260497
10538,3.15396,0.352557,3.1903,0.363362,-0.245802
10539,3.15617,0.376991,3.1903,0.341311,-0.967164
10540,3.15789,0.431096,3.1903,0.324053,-1.88091
10541,3.16048,0.438078,3.1903,0.298168,-2.46856
10542,3.1623,0.424115,3.1903,0.279951,-2.68392
10543,3.16489,0.445059,3.1903,0.254066,-2.84831
10544,3.16671,0.432842,3.1903,0.23585,-3.19251
10545,3.16911,0.397935,3.1903,0.211881,-3.33509
10546,3.17055,0.34383,3.1903,0.1975,-3.35359
10547,3.17246,0.345575,3.1903,0.178325,-3.58712
10548,3.1739,0.345575,3.1903,0.163944,-3.45287
10549,3.17601,0.357792,3.1903,0.142852,-3.60243
10550,3.17745,0.371755,3.1903,0.128471,-3.66475
10551,3.17946,0.315905,3.1903,0.108337,-3.56641
10552,3.18061,0.282743,3.1903,0.0968325,-3.16202
10553,3.18215,0.251327,3.1903,0.0814927,-2.69669
10554,3.1832,0.23911,3.1903,0.0709466,-2.36293
10555,3.18454,0.202458,3.1903,0.0575243,-2.02501
10556,3.18522,0.158825,3.1903,0.0508131,-1.46136
10557,3.18608,0.115192,3.1903,0.0421845,-1.31041
10558,3.18646,0.0942478,3.1903,0.0383495,-0.667818
10559,3.18685,0.0541052,3.1903,0.0345146,-0.191416
10560,3.18704,0.0244346,3.1903,0.0325971,0.0473836
10561,3.18713,0,3.1903,0.0316384,0.563904
10562,3.18713,0,3.1903,0.0316384,0.901741
10563,3.18704,-0.0174533,3.1903,0.0325971,1.03218
10564,3.18694,-0.0226893,3.1903,0.0335558,1.22054
10565,3.18675,-0.0261799,3.1903,0.0354733,1.33706
10566,3.18665,-0.00872665,3.1903,0.036432,1.38773
10567,3.18665,0.00698132,3.1903,0.036432,1.27404
10568,3.18675,0,3.1903,0.0354733,1.24368
10569,3.18675,-0.00872665,3.1903,0.0354733,1.35054
10570,3.18665,0,3.1903,0.036432,1.36022
10571,3.18665,0,3.1903,0.036432,1.32837
10572,3.18656,-0.0453786,3.1903,0.0373908,1.2813
10573,3.18627,-0.0331613,3.1903,0.040267,1.02328
10574,3.18617,-0.0349066,3.1903,0.0412257,0.794751
10575,3.18608,-0.0139626,3.1903,0.0421845,0.59405
10576,3.18598,0,3.1903,0.0431432,0.681508
10577,3.18598,0,3.1903,0.0431432,0.616216
10578,3.18598,0,3.1903,0.0431432,0.149051
10579,3.18608,0.00349066,3.1903,0.0421845,0.276203
10580,3.18617,0.0191986,3.1903,0.0412257,0.222455
10581,3.18637,0.0296706,3.1903,0.0393083,0.100754
10582,3.18646,0.0226893,3.1903,0.0383495,-0.2723
10583,3.18665,0.0279253,3.1903,0.036432,0.255585
10584,3.18675,0.0296706,3.1903,0.0354733,-0.367138
10585,3.18694,0.0261799,3.1903,0.0335558,-0.116709
10586,3.18704,0.0261799,3.1903,0.0325971,0.133542
10587,3.18713,0.0139626,3.1903,0.0316384,0.0657083
10588,3.18723,0.0174533,3.1903,0.0306796,0.316987
10589,3.18732,0.00872665,3.1903,0.0297209,0.12511
10590,3.18742,0.00872665,3.1903,0.0287621,0.293951
10591,3.18752,0.0174533,3.1903,0.0278034,0.200333
10592,3.18752,0,3.1903,0.0278034,0.174713
10593,3.18761,0,3.1903,0.0268447,0.44075
10594,3.18761,0.00698132,3.1903,0.0268447,0.2768
10595,3.18771,0.0139626,3.1903,0.0258859,0.501088
10596,3.18771,0,3.1903,0.0258859,0.489807
10597,3.18771,0.00523599,3.1903,0.0258859,0.36816
10598,3.18771,0.00174533,3.1903,0.0258859,0.41204
10599,3.1878,0,3.1903,0.0249272,0.610332
10600,3.1878,0.00872665,3.1903,0.0249272,0.446894
10601,3.1878,0,3.1903,0.0249272,0.422776
10602,3.1878,0,3.1903,0.0249272,0.440481
10603,3.1879,0,3.1903,0.0239684,0.34838
10604,3.1879,0.00872665,3.1903,0.0239684,0.627563
10605,3.1879,0,3.1903,0.0239684,0.21492
10606,3.1879,0,3.1903,0.0239684,0.300261
10607,3.1879,0,3.1903,0.0239684,0.509751
10608,3.1879,0.0139626,3.1903,0.0239684,0.400782
10609,3.188,0,3.1903,0.0230097,0.334553
10610,3.188,0,3.1903,0.0230097,0.113972
10611,3.188,0.015708,3.1903,0.0230097,0.322195
10612,3.18809,0.00872665,3.1903,0.022051,-0.00872639
10613,3.18809,0.010472,3.1903,0.022051,0.0606563
10614,3.18819,0.00698132,3.1903,0.0210922,0.0751404
10615,3.18828,0.0122173,3.1903,0.0201335,0.0482953
10616,3.18828,0.0122173,3.1903,0.0201335,-0.0353626
10617,3.18847,0.0174533,3.1903,0.018216,0.133145
10618,3.18847,0.0261799,3.1903,0.018216,-0.297139
10619,3.18857,0.0174533,3.1903,0.0172573,-0.18618
10620,3.18867,0.0191986,3.1903,0.0162985,-0.352125
10621,3.18876,0.0139626,3.1903,0.0153398,-0.0191365
10622,3.18886,0.0139626,3.1903,0.0143811,-0.183931
10623,3.18895,0.00523599,3.1903,0.0134223,-0.0307475
10624,3.18905,0.00349066,3.1903,0.0124636,-0.0717803
10625,3.18905,0.00872665,3.1903,0.0124636,0.245753
10626,3.18915,0.015708,3.1903,0.0115049,0.289447
10627,3.18915,0.0139626,3.1903,0.0115049,-0.221789
10628,3.18924,0.0122173,3.1903,0.0105461,0.250592
10629,3.18924,0,3.1903,0.0105461,0.335912
10630,3.18924,0.00872665,3.1903,0.0105461,-0.0918372
10631,3.18924,0,3.1903,0.0105461,0.282348
10632,3.18924,0,3.1903,0.0105461,0.436081
10633,3.18934,0,3.1903,0.00958738,0.217178
10634,3.18934,0,3.1903,0.00958738,-0.00384976
10635,3.18934,0,3.1903,0.00958738,0.454143
10636,3.18934,0,3.1903,0.00958738,0.302998
10637,3.18934,0.00523599,3.1903,0.00958738,0.206482
10638,3.18934,0,3.1903,0.00958738,0.055125
10639,3.18934,0,3.1903,0.00958738,0.1526
10640,3.18934,0.00349066,3.1903,0.00958738,-0.0543237
10641,3.18934,0.00174533,3.1903,0.00958738,0.208847
10642,3.18934,0,3.1903,0.00958738,0.153281
10643,3.18934,0.00523599,3.1903,0.00958738,0.0294938
10644,3.18943,0.00349066,3.1903,0.00862864,0.0310345
10645,3.18943,0.00872665,3.1903,0.00862864,0.29428
10646,3.18943,0,3.1903,0.00862864,0.0590305
10647,3.18953,0,3.1903,0.0076699,-0.0224708
10648,3.18953,0.0174533,3.1903,0.0076699,0.4753
10649,3.18953,0.00174533,3.1903,0.0076699,-0.00847281
10650,3.18963,0.00698132,3.1903,0.00671117,0.214432
10651,3.18963,0.00349066,3.1903,0.00671117,-0.0481855
10652,3.18963,0.00349066,3.1903,0.00671117,0.117181
10653,3.18972,0,3.1903,0.00575243,0.298769
10654,3.18972,0.00349066,3.1903,0.00575243,0.00859524
10655,3.18972,0.0174533,3.1903,0.00575243,0.257743
10656,3.18972,0,3.1903,0.00575243,0.368666
10657,3.18982,0.00523599,3.1903,0.00479369,0.0234778
10658,3.18982,0,3.1903,0.00479369,-0.0316087
10659,3.18982,0,3.1903,0.00479369,0.328504
10660,3.18982,0,3.1903,0.00479369,0.0238294
10661,3.18982,0,3.1903,0.00479369,0.0504831
10662,3.18991,0,3.1903,0.00383495,0.148785
10663,3.18991,0,3.1903,0.00383495,0.217837
10664,3.18991,0,3.1903,0.00383495,0.190438
10665,3.18991,0.0139626,3.1903,0.00383495,0.12015
10666,3.19001,0,3.1903,0.00287621,0.0798455
10667,3.19001,0,3.1903,0.00287621,0.287291
10668,3.19001,0,3.1903,0.00287621,0.0789719
10669,3.19001,0.00523599,3.1903,0.00287621,-0.171064
10670,3.1901,0,3.1903,0.00191748,-0.268052
10671,3.1901,0,3.1903,0.00191748,0.0500239
10672,3.1901,0.0174533,3.1903,0.00191748,0.132265
10673,3.1901,0.010472,3.1903,0.00191748,-0.00532892
10674,3.1901,0,3.1903,0.00191748,0.160495
10675,3.1902,0,3.1903,0.000958738,-0.142552
10676,3.1902,0,3.1903,0.000958738,-0.226167
10677,3.1902,0.0174533,3.1903,0.000958738,0.0503524
10678,3.1902,0,3.1903,0.000958738,0.146985
10679,3.1902,0,3.1903,0.000958738,0.00893364
10680,3.1902,0,3.1903,0.000958738,0.341871
10681,3.1902,0,3.1903,0.000958738,-0.183672
10682,3.1903,0,3.1903,0,0.232127
10683,3.1903,0,3.1903,0,-0.0996496
10684,3.1903,0,3.1903,0,0.204024
10685,3.1903,0.00174533,3.1903,0,0.0512391
10686,3.1903,0,3.1903,0,0.134268
10687,3.1903,0,3.1903,0,0.259718
10688,3.1903,0,3.6903,5,64.9754
10689,3.19845,1.13446,3.6903,4.91851,61.6447
10690,3.19873,-0.0436332,3.6903,4.91563,56.2617
10691,3.20458,1.06291,3.6903,4.85715,50.5297
10692,3.20899,1.21126,3.6903,4.81305,45.3862
10693,3.21925,1.6441,3.6903,4.71046,38.9701
10694,3.22654,1.97048,3.6903,4.6376,33.3835
10695,3.24111,2.522,3.6903,4.49187,26.8635
10696,3.25175,2.76809,3.6903,4.38545,20.6191
10697,3.27073,3.20617,3.6903,4.19562,13.318
10698,3.28387,3.54127,3.6903,4.06427,6.69419
10699,3.30688,3.9619,3.6903,3.83417,-1.17187
10700,3.32366,4.15388,3.6903,3.6664,-7.88431
10701,3.34935,4.40521,3.6903,3.40945,-15.311
10702,3.36738,4.62163,3.6903,3.22921,-20.4401
10703,3.39547,4.72112,3.6903,2.9483,-26.654
10704,3.41512,4.67399,3.6903,2.75176,-30.1646
10705,3.44331,4.65828,3.6903,2.46989,-34.0089
10706,3.46114,4.55356,3.6903,2.29157,-35.5793
10707,3.48808,4.37554,3.6903,2.02216,-37.8629
10708,3.50543,4.4087,3.6903,1.84863,-37.3629
10709,3.53027,4.17832,3.6903,1.60032,-37.0041
10710,3.5458,3.7734,3.6903,1.445,-34.7578
10711,3.56794,3.4383,3.6903,1.22353,-32.8313
10712,3.58089,3.27947,3.6903,1.0941,-29.002
10713,3.59824,2.69304,3.6903,0.92057,-26.0646
10714,3.60831,2.46091,3.6903,0.819902,-21.9307
10715,3.62125,2.02284,3.6903,0.690473,-17.8106
10716,3.62863,1.61792,3.6903,0.61665,-13.1338
10717,3.63707,1.2514,3.6903,0.532281,-9.12039
10718,3.6411,0.773181,3.6903,0.492014,-4.78291
10719,3.64531,0.443314,3.6903,0.449829,-0.747332
10720,3.64694,0.335103,3.6903,0.433531,2.95329
10721,3.64771,0.0418879,3.6903,0.425861,6.6268
10722,3.64742,-0.129154,3.6903,0.428737,9.41
10723,3.64589,-0.329867,3.6903,0.444077,11.878
10724,3.64435,-0.417134,3.6903,0.459417,13.6477
10725,3.64157,-0.523599,3.6903,0.48722,14.9925
10726,3.63956,-0.499164,3.6903,0.507354,16.002
10727,3.63649,-0.47473,3.6903,0.538033,16.0962
10728,3.63477,-0.401426,3.6903,0.555291,16.0713
10729,3.63237,-0.485202,3.6903,0.579259,16.2444
10730,3.63055,-0.380482,3.6903,0.597475,16.218
10731,3.62806,-0.376991,3.6903,0.622402,15.2957
10732,3.62652,-0.349066,3.6903,0.637742,13.6394
10733,3.62499,-0.204204,3.6903,0.653082,12.0384
10734,3.62451,-0.113446,3.6903,0.657876,10.2035
10735,3.62432,0,3.6903,0.659793,8.62191
10736,3.62451,0.0837758,3.6903,0.657876,6.99052
10737,3.62566,0.216421,3.6903,0.646371,5.04061
10738,3.62681,0.342085,3.6903,0.634866,3.89392
10739,3.6293,0.445059,3.6903,0.609939,2.25423
10740,3.63122,0.483456,3.6903,0.590764,1.02169
10741,3.63429,0.500909,3.6903,0.560084,-0.332904
10742,3.63659,0.626573,3.6903,0.537075,-1.56535
10743,3.64033,0.659734,3.6903,0.499684,-2.55081
10744,3.64282,0.607375,3.6903,0.474757,-3.00659
10745,3.64685,0.666716,3.6903,0.43449,-3.61099
10746,3.64953,0.651008,3.6903,0.407645,-3.97572
10747,3.65346,0.647517,3.6903,0.368337,-4.57541
10748,3.65615,0.692896,3.6903,0.341492,-4.86207
10749,3.66008,0.624828,3.6903,0.302184,-5.07643
10750,3.66219,0.455531,3.6903,0.281092,-5.10135
10751,3.66449,0.376991,3.6903,0.258082,-5.0404
10752,3.6665,0.614356,3.6903,0.237948,-5.02516
10753,3.66995,0.434587,3.6903,0.203434,-4.87835
10754,3.67197,0.518363,3.6903,0.1833,-4.46149
10755,3.67484,0.413643,3.6903,0.154538,-4.05986
10756,3.67638,0.392699,3.6903,0.139198,-3.81612
10757,3.67868,0.356047,3.6903,0.116189,-2.89654
10758,3.67992,0.308923,3.6903,0.103725,-2.24149
10759,3.68146,0.228638,3.6903,0.0883853,-1.95619
10760,3.68223,0.174533,3.6903,0.0807154,-0.781808
10761,3.68309,0.13439,3.6903,0.0720867,-0.201537
10762,3.68338,0.0785398,3.6903,0.0692105,0.356573
10763,3.68366,0.0401426,3.6903,0.0663343,0.807639
10764,3.68376,0,3.6903,0.0653756,1.17737
10765,3.68376,-0.0174533,3.6903,0.0653756,1.50627
10766,3.68366,-0.0331613,3.6903,0.0663343,1.83672
10767,3.68338,-0.0401426,3.6903,0.0692105,1.98587
10768,3.68318,-0.0401426,3.6903,0.071128,2.0537
10769,3.68309,-0.0174533,3.6903,0.0720867,2.19354
10770,3.68299,0,3.6903,0.0730455,2.0004
10771,3.68299,0,3.6903,0.0730455,1.96171
10772,3.68299,0,3.6903,0.0730455,1.97758
10773,3.68299,-0.020944,3.6903,0.0730455,2.18622
10774,3.6828,-0.0593412,3.6903,0.0749629,2.06051
10775,3.68251,-0.015708,3.6903,0.0778391,1.87653
10776,3.68242,-0.0174533,3.6903,0.0787979,1.5698
10777,3.68242,0,3.6903,0.0787979,1.30436
10778,3.68242,0,3.6903,0.0787979,1.24901
10779,3.68242,0.00523599,3.6903,0.0787979,0.792
10780,3.68251,0.0122173,3.6903,0.0778391,0.557954
10781,3.68261,0.0296706,3.6903,0.0768804,0.877864
10782,3.6828,0.0418879,3.6903,0.0749629,0.32668
10783,3.68309,0.0436332,3.6903,0.0720867,0.0123117
10784,3.68328,0.0488692,3.6903,0.0701692,0.236664
10785,3.68357,0.0471239,3.6903,0.067293,0.420855
10786,3.68376,0.0558505,3.6903,0.0653756,0.146648
10787,3.68405,0.0436332,3.6903,0.0624993,0.136955
10788,3.68424,0.0488692,3.6903,0.0605819,0.402804
10789,3.68453,0.0471239,3.6903,0.0577056,0.28237
10790,3.68462,0.0401426,3.6903,0.0567469,-0.0348479
10791,3.68491,0.0331613,3.6903,0.0538707,0.357156
10792,3.6851,0.0488692,3.6903,0.0519532,0.249135
10793,3.68539,0.0401426,3.6903,0.049077,0.100954
10794,3.68548,0.0418879,3.6903,0.0481183,0.102339
10795,3.68577,0.0383972,3.6903,0.0452421,0.064948
10796,3.68587,0.0383972,3.6903,0.0442833,0.121677
10797,3.68616,0.0331613,3.6903,0.0414071,0.153582
10798,3.68625,0.0314159,3.6903,0.0404484,0.113421
10799,3.68644,0.0244346,3.6903,0.0385309,0.226982
10800,3.68644,0.0174533,3.6903,0.0385309,0.365471
10801,3.68664,0.0314159,3.6903,0.0366134,0.298997
10802,3.68664,0.0174533,3.6903,0.0366134,0.479032
10803,3.68673,0.0174533,3.6903,0.0356547,0.425022
10804,3.68683,0,3.6903,0.0346959,0.135581
10805,3.68683,0,3.6903,0.0346959,0.495621
10806,3.68692,0.00698132,3.6903,0.0337372,0.413944
10807,3.68692,0.00872665,3.6903,0.0337372,0.317002
10808,3.68702,0.0174533,3.6903,0.0327785,0.318387
10809,3.68702,0.0122173,3.6903,0.0327785,0.221445
10810,3.68711,0.0174533,3.6903,0.0318197,0.333621
10811,3.68721,0.00174533,3.6903,0.030861,0.0441804
10812,3.68731,0.00872665,3.6903,0.0299022,0.253299
10813,3.6874,0.0261799,3.6903,0.0289435,0.143893
10814,3.6875,0.0261799,3.6903,0.0279848,-0.187094
10815,3.68759,0.0244346,3.6903,0.027026,0.146547
10816,3.68769,0.0244346,3.6903,0.0260673,0.148049
10817,3.68788,0.0174533,3.6903,0.0241498,0.0259511
10818,3.68798,0.0279253,3.6903,0.0231911,-0.000132892
10819,3.68807,0.020944,3.6903,0.0222323,0.097471
10820,3.68817,0.0279253,3.6903,0.0212736,0.0429633
10821,3.68836,0.0296706,3.6903,0.0193561,0.00357468
10822,3.68836,0.0174533,3.6903,0.0193561,-0.0254046
10823,3.68855,0.0261799,3.6903,0.0174387,0.0458485
10824,3.68865,0.020944,3.6903,0.0164799,-0.201919
10825,3.68874,0.0174533,3.6903,0.0155212,-0.202252
10826,3.68884,0.0174533,3.6903,0.0145624,-0.11916
10827,3.68894,0.0174533,3.6903,0.0136037,-0.0499714
10828,3.68903,0.0174533,3.6903,0.012645,-0.118279
10829,3.68913,0.0139626,3.6903,0.0116862,0.0206436
10830,3.68913,0.00872665,3.6903,0.0116862,0.241285
10831,3.68932,0.020944,3.6903,0.00976875,0.0219462
10832,3.68932,0.0174533,3.6903,0.00976875,-0.0620451
10833,3.68942,0.00698132,3.6903,0.00881001,0.215615
10834,3.68951,0.00872665,3.6903,0.00785127,0.148554
10835,3.68951,0.0139626,3.6903,0.00785127,0.134383
10836,3.68951,0,3.6903,0.00785127,0.259658
10837,3.68961,0,3.6903,0.00689254,0.20657
10838,3.68961,0.0122173,3.6903,0.00689254,-0.0146638
10839,3.68961,0,3.6903,0.00689254,0.0830101
10840,3.68961,0,3.6903,0.00689254,0.180386
10841,3.68961,0,3.6903,0.00689254,0.0832807
10842,3.68961,0,3.6903,0.00689254,0.153023
10843,3.68961,0.00872665,3.6903,0.00689254,0.139863
10844,3.68961,0,3.6903,0.00689254,0.154273
10845,3.68961,0.00872665,3.6903,0.00689254,-0.233999
10846,3.68961,0,3.6903,0.00689254,0.139821
10847,3.6897,0.010472,3.6903,0.0059338,0.0713093
10848,3.6897,0,3.6903,0.0059338,0.112661
10849,3.6897,0.010472,3.6903,0.0059338,0.0156306
10850,3.6897,0,3.6903,0.0059338,0.375634
10851,3.6897,0,3.6903,0.0059338,0.38982
10852,3.6897,0.010472,3.6903,0.0059338,-0.011118
10853,3.6897,0,3.6903,0.0059338,-0.108234
10854,3.6897,0,3.6903,0.0059338,-0.0800917
10855,3.6897,0,3.6903,0.0059338,0.0723918
10856,3.6898,0.00174533,3.6903,0.00497506,-0.0638178
10857,3.6898,0,3.6903,0.00497506,0.0191337
10858,3.6898,0,3.6903,0.00497506,0.18635
10859,3.6898,0,3.6903,0.00497506,0.0756733
10860,3.6898,0,3.6903,0.00497506,0.159349
10861,3.6898,0,3.6903,0.00497506,0.29744
10862,3.6898,0,3.6903,0.00497506,-0.10321
10863,3.6898,0.00872665,3.6903,0.00497506,0.0352006
10864,3.6898,0,3.6903,0.00497506,0.0486521
10865,3.6898,0,3.6903,0.00497506,0.0905897
10866,3.6898,0,3.6903,0.00497506,0.229491
10867,3.6898,0,3.6903,0.00497506,0.160488
10868,3.6898,0,3.6903,0.00497506,0.00834984
10869,3.6898,0,3.6903,0.00497506,0.119446
10870,3.68989,0,3.6903,0.00401632,0.259096
10871,3.68989,0.00872665,3.6903,0.00401632,0.106606
10872,3.68989,0,3.6903,0.00401632,0.119621
10873,3.68989,0,3.6903,0.00401632,0.230707
10874,3.68989,0.00523599,3.6903,0.00401632,0.0644744
10875,3.68989,0.0174533,3.6903,0.00401632,0.104803
10876,3.68989,0.00523599,3.6903,0.00401632,0.160686
10877,3.68999,0,3.6903,0.00305758,0.286737
10878,3.68999,0.015708,3.6903,0.00305758,0.00955454
10879,3.68999,0,3.6903,0.00305758,0.175621
10880,3.68999,0.00872665,3.6903,0.00305758,0.410696
10881,3.69009,0.0139626,3.6903,0.00209885,-0.0295617
10882,3.69009,0,3.6903,0.00209885,0.150428
10883,3.69009,0,3.6903,0.00209885,0.205074
10884,3.69009,0,3.6903,0.00209885,0.107788
10885,3.69009,0,3.6903,0.00209885,-0.085055
10886,3.69009,0,3.6903,0.00209885,0.12178
10887,3.69009,0,3.6903,0.00209885,0.0936315
10888,3.69009,0,3.6903,0.00209885,0.0937136
10889,3.69009,0,3.6903,0.00209885,0.162997
10890,3.69009,0,3.6903,0.00209885,0.245938
10891,3.69009,0.00174533,3.6903,0.00209885,0.0665603
10892,3.69009,0,3.6903,0.00209885,0.232573
10893,3.69009,0,3.6903,0.00209885,0.191833
10894,3.69009,0,3.6903,0.00209885,0.164473
10895,3.69009,0,3.6903,0.00209885,-0.0155442
10896,3.69018,0,3.6903,0.00114011,-0.0141557
10897,3.69018,0,3.6903,0.00114011,0.0833051
10898,3.69018,0,3.6903,0.00114011,0.249414
10899,3.69018,0,3.6903,0.00114011,0.0840232
10900,3.69018,0,3.6903,0.00114011,0.416616
10901,3.69018,0,3.6903,0.00114011,0.265139
10902,3.69018,0,3.6903,0.00114011,-0.0242524
10903,3.69018,0,3.6903,0.00114011,0.0863116
10904,3.69018,0,3.6903,0.00114011,0.21032
10905,3.69018,0,3.6903,0.00114011,0.0446734
10906,3.69018,0,3.6903,0.00114011,0.0853113
10907,3.69018,0,3.6903,0.00114011,0.154691
10908,3.69018,0,3.6903,0.00114011,-0.0946663
10909,3.69018,0,3.6903,0.00114011,0.126199
10910,3.69018,0,3.6903,0.00114011,0.00141714
10911,3.69018,0,3.6903,0.00114011,-0.137788
10912,3.69018,0,3.6903,0.00114011,0.124964
10913,3.69028,0.0174533,3.6903,0.000181369,-0.0529967
10914,3.69028,0,3.6903,0.000181369,0.196599
10915,3.69028,0,3.6903,0.000181369,-0.0801468
10916,3.69028,0,3.6903,0.000181369,0.016025
10917,3.69028,0,3.6903,0.000181369,-0.0119955
10918,3.69028,0,3.6903,0.000181369,-0.040719
10919,3.69028,0,3.6903,0.000181369,0.0967224
10920,3.69028,0,3.6903,0.000181369,-0.000904564
10921,3.69028,0,3.6903,0.000181369,-0.0569637
10922,3.69028,0.00349066,3.6903,0.000181369,-0.140593
10923,3.69028,0,3.6903,0.000181369,-0.195927
10924,3.69028,0,3.6903,0.000181369,-0.251816
10925,3.69028,0,3.6903,0.000181369,0.121738
10926,3.69028,0,3.6903,0.000181369,0.0804651
10927,3.69028,0.00872665,3.6903,0.000181369,-0.112463
10928,3.69028,0,3.6903,0.000181369,-0.127104
10929,3.69028,0,3.6903,0.000181369,0.190778
10930,3.69028,0,3.6903,0.000181369,0.177139
10931,3.69028,0,3.6903,0.000181369,0.10868
10932,3.69028,0,3.6903,0.000181369,0.178155
10933,3.69028,0,3.6903,0.000181369,-0.0574278
10934,3.69028,0,3.6903,0.000181369,0.0391915
10935,3.69028,0,3.6903,0.000181369,0.206056
10936,3.69028,0,3.6903,0.000181369,0.150956
10937,3.69028,0,3.6903,0.000181369,0.0269736
10938,3.69028,0,3.6903,0.000181369,-0.166935
10939,3.69028,0,3.6903,0.000181369,0.0813188
10940,3.69028,0,3.6903,0.000181369,0.165474
10941,3.69028,0,3.6903,0.000181369,0.0545096
10942,3.69028,0,3.6903,0.000181369,0.0961808
10943,3.69028,0,3.6903,0.000181369,0.359263
10944,3.69028,0,3.6903,0.000181369,-0.125301
10945,3.69028,0,3.6903,0.000181369,0.0270335
10946,3.69028,0,3.6903,0.000181369,-0.0428957
10947,3.69028,0,3.6903,0.000181369,0.109225
10948,3.69028,0,3.6903,0.000181369,0.122283
10949,3.69028,0,3.6903,0.000181369,-0.210604
10950,3.69028,0,3.6903,0.000181369,0.31484
10951,3.69028,0,3.6903,0.000181369,0.175922
10952,3.69028,0,3.6903,0.000181369,0.232124
10953,3.69028,0,3.6903,0.000181369,-0.0308375
10954,3.69028,0,3.6903,0.000181369,0.357375
10955,3.69028,0,3.6903,0.000181369,0.370986
10956,3.69028,0,3.6903,0.000181369,0.0117862
10957,3.69028,0,3.6903,0.000181369,0.0813896
10958,3.69028,0,3.6903,0.000181369,0.164053
10959,3.69028,0,3.6903,0.000181369,0.16454
10960,3.69028,0,3.6903,0.000181369,0.234399
10961,3.69028,0,3.6903,0.000181369,0.109906
10962,3.69028,0,3.6903,0.000181369,0.0956913
10963,3.69028,0,3.6903,0.000181369,-0.140275
10964,3.69028,0,3.6903,0.000181369,0.0110152
10965,3.69028,0,3.6903,0.000181369,0.0671958
10966,3.69028,0,3.6903,0.000181369,-0.015794
10967,3.69028,0,3.6903,0.000181369,-0.279714
10968,3.69028,0,3.6903,0.000181369,0.163468
10969,3.69028,0,3.6903,0.000181369,0.0939433
10970,3.69028,0,3.6903,0.000181369,0.233025
10971,3.69028,0,3.6903,0.000181369,-0.043955
10972,3.69028,0,3.6903,0.000181369,-0.168129
10973,3.69028,0,3.6903,0.000181369,0.247035
10974,3.69028,0,3.6903,0.000181369,0.302577
10975,3.69028,0,3.6903,0.000181369,-0.0439251
10976,3.69028,0,3.6903,0.000181369,-0.00191296
10977,3.69028,0,3.6903,0.000181369,0.136509
10978,3.69028,0,3.6903,0.000181369,0.121336
10979,3.69028,0,3.6903,0.000181369,0.0933577
10980,3.69028,0,3.6903,0.000181369,0.245181
10981,3.69028,0,3.6903,0.000181369,0.0925204
10982,3.69028,0,3.6903,0.000181369,0.133254
10983,3.69028,0,3.6903,0.000181369,0.092088
10984,3.69028,0,3.6903,0.000181369,0.0364976
10985,3.69028,0,3.6903,0.000181369,-0.143796
10986,3.69028,0,3.6903,0.000181369,-0.241999
10987,3.69028,0,3.6903,0.000181369,0.144978
10988,3.69028,0,3.6903,0.000181369,-0.214861
10989,3.69028,0,3.6903,0.000181369,-0.174319
10990,3.69028,0,3.6903,0.000181369,0.102484
10991,3.69028,0,3.6903,0.000181369,0.00581617
10992,3.69028,0,3.6903,0.000181369,0.0477218
10993,3.69028,0,3.6903,0.000181369,0.0755442
10994,3.69028,0,3.6903,0.000181369,-0.118045
10995,3.69028,0,3.6903,0.000181369,0.546889
10996,3.69028,0,3.6903,0.000181369,0.118338
10997,3.69028,0,3.6903,0.000181369,0.39544
10998,3.69028,0,3.6903,0.000181369,-0.0606166
10999,3.69028,0,3.6903,0.000181369,0.0914194
11000,3.69028,0,3.6903,0.000181369,0.0636972
11001,3.69028,0,3.6903,0.000181369,0.216905
11002,3.69028,0,3.6903,0.000181369,0.0653527
11003,3.69028,0,3.6903,0.000181369,-0.169442
11004,3.69028,0,3.6903,0.000181369,0.231575
11005,3.69028,0,3.6903,0.000181369,0.134183
11006,3.69028,0,3.6903,0.000181369,-0.0879562
11007,3.69028,0,3.6903,0.000181369,0.0226824
11008,3.69028,0,3.6903,0.000181369,-0.14372
11009,3.69028,0,3.6903,0.000181369,-0.0893506
11010,3.69028,0,3.6903,0.000181369,-0.0480202
11011,3.69028,0,3.6903,0.000181369,0.00730813
11012,3.69028,0,3.6903,0.000181369,0.338932
11013,3.69028,0,3.6903,0.000181369,-0.0346922
11014,3.69028,0,3.6903,0.000181369,-0.00725334
11015,3.69028,0,3.6903,0.000181369,-0.0497405
11016,3.69028,0,3.6903,0.000181369,0.143565
11017,3.69028,0,3.6903,0.000181369,0.199511
11018,3.69028,0,3.6903,0.000181369,-0.201938
11019,3.69028,0,3.6903,0.000181369,-0.0775149
11020,3.69028,0,3.6903,0.000181369,-0.0632004
11021,3.69028,0,3.6903,0.000181369,0.0891125
11022,3.69028,0,3.6903,0.000181369,0.089919
11023,3.69028,0,3.6903,0.000181369,0.0762587
11024,3.69028,0,3.6903,0.000181369,-0.0763163
11025,3.69028,0,3.6903,0.000181369,0.159154
11026,3.69028,0,3.6903,0.000181369,0.20091
11027,3.69028,0,3.6903,0.000181369,0.0220011
11028,3.69028,0,3.6903,0.000181369,0.285616
11029,3.69028,0,3.6903,0.000181369,0.174844
11030,3.69028,0,3.6903,0.000181369,-0.0192567
11031,3.69028,0,3.6903,0.000181369,-0.0338544
11032,3.69028,0,3.6903,0.000181369,0.256436
11033,3.69028,0,3.6903,0.000181369,0.0483802
11034,3.69028,0,3.6903,0.000181369,0.103538
11035,3.69028,0,3.6903,0.000181369,-0.0902639
11036,3.69028,0,3.6903,0.000181369,-0.172977
11037,3.69028,0,3.6903,0.000181369,0.186004
11038,3.69028,0,3.6903,0.000181369,-0.0500265
11039,3.69028,0,3.6903,0.000181369,0.0334683
11040,3.69028,0,3.6903,0.000181369,-0.0502459
11041,3.69028,0,3.6903,0.000181369,0.185054
11042,3.69028,0,3.6903,0.000181369,0.199155
11043,3.69028,0,3.6903,0.000181369,0.115974
11044,3.69028,0,3.6903,0.000181369,-0.0364097
11045,3.69028,0,3.6903,0.000181369,-0.11989
11046,3.69028,0,3.6903,0.000181369,0.142746
11047,3.69028,0,3.6903,0.000181369,-0.189225
11048,3.69028,0,3.6903,0.000181369,-0.120687
11049,3.69028,0,3.6903,0.000181369,-0.0238337
11050,3.69028,0,3.6903,0.000181369,-0.0381971
11051,3.69028,0,3.6903,0.000181369,0.12788
11052,3.69028,0,3.6903,0.000181369,0.21033
11053,3.69028,0,3.6903,0.000181369,0.0160596
11054,3.69028,0,3.6903,0.000181369,0.0989152
11055,3.69028,0,3.6903,0.000181369,0.126375
11056,3.69028,0,3.6903,0.000181369,0.0152618
11057,3.69028,0,3.6903,0.000181369,-0.220364
11058,3.69028,0,3.6903,0.000181369,0.000128225
11059,3.69028,0,3.6903,0.000181369,0.0546896
11060,3.69028,0,3.6903,0.000181369,0.179326
11061,3.69028,0,3.6903,0.000181369,0.179834
11062,3.69028,0,3.6903,0.000181369,-0.0842134
11063,3.69028,0,3.6903,0.000181369,0.511625
11064,3.69028,0,3.6903,0.000181369,0.069247
11065,3.69028,0,3.6903,0.000181369,0.331605
11066,3.69028,0,3.6903,0.000181369,0.236194
11067,3.69028,0,3.6903,0.000181369,0.346896
11068,3.69028,0,3.6903,0.000181369,0.181644
11069,3.69028,0,3.6903,0.000181369,-0.0397061
11070,3.69028,0,3.6903,0.000181369,0.181979
11071,3.69028,0,3.6903,0.000181369,0.00234546
11072,3.69028,0,3.6903,0.000181369,0.335226
11073,3.69028,0,3.6903,0.000181369,0.335777
11074,3.69028,-0.00872665,3.6903,0.000181369,0.225047
11075,3.69028,0,3.6903,0.000181369,-0.121284
11076,3.69028,0,3.6903,0.000181369,0.0861472
11077,3.69028,0,3.6903,0.000181369,0.0444696
11078,3.69028,0,3.6903,0.000181369,0.112816
11079,3.69028,0,3.6903,0.000181369,0.0296556
11080,3.69028,0,3.6903,0.000181369,0.195264
11081,3.69028,0,3.6903,0.000181369,0.249761
11082,3.69028,0,3.6903,0.000181369,-0.110291
11083,3.69028,0,3.6903,0.000181369,0.137898
11084,3.69028,0,3.6903,0.000181369,-0.0287598
11085,3.69028,0,3.6903,0.000181369,-0.0565246
11086,3.69028,0,3.6903,0.000181369,0.401145
11087,3.69028,0,3.6903,0.000181369,0.0145244
11088,3.69028,0,3.1903,-4.99982,-65.153
11089,3.67868,-2.0944,3.1903,-4.88381,-61.9831
11090,3.67849,0.260054,3.1903,-4.88189,-56.2386
11091,3.67264,-1.06116,3.1903,-4.82341,-49.3294
11092,3.66842,-1.45386,3.1903,-4.78123,-45.3049
11093,3.65778,-1.69646,3.1903,-4.67481,-38.0634
11094,3.64972,-2.28115,3.1903,-4.59427,-30.9784
11095,3.63506,-2.62847,3.1903,-4.44759,-25.6369
11096,3.62365,-2.92168,3.1903,-4.3335,-17.8802
11097,3.60438,-3.43481,3.1903,-4.14079,-10.9296
11098,3.59028,-3.59887,3.1903,-3.99985,-4.31955
11099,3.5667,-4.07534,3.1903,-3.76401,3.90246
11100,3.54954,-4.40521,3.1903,-3.59239,11.0457
11101,3.52192,-4.79267,3.1903,-3.31627,19.4524
11102,3.50179,-5.09113,3.1903,-3.11494,26.8697
11103,3.47015,-5.47335,3.1903,-2.79856,36.0514
11104,3.44714,-5.8835,3.1903,-2.56846,44.0005
11105,3.41061,-6.20465,3.1903,-2.20318,53.3747
11106,3.38444,-6.71603,3.1903,-1.94144,61.7074
11107,3.34322,-6.93768,3.1903,-1.52919,71.7477
11108,3.31378,-7.5119,3.1903,-1.23485,80.435
11109,3.26853,-7.662,3.1903,-0.78233,90.9017
11110,3.23996,-6.77886,3.1903,-0.496626,97.8842
11111,3.20266,-5.68977,3.1903,-0.123677,102.802
11112,3.17601,-7.44732,3.1903,0.142852,99.4807
11113,3.13162,-6.65669,3.1903,0.586748,98.7286
11114,3.10545,-6.58687,3.1903,0.848483,96.5224
11115,3.06787,-5.87652,3.1903,1.22431,95.7439
11116,3.04562,-5.76657,3.1903,1.44674,92.2234
11117,3.01331,-5.02655,3.1903,1.76983,91.1472
11118,2.99414,-4.73508,3.1903,1.96158,87.7265
11119,2.96691,-4.23242,3.1903,2.23386,85.4773
11120,2.95138,-3.7385,3.1903,2.38918,81.6799
11121,2.9301,-3.43481,3.1903,2.60201,78.9073
11122,2.91763,-2.93041,3.1903,2.72665,74.5172
11123,2.90143,-2.48535,3.1903,2.88868,70.8485
11124,2.8928,-2.02633,3.1903,2.97496,66.5138
11125,2.88139,-1.6441,3.1903,3.08905,61.9589
11126,2.87602,-1.30027,3.1903,3.14274,56.8126
11127,2.87027,-0.808087,3.1903,3.20027,51.6608
11128,2.86835,-0.277507,3.1903,3.21944,46.3013
11129,2.86778,0.0575959,3.1903,3.22519,40.338
11130,2.86893,0.39968,3.1903,3.21369,34.6489
11131,2.87334,0.918043,3.1903,3.16959,29.2977
11132,2.87832,1.33169,3.1903,3.11973,23.5116
11133,2.88714,1.81165,3.1903,3.03153,17.2271
11134,2.89491,2.02109,3.1903,2.95387,11.5643
11135,2.909,2.48884,3.1903,2.81294,4.82965
11136,2.91945,2.7454,3.1903,2.70843,-1.36319
11137,2.93729,2.95659,3.1903,2.53011,-8.71536
11138,2.95042,3.33881,3.1903,2.39876,-14.5654
11139,2.97142,3.60236,3.1903,2.1888,-20.5459
11140,2.9858,3.66519,3.1903,2.04499,-24.4651
11141,3.00823,3.77689,3.1903,1.82064,-28.7803
11142,3.02309,3.69312,3.1903,1.67204,-30.8091
11143,3.04476,3.52207,3.1903,1.45536,-33.2658
11144,3.05866,3.52207,3.1903,1.31635,-34.3529
11145,3.08014,3.49066,3.1903,1.10159,-35.1367
11146,3.09318,3.28471,3.1903,0.971202,-33.328
11147,3.11264,3.03164,3.1903,0.776578,-32.1604
11148,3.12366,2.7646,3.1903,0.666323,-29.4529
11149,3.13881,2.4295,3.1903,0.514842,-26.6443
11150,3.14773,2.09265,3.1903,0.42568,-23.1918
11151,3.15856,1.61967,3.1903,0.317342,-19.5315
11152,3.1647,1.32121,3.1903,0.255983,-15.0527
11153,3.1717,0.935496,3.1903,0.185995,-11.434
11154,3.17534,0.692896,3.1903,0.149563,-7.5729
11155,3.1786,0.39968,3.1903,0.116966,-3.9805
11156,3.17975,0.249582,3.1903,0.105461,-0.293926
11157,3.18013,-0.00174533,3.1903,0.101626,2.59969
11158,3.17956,-0.178024,3.1903,0.107379,5.35054
11159,3.17774,-0.390954,3.1903,0.125595,7.82644
11160,3.17592,-0.469494,3.1903,0.143811,9.98726
11161,3.17275,-0.548033,3.1903,0.175449,11.6734
11162,3.17026,-0.621337,3.1903,0.200376,12.7315
11163,3.16633,-0.612611,3.1903,0.239684,13.4918
11164,3.16393,-0.596903,3.1903,0.263653,13.9557
11165,3.16058,-0.518363,3.1903,0.297209,14.1426
11166,3.15866,-0.485202,3.1903,0.316384,14.2119
11167,3.15492,-0.509636,3.1903,0.353774,14.144
11168,3.15271,-0.555015,3.1903,0.375825,13.4751
11169,3.14974,-0.445059,3.1903,0.405546,12.3796
11170,3.14811,-0.390954,3.1903,0.421845,11.1097
11171,3.14639,-0.244346,3.1903,0.439102,9.38133
11172,3.14562,-0.153589,3.1903,0.446772,7.95767
11173,3.14514,-0.020944,3.1903,0.451566,5.9565
11174,3.14533,0.0663225,3.1903,0.449648,4.4082
11175,3.1461,0.202458,3.1903,0.441978,3.14519
11176,3.14706,0.263545,3.1903,0.432391,1.60797
11177,3.14888,0.352557,3.1903,0.414175,0.332497
11178,3.15041,0.390954,3.1903,0.398835,-0.407922
11179,3.153,0.460767,3.1903,0.372949,-1.54206
11180,3.15492,0.485202,3.1903,0.353774,-2.23619
11181,3.15799,0.560251,3.1903,0.323095,-3.33457
11182,3.16019,0.527089,3.1903,0.301044,-3.67647
11183,3.16336,0.507891,3.1903,0.269405,-4.43794
11184,3.16547,0.535816,3.1903,0.248313,-4.77387
11185,3.16844,0.445059,3.1903,0.218592,-4.71141
11186,3.17016,0.397935,3.1903,0.201335,-5.2657
11187,3.17256,0.450295,3.1903,0.177367,-5.09258
11188,3.17476,0.589921,3.1903,0.155316,-5.3931
11189,3.17764,0.3735,3.1903,0.126553,-5.12996
11190,3.17927,0.443314,3.1903,0.110255,-5.39723
11191,3.18167,0.371755,3.1903,0.0862864,-4.68401
11192,3.18311,0.361283,3.1903,0.0719053,-4.17852
11193,3.18512,0.315905,3.1903,0.0517719,-3.45698
11194,3.18627,0.26529,3.1903,0.040267,-2.98335
11195,3.18752,0.179769,3.1903,0.0278034,-2.10671
11196,3.18819,0.137881,3.1903,0.0210922,-1.59846
11197,3.18876,0.0715585,3.1903,0.0153398,-0.856154
11198,3.18895,0.0366519,3.1903,0.0134223,-0.257882
11199,3.18905,0,3.1903,0.0124636,0.3687
11200,3.18895,-0.0314159,3.1903,0.0134223,1.03816
11201,3.18876,-0.0506145,3.1903,0.0153398,1.26598
11202,3.18847,-0.0628319,3.1903,0.018216,1.71763
11203,3.18809,-0.0785398,3.1903,0.022051,1.82237
11204,3.1878,-0.0698132,3.1903,0.0249272,1.98512
11205,3.18732,-0.0523599,3.1903,0.0297209,1.95194
11206,3.18723,-0.0174533,3.1903,0.0306796,1.93831
11207,3.18713,-0.0174533,3.1903,0.0316384,1.96683
11208,3.18704,-0.0279253,3.1903,0.0325971,1.62028
11209,3.18665,-0.10821,3.1903,0.036432,1.86482
11210,3.18627,-0.0925025,3.1903,0.040267,1.76189
11211,3.18579,-0.0733038,3.1903,0.0450607,1.72682
11212,3.1855,-0.0645772,3.1903,0.0479369,1.52754
11213,3.18531,-0.0279253,3.1903,0.0498544,1.31364
11214,3.18522,-0.0174533,3.1903,0.0508131,1.03009
11215,3.18512,0,3.1903,0.0517719,0.578751
11216,3.18512,0,3.1903,0.0517719,0.468359
11217,3.18522,0.0174533,3.1903,0.0508131,0.234305
11218,3.18531,0.0244346,3.1903,0.0498544,0.34649
11219,3.1855,0.0506145,3.1903,0.0479369,0.0857677
11220,3.18579,0.0506145,3.1903,0.0450607,0.18613
11221,3.18608,0.0541052,3.1903,0.0421845,-0.0594857
11222,3.18627,0.0541052,3.1903,0.040267,-0.30703
11223,3.18656,0.0488692,3.1903,0.0373908,-0.138785
11224,3.18675,0.0471239,3.1903,0.0354733,-0.164992
11225,3.18704,0.0366519,3.1903,0.0325971,-0.217594
11226,3.18713,0.0383972,3.1903,0.0316384,0.0451536
11227,3.18732,0.0226893,3.1903,0.0297209,0.074729
11228,3.18742,0.020944,3.1903,0.0287621,0.0346272
11229,3.18761,0.0174533,3.1903,0.0268447,0.314618
11230,3.18771,0.015708,3.1903,0.0258859,0.440751
11231,3.18771,0.0174533,3.1903,0.0258859,0.372796
11232,3.1878,0.0122173,3.1903,0.0249272,0.34786
11233,3.1878,0,3.1903,0.0249272,0.682171
11234,3.1878,0,3.1903,0.0249272,0.380905
11235,3.1878,0,3.1903,0.0249272,0.617937
11236,3.1878,0,3.1903,0.0249272,0.881066
11237,3.1878,0,3.1903,0.0249272,0.562542
11238,3.1878,0.00523599,3.1903,0.0249272,0.230169
11239,3.1878,0,3.1903,0.0249272,0.368658
11240,3.1878,0,3.1903,0.0249272,0.701031
11241,3.1879,0,3.1903,0.0239684,0.743962
11242,3.1879,0,3.1903,0.0239684,0.314648
11243,3.1879,0.00349066,3.1903,0.0239684,0.605474
11244,3.1879,0.010472,3.1903,0.0239684,0.480834
11245,3.188,0.0139626,3.1903,0.0230097,0.149847
11246,3.188,0.0122173,3.1903,0.0230097,0.260638
11247,3.188,0.0174533,3.1903,0.0230097,0.440673
11248,3.18809,0,3.1903,0.022051,0.248174
11249,3.18809,0.0174533,3.1903,0.022051,0.497454
11250,3.18819,0.0139626,3.1903,0.0210922,0.249559
11251,3.18819,0.00698132,3.1903,0.0210922,0.512611
11252,3.18828,0.0174533,3.1903,0.0201335,0.264557
11253,3.18828,0,3.1903,0.0201335,0.237047
11254,3.18838,0.0122173,3.1903,0.0191748,0.22459
11255,3.18838,0.0122173,3.1903,0.0191748,0.0722947
11256,3.18847,0.015708,3.1903,0.018216,0.0458991
11257,3.18857,0.015708,3.1903,0.0172573,0.130461
11258,3.18857,0.0174533,3.1903,0.0172573,-0.132834
11259,3.18867,0.0122173,3.1903,0.0162985,0.187163
11260,3.18867,0.0139626,3.1903,0.0162985,0.270298
11261,3.18876,0.00872665,3.1903,0.0153398,0.327038
11262,3.18876,0,3.1903,0.0153398,0.257871
11263,3.18876,0.00349066,3.1903,0.0153398,0.174778
11264,3.18886,0.00872665,3.1903,0.0143811,0.273073
11265,3.18886,0,3.1903,0.0143811,0.231324
11266,3.18886,0,3.1903,0.0143811,0.051438
11267,3.18895,0,3.1903,0.0134223,0.0529085
11268,3.18895,0.00872665,3.1903,0.0134223,0.136002
11269,3.18905,0,3.1903,0.0124636,-0.0287993
11270,3.18905,0,3.1903,0.0124636,0.0819915
11271,3.18905,0.00872665,3.1903,0.0124636,0.442062
11272,3.18905,0,3.1903,0.0124636,0.234097
11273,3.18915,0.015708,3.1903,0.0115049,0.111075
11274,3.18915,0,3.1903,0.0115049,0.235714
11275,3.18924,0.015708,3.1903,0.0105461,-0.150799
11276,3.18924,0.0139626,3.1903,0.0105461,0.651892
11277,3.18924,0.015708,3.1903,0.0105461,0.0846704
11278,3.18934,0,3.1903,0.00958738,0.0583431
11279,3.18934,0.00872665,3.1903,0.00958738,0.155392
11280,3.18934,0,3.1903,0.00958738,0.155392
11281,3.18934,0,3.1903,0.00958738,-0.0523839
11282,3.18943,0.00872665,3.1903,0.00862864,0.087475
11283,3.18943,0.0139626,3.1903,0.00862864,0.114352
11284,3.18943,0.00872665,3.1903,0.00862864,0.156165
11285,3.18943,0,3.1903,0.00862864,-0.0378998
11286,3.18953,0,3.1903,0.0076699,0.296301
11287,3.18953,0,3.1903,0.0076699,0.227313
11288,3.18857,-0.698132,2.6903,-4.98274,-64.8757
11289,3.1785,0.151844,2.6903,-4.88208,-60.631
11290,3.17841,-0.788889,2.6903,-4.88112,-54.9821
11291,3.17189,-0.621337,2.6903,-4.81592,-46.9331
11292,3.16575,-1.96873,2.6903,-4.75456,-42.3686
11293,3.15511,-1.83085,2.6903,-4.64814,-35.4456
11294,3.146,-2.32827,2.6903,-4.55706,-29.0267
11295,3.13105,-2.74715,2.6903,-4.4075,-22.6784
11296,3.11935,-3.04909,2.6903,-4.29053,-16.4077
11297,3.09941,-3.48193,2.6903,-4.09112,-8.58039
11298,3.08445,-3.8502,2.6903,-3.94155,-1.83052
11299,3.0601,-4.29875,2.6903,-3.69803,6.12788
11300,3.04217,-4.56578,2.6903,-3.51875,13.2105
11301,3.01322,-4.92706,2.6903,-3.22921,22.3236
11302,2.99213,-5.3058,2.6903,-3.01829,29.9958
11303,2.95905,-5.68454,2.6903,-2.68752,39.0182
11304,2.93508,-5.96379,2.6903,-2.44784,46.8288
11305,2.89711,-6.36871,2.6903,-2.06818,56.7638
11306,2.87075,-6.76141,2.6903,-1.80453,64.9692
11307,2.82885,-7.06335,2.6903,-1.38556,75.3183
11308,2.79923,-7.58346,2.6903,-1.08931,83.5873
11309,2.75465,-7.02146,2.6903,-0.643495,94.0638
11310,2.72675,-6.76141,2.6903,-0.364502,99.8511
11311,2.69003,-6.73697,2.6903,0.00269484,102.201
11312,2.65906,-7.8854,2.6903,0.312367,98.6238
11313,2.61822,-6.71603,2.6903,0.72079,98.103
11314,2.59195,-6.28144,2.6903,0.983484,95.5907
11315,2.55657,-5.87129,2.6903,1.33726,94.0963
11316,2.53462,-5.22552,2.6903,1.55681,91.397
11317,2.50413,-4.97419,2.6903,1.86169,89.1285
11318,2.48572,-4.45932,2.6903,2.04577,85.5526
11319,2.4606,-4.00204,2.6903,2.29695,82.8908
11320,2.44564,-3.61632,2.6903,2.44652,79.2678
11321,2.42561,-3.03862,2.6903,2.64689,76.0285
11322,2.41401,-2.79253,2.6903,2.7629,71.4985
11323,2.39953,-2.18166,2.6903,2.90767,67.7717
11324,2.39148,-1.92859,2.6903,2.9882,62.7252
11325,2.38189,-1.41023,2.6903,3.08408,58.0719
11326,2.37757,-0.991347,2.6903,3.12722,53.0517
11327,2.37374,-0.338594,2.6903,3.16557,47.7337
11328,2.37268,-0.202458,2.6903,3.17612,42.0266
11329,2.37326,0.274017,2.6903,3.17037,36.1907
11330,2.37585,0.804597,2.6903,3.14448,30.647
11331,2.38179,1.26187,2.6903,3.08504,24.6532
11332,2.38745,1.35787,2.6903,3.02847,18.9046
11333,2.39819,1.96,2.6903,2.92109,12.6616
11334,2.40691,2.27242,2.6903,2.83385,6.22325
11335,2.42264,2.77682,2.6903,2.67662,-0.446295
11336,2.43395,2.95135,2.6903,2.56348,-6.80096
11337,2.45293,3.2306,2.6903,2.37365,-13.6075
11338,2.46645,3.40165,2.6903,2.23847,-18.5153
11339,2.48773,3.58316,2.6903,2.02563,-23.8166
11340,2.50346,3.72104,2.6903,1.8684,-27.2593
11341,2.52503,3.62679,2.6903,1.65268,-30.5345
11342,2.53941,3.56047,2.6903,1.50887,-32.1825
11343,2.55935,3.26202,2.6903,1.30945,-34.124
11344,2.57325,3.45924,2.6903,1.17044,-34.7956
11345,2.59367,3.3266,2.6903,0.966227,-34.2097
11346,2.60633,3.10843,2.6903,0.839673,-32.5866
11347,2.62368,2.70177,2.6903,0.666142,-30.8263
11348,2.63432,2.60229,2.6903,0.559722,-27.0995
11349,2.64832,2.11359,2.6903,0.419746,-24.4737
11350,2.65628,1.85703,2.6903,0.340171,-20.5226
11351,2.66596,1.52542,2.6903,0.243338,-17.1144
11352,2.67085,1.24267,2.6903,0.194442,-12.5013
11353,2.6766,0.853466,2.6903,0.136918,-8.80365
11354,2.67939,0.525344,2.6903,0.109115,-4.8858
11355,2.6814,0.204204,2.6903,0.0889813,-1.06212
11356,2.68178,0.0471239,2.6903,0.0851463,2.39683
11357,2.68121,-0.198968,2.6903,0.0908987,5.4361
11358,2.67996,-0.31765,2.6903,0.103362,7.93289
11359,2.67728,-0.497419,2.6903,0.130207,9.84432
11360,2.67488,-0.612611,2.6903,0.154175,11.2445
11361,2.67124,-0.621337,2.6903,0.190607,12.3829
11362,2.66874,-0.657989,2.6903,0.215535,13.5517
11363,2.66481,-0.628319,2.6903,0.254843,13.8965
11364,2.66251,-0.514872,2.6903,0.277853,13.8771
11365,2.65992,-0.493928,2.6903,0.303739,14.2414
11366,2.65695,-0.767945,2.6903,0.333459,13.9214
11367,2.65388,-0.563741,2.6903,0.364139,13.5032
11368,2.65206,-0.436332,2.6903,0.382355,12.5213
11369,2.64947,-0.385718,2.6903,0.408241,11.1821
11370,2.64823,-0.272271,2.6903,0.420705,9.55763
11371,2.64698,-0.150098,2.6903,0.433168,7.89161
11372,2.6466,-0.0558505,2.6903,0.437003,6.52888
11373,2.64669,0.0488692,2.6903,0.436044,4.78531
11374,2.64698,0.13439,2.6903,0.433168,3.45997
11375,2.64823,0.249582,2.6903,0.420705,2.02385
11376,2.64947,0.310669,2.6903,0.408241,0.643125
11377,2.65158,0.390954,2.6903,0.387149,-0.475948
11378,2.65321,0.410152,2.6903,0.37085,-1.35887
11379,2.6557,0.460767,2.6903,0.345923,-2.22238
11380,2.65772,0.485202,2.6903,0.32579,-2.43417
11381,2.66088,0.541052,2.6903,0.294151,-3.39503
11382,2.66289,0.506145,2.6903,0.274018,-4.00374
11383,2.66587,0.486947,2.6903,0.244297,-4.46365
11384,2.66778,0.481711,2.6903,0.225122,-4.77477
11385,2.67047,0.420624,2.6903,0.198277,-4.57829
11386,2.672,0.366519,2.6903,0.182938,-4.85397
11387,2.6745,0.523599,2.6903,0.15801,-4.90105
11388,2.67689,0.539307,2.6903,0.134042,-5.12955
11389,2.67929,0.446804,2.6903,0.110073,-4.65175
11390,2.68073,0.34383,2.6903,0.0956924,-4.65867
11391,2.68293,0.357792,2.6903,0.0736415,-3.78203
11392,2.68427,0.312414,2.6903,0.0602191,-3.44411
11393,2.686,0.23911,2.6903,0.0429618,-2.65749
11394,2.68686,0.185005,2.6903,0.0343332,-2.10492
11395,2.68782,0.132645,2.6903,0.0247458,-1.30168
11396,2.68821,0.0959931,2.6903,0.0209109,-0.714486
11397,2.68868,0.0401426,2.6903,0.0161172,-0.278245
11398,2.68878,0.0261799,2.6903,0.0151584,0.209243
11399,2.68878,-0.0174533,2.6903,0.0151584,0.712599
11400,2.68868,-0.0244346,2.6903,0.0161172,1.12074
11401,2.6884,-0.0488692,2.6903,0.0189934,1.43074
11402,2.68821,-0.0593412,2.6903,0.0209109,1.46691
11403,2.68782,-0.0541052,2.6903,0.0247458,1.50034
11404,2.68763,-0.0488692,2.6903,0.0266633,1.71678
11405,2.68744,-0.015708,2.6903,0.0285808,1.6428
11406,2.68734,-0.00698132,2.6903,0.0295395,1.54204
11407,2.68725,-0.020944,2.6903,0.0304982,1.57985
11408,2.68725,-0.0191986,2.6903,0.0304982,1.27209
11409,2.68705,-0.0296706,2.6903,0.0324157,1.27922
11410,2.68696,-0.0401426,2.6903,0.0333745,0.94078
11411,2.68667,-0.0279253,2.6903,0.0362507,1.30456
11412,2.68658,-0.0174533,2.6903,0.0372094,0.923519
11413,2.68648,0,2.6903,0.0381682,0.761901
11414,2.68648,0,2.6903,0.0381682,0.614509
11415,2.68648,0,2.6903,0.0381682,0.410146
11416,2.68648,0.015708,2.6903,0.0381682,0.217586
11417,2.68658,0.0174533,2.6903,0.0372094,0.136716
11418,2.68667,0.0226893,2.6903,0.0362507,-0.055528
11419,2.68686,0.020944,2.6903,0.0343332,-0.067447
11420,2.68696,0.0174533,2.6903,0.0333745,0.00212674
11421,2.68705,0.0226893,2.6903,0.0324157,0.0866018
11422,2.68715,0.015708,2.6903,0.031457,-0.0787437
11423,2.68725,0.0139626,2.6903,0.0304982,0.117634
11424,2.68734,0.0139626,2.6903,0.0295395,0.147643
11425,2.68744,0,2.6903,0.0285808,0.343847
11426,2.68744,0.0122173,2.6903,0.0285808,0.359254
11427,2.68744,0,2.6903,0.0285808,0.735648
11428,2.68744,0,2.6903,0.0285808,0.323594
11429,2.68744,0,2.6903,0.0285808,0.229787
11430,2.68744,0,2.6903,0.0285808,0.550466
11431,2.68744,0.00872665,2.6903,0.0285808,0.622781
11432,2.68753,0,2.6903,0.027622,0.669238
11433,2.68753,0.0174533,2.6903,0.027622,0.104857
11434,2.68753,0.00523599,2.6903,0.027622,0.190265
11435,2.68763,0,2.6903,0.0266633,0.17995
11436,2.68763,0.00698132,2.6903,0.0266633,0.582593
11437,2.68773,0.0174533,2.6903,0.0257046,0.253211
11438,2.68773,0.0174533,2.6903,0.0257046,0.642378
11439,2.68782,0.0174533,2.6903,0.0247458,0.368636
11440,2.68782,0.010472,2.6903,0.0247458,0.328669
11441,2.68792,0.0174533,2.6903,0.0237871,0.359617
11442,2.68792,0.015708,2.6903,0.0237871,0.305003
11443,2.68801,0.00174533,2.6903,0.0228283,0.0584517
11444,2.68801,0,2.6903,0.0228283,0.184224
11445,2.68811,0.00174533,2.6903,0.0218696,0.103614
11446,2.68811,0.0139626,2.6903,0.0218696,0.478932
11447,2.68821,0.0174533,2.6903,0.0209109,0.343044
11448,2.68821,0,2.6903,0.0209109,0.150259
11449,2.6883,0,2.6903,0.0199521,0.234738
11450,2.6883,0.0174533,2.6903,0.0199521,-0.0150005
11451,2.6884,0.00698132,2.6903,0.0189934,0.277449
11452,2.6884,0.0191986,2.6903,0.0189934,-0.0547029
11453,2.68849,0.0174533,2.6903,0.0180347,0.195846
11454,2.68859,0.0174533,2.6903,0.0170759,0.0586857
11455,2.68859,0.0174533,2.6903,0.0170759,-0.20427
11456,2.68868,0.010472,2.6903,0.0161172,-0.00900049
11457,2.68878,0.0191986,2.6903,0.0151584,0.241664
11458,2.68878,0.0174533,2.6903,0.0151584,0.338152
11459,2.68888,0.00698132,2.6903,0.0141997,0.353518
11460,2.68897,0.0174533,2.6903,0.013241,0.133141
11461,2.68897,0.0174533,2.6903,0.013241,0.13291
11462,2.68907,0.0122173,2.6903,0.0122822,0.0372352
11463,2.68916,0.0174533,2.6903,0.0113235,-0.0307166
11464,2.68916,0.0174533,2.6903,0.0113235,0.0102578
11465,2.68926,0.00872665,2.6903,0.0103647,0.0111605
11466,2.68926,0.00174533,2.6903,0.0103647,0.0101302
11467,2.68936,0,2.6903,0.00940601,0.0106004
11468,2.68945,0.0139626,2.6903,0.00844727,0.108272
11469,2.68945,0.0174533,2.6903,0.00844727,0.0388289
11470,2.68955,0.0139626,2.6903,0.00748853,-0.0150375
11471,2.68955,0.0139626,2.6903,0.00748853,0.0262991
11472,2.68964,0.015708,2.6903,0.0065298,0.290243
11473,2.68964,0.00872665,2.6903,0.0065298,-0.125231
11474,2.68964,0.00523599,2.6903,0.0065298,0.0129097
11475,2.68974,0.0139626,2.6903,0.00557106,0.152231
11476,2.68974,0.0139626,2.6903,0.00557106,0.110218
11477,2.68984,0.010472,2.6903,0.00461232,0.236183
11478,2.68984,0,2.6903,0.00461232,-0.150954
11479,2.68984,0,2.6903,0.00461232,0.0562816
11480,2.68993,0.0174533,2.6903,0.00365358,0.181833
11481,2.68993,0.015708,2.6903,0.00365358,-0.0809304
11482,2.68993,0,2.6903,0.00365358,0.0431798
11483,2.68993,0,2.6903,0.00365358,0.126447
11484,2.68993,0,2.6903,0.00365358,0.0708625
11485,2.68993,0.0174533,2.6903,0.00365358,0.361777
11486,2.68993,0,2.6903,0.00365358,0.432218
11487,2.68993,0,2.6903,0.00365358,-0.120818
11488,2.69003,0,2.6903,0.00269484,-0.0921298
11489,2.69003,0,2.6903,0.00269484,-0.00910805
11490,2.69003,0.00349066,2.6903,0.00269484,0.267776
11491,2.69003,0,2.6903,0.00269484,0.184569
11492,2.69003,0,2.6903,0.00269484,0.143143
11493,2.69003,0.0139626,2.6903,0.00269484,0.115502
11494,2.69003,0,2.6903,0.00269484,-0.0509265
11495,2.69003,0,2.6903,0.00269484,0.100828
11496,2.69012,0.00349066,2.6903,0.00173611,0.213638
11497,2.69012,0.00872665,2.6903,0.00173611,0.102126
11498,2.69012,0,2.6903,0.00173611,0.407784
11499,2.69012,0.00872665,2.6903,0.00173611,-0.00740141
11500,2.69012,0,2.6903,0.00173611,0.173127
11501,2.69012,0,2.6903,0.00173611,0.0623606
11502,2.69012,0,2.6903,0.00173611,-0.103716
11503,2.69012,0,2.6903,0.00173611,0.311732
11504,2.69012,0,2.6903,0.00173611,0.228833
11505,2.69012,0,2.6903,0.00173611,-0.131021
11506,2.69012,0,2.6903,0.00173611,-0.0907281
11507,2.69012,0,2.6903,0.00173611,0.00564182
11508,2.69012,0,2.6903,0.00173611,0.296279
11509,2.69012,0,2.6903,0.00173611,0.29641
11510,2.69012,0,2.6903,0.00173611,-0.0487427
11511,2.69012,0,2.6903,0.00173611,-0.049954
11512,2.69022,0,2.6903,0.000777369,0.145534
11513,2.69022,0,2.6903,0.000777369,0.172883
11514,2.69022,0,2.6903,0.000777369,0.172684
11515,2.69022,0,2.6903,0.000777369,0.159573
11516,2.69022,0,2.6903,0.000777369,0.256657
11517,2.69022,0.00872665,2.6903,0.000777369,0.213782
11518,2.69022,0,2.6903,0.000777369,0.283786
11519,2.69022,0,2.6903,0.000777369,0.145588
11520,2.69022,0,2.6903,0.000777369,0.145367
11521,2.69022,0,2.6903,0.000777369,0.214604
11522,2.69022,0,2.6903,0.000777369,0.159073
11523,2.69022,0,2.6903,0.000777369,0.26958
11524,2.69022,0,2.6903,0.000777369,0.172588
11525,2.69022,0,2.6903,0.000777369,-0.174174
11526,2.69022,0,2.6903,0.000777369,0.351521
11527,2.69022,0,2.6903,0.000777369,-0.0633343
11528,2.69022,0,2.6903,0.000777369,-0.147095
11529,2.69022,0,2.6903,0.000777369,-0.120044
11530,2.69022,0,2.6903,0.000777369,0.0455806
11531,2.69031,0.00698132,2.6903,-0.000181369,-0.188366
11532,2.69031,0,2.6903,-0.000181369,-0.105951
11533,2.69031,0,2.6903,-0.000181369,0.433774
11534,2.69031,0,2.6903,-0.000181369,0.0329485
11535,2.69031,0,2.6903,-0.000181369,0.392788
11536,2.69031,0,2.6903,-0.000181369,0.0889469
11537,2.69031,0,2.6903,-0.000181369,0.130134
11538,2.69031,0,2.6903,-0.000181369,-0.133076
11539,2.69031,0,2.6903,-0.000181369,0.129331
11540,2.69031,0,2.6903,-0.000181369,0.0597278
11541,2.69031,0,2.6903,-0.000181369,0.0596884
11542,2.69031,0,2.6903,-0.000181369,-0.0648204
11543,2.69031,0,2.6903,-0.000181369,0.074204
11544,2.69031,0,2.6903,-0.000181369,0.12907
11545,2.69031,0,2.6903,-0.000181369,-0.217383
11546,2.69031,0,2.6903,-0.000181369,-0.107334
11547,2.69031,0,2.6903,-0.000181369,-0.0386195
11548,2.69031,0,2.6903,-0.000181369,0.223958
11549,2.69031,0,2.6903,-0.000181369,0.0160578
11550,2.69031,0,2.6903,-0.000181369,0.320075
11551,2.69031,0,2.6903,-0.000181369,-0.067242
11552,2.69031,0,2.6903,-0.000181369,0.111688
11553,2.69031,0,2.6903,-0.000181369,0.387667
11554,2.69031,0,2.6903,-0.000181369,0.220866
11555,2.69031,0,2.6903,-0.000181369,0.109951
11556,2.69031,0,2.6903,-0.000181369,0.0270526
11557,2.69031,0,2.6903,-0.000181369,0.262678
11558,2.69031,0,2.6903,-0.000181369,0.0976455
11559,2.69031,0,2.6903,-0.000181369,0.166978
11560,2.69031,0,2.6903,-0.000181369,0.0841226
11561,2.69031,0,2.6903,-0.000181369,-0.0676791
11562,2.69031,0,2.6903,-0.000181369,-0.0131966
11563,2.69031,0,2.6903,-0.000181369,-0.0268506
11564,2.69031,-0.00872665,2.6903,-0.000181369,0.208051
11565,2.69031,0,2.6903,-0.000181369,0.124087
11566,2.69031,0,2.6903,-0.000181369,0.387069
11567,2.69031,0,2.6903,-0.000181369,0.0682718
11568,2.69031,0,2.6903,-0.000181369,0.27588
11569,2.69031,0,2.6903,-0.000181369,0.0960398
11570,2.69031,0,2.6903,-0.000181369,-0.0285542
11571,2.69031,0,2.6903,-0.000181369,0.0271001
11572,2.69031,0,2.6903,-0.000181369,-0.084135
11573,2.69031,0,2.6903,-0.000181369,0.164168
11574,2.69031,0,2.6903,-0.000181369,-0.168308
11575,2.69031,0,2.6903,-0.000181369,0.233205
11576,2.69031,0,2.6903,-0.000181369,0.205319
11577,2.69031,0,2.6903,-0.000181369,0.0536876
11578,2.69031,0,2.6903,-0.000181369,0.317096
11579,2.69031,0,2.6903,-0.000181369,0.137725
11580,2.69031,0,2.6903,-0.000181369,0.221013
11581,2.69031,0,2.6903,-0.000181369,0.331487
11582,2.69031,0,2.6903,-0.000181369,0.290072
11583,2.69031,0,2.6903,-0.000181369,0.22049
11584,2.69031,0,2.6903,-0.000181369,0.192326
11585,2.69031,0,2.6903,-0.000181369,0.0541604
11586,2.69031,0,2.6903,-0.000181369,0.0127235
11587,2.69031,0,2.6903,-0.000181369,0.164318
11588,2.69031,0,2.6903,-0.000181369,0.247053
11589,2.69031,0,2.6903,-0.000181369,0.274519
11590,2.69031,0,2.6903,-0.000181369,0.261334
11591,2.69031,0,2.6903,-0.000181369,0.178287
11592,2.69031,0,2.6903,-0.000181369,-0.125682
11593,2.69031,0,2.6903,-0.000181369,0.0672676
11594,2.69031,0,2.6903,-0.000181369,-0.0572624
11595,2.69031,0,2.6903,-0.000181369,-0.0570462
11596,2.69031,0,2.6903,-0.000181369,0.109058
11597,2.69022,0,2.6903,0.000777369,-0.141523
11598,2.69022,0,2.6903,0.000777369,-0.0446306
11599,2.69022,0,2.6903,0.000777369,0.121527
11600,2.69022,0,2.6903,0.000777369,0.218121
11601,2.69022,0,2.6903,0.000777369,-0.308485
11602,2.69022,0,2.6903,0.000777369,-0.0876347
11603,2.69022,0,2.6903,0.000777369,0.13281
11604,2.69022,0,2.6903,0.000777369,0.0494115
11605,2.69022,0,2.6903,0.000777369,0.0210671
11606,2.69022,0,2.6903,0.000777369,0.0757733
11607,2.69022,0,2.6903,0.000777369,0.14533
11608,2.69022,0,2.6903,0.000777369,0.200355
11609,2.69022,0,2.6903,0.000777369,0.0899192
11610,2.69022,0,2.6903,0.000777369,0.131565
11611,2.69022,0,2.6903,0.000777369,-0.117509
11612,2.69022,0,2.6903,0.000777369,0.146038
11613,2.69022,0,2.6903,0.000777369,0.118375
11614,2.69022,0,2.6903,0.000777369,0.201418
11615,2.69022,0,2.6903,0.000777369,0.159779
11616,2.69022,0,2.6903,0.000777369,0.16073
11617,2.69022,0,2.6903,0.000777369,0.187781
11618,2.69022,0,2.6903,0.000777369,0.131718
11619,2.69022,0,2.6903,0.000777369,-0.104125
11620,2.69022,0,2.6903,0.000777369,-0.076456
11621,2.69022,0,2.6903,0.000777369,-0.215293
11622,2.69022,0,2.6903,0.000777369,0.0605049
11623,2.69022,0,2.6903,0.000777369,0.170543
11624,2.69022,0,2.6903,0.000777369,0.337361
11625,2.69022,0,2.6903,0.000777369,-0.0497331
11626,2.69022,0,2.6903,0.000777369,0.0754744
11627,2.69022,0,2.6903,0.000777369,0.033622
11628,2.69022,0,2.6903,0.000777369,0.0192969
11629,2.69022,0,2.6903,0.000777369,-0.00800345
11630,2.69022,0,2.6903,0.000777369,0.047278
11631,2.69022,0,2.6903,0.000777369,-0.16091
11632,2.69022,0,2.6903,0.000777369,0.0882343
11633,2.69022,0,2.6903,0.000777369,-0.00801209
11634,2.69022,0,2.6903,0.000777369,0.075244
11635,2.69022,0,2.6903,0.000777369,0.2267
11636,2.69022,0,2.6903,0.000777369,-0.0649001
11637,2.69022,0,2.6903,0.000777369,0.184308
11638,2.69022,0,2.6903,0.000777369,0.129374
11639,2.69022,0,2.6903,0.000777369,0.102137
11640,2.69022,0,2.6903,0.000777369,0.114764
11641,2.69022,0,2.6903,0.000777369,-0.0509395
11642,2.69022,0,2.6903,0.000777369,0.101177
11643,2.69022,0,2.6903,0.000777369,-0.27309
11644,2.69022,0,2.6903,0.000777369,0.0595945
11645,2.69022,0,2.6903,0.000777369,0.0313993
11646,2.69022,0,2.6903,0.000777369,-0.0244511
11647,2.69022,0,2.6903,0.000777369,0.211015
11648,2.69022,0,2.6903,0.000777369,0.224025
11649,2.69022,0,2.6903,0.000777369,0.265607
11650,2.69022,0,2.6903,0.000777369,0.224095
11651,2.69022,0,2.6903,0.000777369,-0.150407
11652,2.69022,0,2.6903,0.000777369,0.0431291
11653,2.69022,0,2.6903,0.000777369,0.138657
11654,2.69022,0,2.6903,0.000777369,-0.123988
11655,2.69022,0,2.6903,0.000777369,-0.0408388
11656,2.69022,0,2.6903,0.000777369,-0.0824355
11657,2.69022,0,2.6903,0.000777369,0.249461
11658,2.69022,0,2.6903,0.000777369,0.0839915
11659,2.69022,0,2.6903,0.000777369,-0.33129
11660,2.69022,0,2.6903,0.000777369,-0.0822737
11661,2.69022,0,2.6903,0.000777369,-0.0550735
11662,2.69022,0,2.6903,0.000777369,-0.165787
11663,2.69022,0,2.6903,0.000777369,0.0141771
11664,2.69022,0,2.6903,0.000777369,-0.0417797
11665,2.69022,0,2.6903,0.000777369,0.068961
11666,2.69022,0,2.6903,0.000777369,-0.000269433
11667,2.69022,0,2.6903,0.000777369,0.124427
11668,2.69022,0,2.6903,0.000777369,0.416204
11669,2.69022,0,2.6903,0.000777369,0.249584
11670,2.69022,0,2.6903,0.000777369,0.319311
11671,2.69022,0,2.6903,0.000777369,0.167584
11672,2.69022,0,2.6903,0.000777369,0.195487
11673,2.69022,0,2.6903,0.000777369,0.195011
11674,2.69022,0,2.6903,0.000777369,-0.054276
11675,2.69022,0,2.6903,0.000777369,-0.0819599
11676,2.69022,0,2.6903,0.000777369,0.194264
11677,2.69022,0,2.6903,0.000777369,0.0835297
11678,2.69022,0,2.6903,0.000777369,0.0560802
11679,2.69022,0,2.6903,0.000777369,0.346643
11680,2.69022,0,2.6903,0.000777369,0.00141545
11681,2.69022,0,2.6903,0.000777369,0.0708653
11682,2.69022,0,2.6903,0.000777369,0.140187
11683,2.69022,0,2.6903,0.000777369,-0.149943
11684,2.69022,0,2.6903,0.000777369,0.15481
11685,2.69022,0,2.6903,0.000777369,-0.0665879
11686,2.69022,0,2.6903,0.000777369,0.0583639
11687,2.69022,0,3.1903,5.00078,65.1139
11688,2.69147,0.867429,3.1903,4.98831,64.8234
11689,2.69904,-0.0593412,3.1903,4.91257,59.8503
11690,2.70029,0.863938,3.1903,4.90011,54.0518
11691,2.70671,0.884882,3.1903,4.83587,48.6328
11692,2.71246,1.76976,3.1903,4.77835,43.0656
11693,2.72282,1.74707,3.1903,4.67481,36.54
11694,2.73202,2.47837,3.1903,4.58277,30.441
11695,2.74688,2.62323,3.1903,4.43416,23.8283
11696,2.75819,2.96182,3.1903,4.32103,17.0534
11697,2.77794,3.44353,3.1903,4.12353,10.1097
11698,2.79261,3.8502,3.1903,3.97685,3.27258
11699,2.8162,4.09454,3.1903,3.741,-4.7314
11700,2.83307,4.1853,3.1903,3.57226,-11.4708
11701,2.85963,4.4087,3.1903,3.30669,-18.8835
11702,2.87804,4.73333,3.1903,3.12261,-23.9587
11703,2.90632,4.86772,3.1903,2.83978,-29.0203
11704,2.9253,4.70541,3.1903,2.64995,-32.2636
11705,2.9532,4.66352,3.1903,2.37096,-35.5582
11706,2.97142,4.43663,3.1903,2.1888,-37.123
11707,2.99864,4.52215,3.1903,1.91652,-39.0562
11708,3.01629,4.28653,3.1903,1.74011,-37.735
11709,3.04121,4.0544,3.1903,1.49084,-36.5854
11710,3.05684,3.84322,3.1903,1.33456,-34.0469
11711,3.07764,3.26377,3.1903,1.12652,-30.9903
11712,3.09049,2.95135,3.1903,0.998046,-27.3979
11713,3.10689,2.52898,3.1903,0.834102,-23.6018
11714,3.1158,2.20086,3.1903,0.744939,-19.0829
11715,3.12731,1.6249,3.1903,0.629891,-15.0806
11716,3.13344,1.41197,3.1903,0.568532,-10.3664
11717,3.14006,0.853466,3.1903,0.502379,-5.86686
11718,3.14361,0.780162,3.1903,0.466905,-1.88253
11719,3.14648,0.361283,3.1903,0.438143,2.16454
11720,3.14725,0.165806,3.1903,0.430473,5.91462
11721,3.14725,-0.0767945,3.1903,0.430473,9.05874
11722,3.14639,-0.293215,3.1903,0.439102,11.6725
11723,3.14409,-0.441568,3.1903,0.462112,13.9598
11724,3.14226,-0.471239,3.1903,0.480328,15.346
11725,3.1391,-0.525344,3.1903,0.511966,16.2836
11726,3.13699,-0.537561,3.1903,0.533058,16.5855
11727,3.13411,-0.387463,3.1903,0.56182,16.9594
11728,3.13287,-0.321141,3.1903,0.574284,17.1491
11729,3.1297,-0.37001,3.1903,0.605922,16.5356
11730,3.12769,-0.490438,3.1903,0.626056,15.634
11731,3.12539,-0.359538,3.1903,0.649066,14.6037
11732,3.12424,-0.256563,3.1903,0.66057,13.2437
11733,3.12318,-0.122173,3.1903,0.671117,11.3589
11734,3.1228,-0.0366519,3.1903,0.674952,9.28984
11735,3.12299,0.0750492,3.1903,0.673034,7.36761
11736,3.12366,0.191986,3.1903,0.666323,5.61851
11737,3.1252,0.303687,3.1903,0.650983,4.00651
11738,3.12673,0.39968,3.1903,0.635643,2.74073
11739,3.12951,0.509636,3.1903,0.60784,1.29907
11740,3.13172,0.581195,3.1903,0.585789,-0.0403427
11741,3.13526,0.642281,3.1903,0.550316,-1.37946
11742,3.13776,0.621337,3.1903,0.525388,-2.67414
11743,3.14178,0.631809,3.1903,0.485121,-3.34582
11744,3.14466,0.729548,3.1903,0.456359,-4.37231
11745,3.14897,0.71733,3.1903,0.413216,-4.87141
11746,3.15176,0.699877,3.1903,0.385413,-5.07722
11747,3.15569,0.637045,3.1903,0.346104,-5.55948
11748,3.15827,0.649262,3.1903,0.320218,-5.86679
11749,3.16211,0.603884,3.1903,0.281869,-6.11606
11750,3.16431,0.534071,3.1903,0.259818,-6.0565
11751,3.16777,0.528835,3.1903,0.225303,-5.90969
11752,3.16997,0.591667,3.1903,0.203252,-5.49006
11753,3.17333,0.534071,3.1903,0.169697,-4.98456
11754,3.17515,0.455531,3.1903,0.151481,-4.50123
11755,3.17774,0.39968,3.1903,0.125595,-3.72984
11756,3.17918,0.340339,3.1903,0.111214,-2.98892
11757,3.1809,0.242601,3.1903,0.0939563,-2.41003
11758,3.18186,0.225147,3.1903,0.0843689,-1.68988
11759,3.18282,0.153589,3.1903,0.0747816,-0.845098
11760,3.18339,0.115192,3.1903,0.0690291,-0.00585514
11761,3.18378,0.0575959,3.1903,0.0651942,0.40305
11762,3.18397,0.0244346,3.1903,0.0632767,0.895205
11763,3.18397,0,3.1903,0.0632767,1.61093
11764,3.18387,-0.0174533,3.1903,0.0642354,1.65022
11765,3.18368,-0.0331613,3.1903,0.0661529,2.10444
11766,3.18349,-0.0506145,3.1903,0.0680704,1.96459
11767,3.1832,-0.0558505,3.1903,0.0709466,2.19793
11768,3.18301,-0.0349066,3.1903,0.0728641,2.16979
11769,3.18291,0,3.1903,0.0738228,2.24014
11770,3.18291,0,3.1903,0.0738228,2.04914
11771,3.18282,-0.00698132,3.1903,0.0747816,2.077
11772,3.18272,-0.0401426,3.1903,0.0757403,2.06366
11773,3.18243,-0.0610865,3.1903,0.0786165,2.04731
11774,3.18215,-0.0593412,3.1903,0.0814927,2.11345
11775,3.18205,-0.0174533,3.1903,0.0824515,1.66912
11776,3.18196,-0.0174533,3.1903,0.0834102,1.51671
11777,3.18186,-0.015708,3.1903,0.0843689,1.09985
11778,3.18186,0,3.1903,0.0843689,0.850575
11779,3.18196,0.020944,3.1903,0.0834102,0.9766
11780,3.18205,0.0296706,3.1903,0.0824515,0.54867
11781,3.18234,0.0488692,3.1903,0.0795753,0.815955
11782,3.18253,0.0506145,3.1903,0.0776578,0.430957
11783,3.18282,0.0593412,3.1903,0.0747816,0.324322
11784,3.18311,0.0593412,3.1903,0.0719053,0.17614
11785,3.18349,0.0610865,3.1903,0.0680704,0.043052
11786,3.18368,0.0575959,3.1903,0.0661529,0.129037
11787,3.18416,0.0645772,3.1903,0.0613592,-0.224676
11788,3.18435,0.0628319,3.1903,0.0594418,0.01168
11789,3.18474,0.0628319,3.1903,0.0556068,-0.246636
11790,3.18502,0.0628319,3.1903,0.0527306,0.0466731
11791,3.18541,0.0645772,3.1903,0.0488956,0.0925269
11792,3.1856,0.0610865,3.1903,0.0469782,0.0523211
11793,3.18598,0.0558505,3.1903,0.0431432,-0.0544394
11794,3.18617,0.0523599,3.1903,0.0412257,-0.219306
11795,3.18646,0.0506145,3.1903,0.0383495,-0.133675
11796,3.18665,0.0401426,3.1903,0.036432,-0.159914
11797,3.18694,0.0366519,3.1903,0.0335558,-0.170681
11798,3.18704,0.0383972,3.1903,0.0325971,0.0239019
11799,3.18732,0.0366519,3.1903,0.0297209,0.013284
11800,3.18742,0.0279253,3.1903,0.0287621,0.0147672
11801,3.18761,0.0174533,3.1903,0.0268447,0.335644
11802,3.18771,0.0279253,3.1903,0.0258859,0.171676
11803,3.1878,0.0174533,3.1903,0.0249272,0.22851
11804,3.1878,0.0174533,3.1903,0.0249272,0.39655
11805,3.1879,0.015708,3.1903,0.0239684,0.2756
11806,3.1879,0.015708,3.1903,0.0239684,0.637769
11807,3.1879,0.00174533,3.1903,0.0239684,0.432476
11808,3.188,0,3.1903,0.0230097,0.380762
11809,3.188,0,3.1903,0.0230097,0.53572
11810,3.188,0,3.1903,0.0230097,0.496068
11811,3.188,0.0122173,3.1903,0.0230097,0.343731
11812,3.188,0,3.1903,0.0230097,0.316033
11813,3.188,0,3.1903,0.0230097,0.232889
11814,3.188,0.00872665,3.1903,0.0230097,0.205242
11815,3.18809,0.0139626,3.1903,0.022051,0.345116
11816,3.18809,0,3.1903,0.022051,0.0819877
11817,3.18809,0,3.1903,0.022051,0.248174
11818,3.18819,0.0174533,3.1903,0.0210922,0.0833474
11819,3.18819,0,3.1903,0.0210922,0.318804
11820,3.18819,0,3.1903,0.0210922,0.512688
11821,3.18828,0,3.1903,0.0201335,0.320144
11822,3.18838,0.0174533,3.1903,0.0191748,0.321574
11823,3.18838,0,3.1903,0.0191748,0.141539
11824,3.18847,0.0174533,3.1903,0.018216,0.54433
11825,3.18847,0.0122173,3.1903,0.018216,0.447599
11826,3.18857,0.015708,3.1903,0.0172573,0.351708
11827,3.18867,0.0174533,3.1903,0.0162985,0.00720617
11828,3.18867,0.0174533,3.1903,0.0162985,0.381125
11829,3.18876,0.0122173,3.1903,0.0153398,0.174605
11830,3.18876,0.015708,3.1903,0.0153398,0.0639869
11831,3.18886,0.0139626,3.1903,0.0143811,0.162216
11832,3.18886,0.0122173,3.1903,0.0143811,0.120661
11833,3.18886,0,3.1903,0.0143811,0.189895
11834,3.18895,0.010472,3.1903,0.0134223,0.39913
11835,3.18895,0,3.1903,0.0134223,-0.0579974
11836,3.18905,0.00349066,3.1903,0.0124636,0.31733
11837,3.18905,0,3.1903,0.0124636,0.17868
11838,3.18905,0.015708,3.1903,0.0124636,0.178934
11839,3.18915,0.00698132,3.1903,0.0115049,0.0279046
11840,3.18915,0,3.1903,0.0115049,0.124676
11841,3.18915,0,3.1903,0.0115049,0.304822
11842,3.18924,0.00523599,3.1903,0.0105461,0.236901
11843,3.18924,0,3.1903,0.0105461,0.140158
11844,3.18924,0.0174533,3.1903,0.0105461,0.00146861
11845,3.18934,0.00523599,3.1903,0.00958738,0.113485
11846,3.18934,0.00523599,3.1903,0.00958738,0.376973
11847,3.18934,0.0174533,3.1903,0.00958738,0.127119
11848,3.18943,0.00349066,3.1903,0.00862864,-0.0928797
11849,3.18943,0.00523599,3.1903,0.00862864,-0.106351
11850,3.18953,0.0139626,3.1903,0.0076699,-0.160528
11851,3.18953,0.0174533,3.1903,0.0076699,0.0332071
11852,3.18953,0,3.1903,0.0076699,-0.00806256
11853,3.18963,0,3.1903,0.00671117,0.131654
11854,3.18963,0.010472,3.1903,0.00671117,-0.00714387
11855,3.18963,0.00872665,3.1903,0.00671117,0.255505
11856,3.18963,0,3.1903,0.00671117,0.200468
11857,3.18972,0,3.1903,0.00575243,-0.241168
11858,3.18972,0,3.1903,0.00575243,0.00706756
11859,3.18972,0,3.1903,0.00575243,-0.104682
11860,3.18972,0,3.1903,0.00575243,0.033636
11861,3.18972,0,3.1903,0.00575243,-0.0770483
11862,3.18982,0.00698132,3.1903,0.00479369,0.146202
11863,3.18982,0.0139626,3.1903,0.00479369,0.132215
11864,3.18982,0,3.1903,0.00479369,0.0905935
11865,3.18991,0,3.1903,0.00383495,-0.101907
11866,3.18991,0.00872665,3.1903,0.00383495,0.355467
11867,3.18991,0.015708,3.1903,0.00383495,0.107168
11868,3.18991,0,3.1903,0.00383495,-0.224992
11869,3.19001,0,3.1903,0.00287621,0.204971
11870,3.19001,0.0174533,3.1903,0.00287621,-0.00260223
11871,3.19001,0.0174533,3.1903,0.00287621,0.163382
11872,3.19001,0,3.1903,0.00287621,0.024712
11873,3.1901,0.0174533,3.1903,0.00191748,0.275034
11874,3.1901,0,3.1903,0.00191748,0.234062
11875,3.1901,0,3.1903,0.00191748,0.2895
11876,3.1901,0.010472,3.1903,0.00191748,0.108847
11877,3.1901,0,3.1903,0.00191748,-0.0566146
11878,3.1901,0,3.1903,0.00191748,0.26127
11879,3.1902,0.015708,3.1903,0.000958738,0.0410735
11880,3.1902,0,3.1903,0.000958738,-0.0698346
11881,3.1902,0,3.1903,0.000958738,-0.20827
11882,3.1902,0,3.1903,0.000958738,0.0958191
11883,3.1902,0,3.1903,0.000958738,0.289266
11884,3.1902,0.015708,3.1903,0.000958738,0.191632
11885,3.1902,0,3.1903,0.000958738,0.0534522
11886,3.1902,0,3.1903,0.000958738,0.0810541
11887,3.1903,0,nan,-0.17161,-2.08178
11888,3.19001,-0.0907571,nan,-0.171877,-2.29676
11889,3.18991,-0.00174533,nan,-0.171698,-2.06253
11890,3.18982,-0.0349066,nan,-0.171331,-2.28163
11891,3.18943,-0.0645772,nan,-0.170555,-2.09339
11892,3.18915,-0.0890118,nan,-0.169228,-2.02133
11893,3.18857,-0.0820305,nan,-0.167687,-1.73865
11894,3.18828,-0.0645772,nan,-0.165689,-1.47842
11895,3.1879,-0.0837758,nan,-0.163949,-1.85742
11896,3.18752,-0.0925025,nan,-0.162183,-1.77906
11897,3.18704,-0.0750492,nan,-0.160192,-1.80857
11898,3.18675,-0.0872665,nan,-0.157853,-1.40424
11899,3.18627,-0.0680678,nan,-0.155914,-1.35135
11900,3.18598,-0.0785398,nan,-0.152568,-1.16936
11901,3.1855,-0.0802851,nan,-0.149207,-0.973329
11902,3.18522,-0.0855211,nan,-0.145266,-0.852854
11903,3.18474,-0.0925025,nan,-0.141234,-0.689649
11904,3.18435,-0.0890118,nan,-0.136164,-0.873011
11905,3.18368,-0.10821,nan,-0.131217,-0.531732
11906,3.1833,-0.111701,nan,-0.125601,-0.33408
11907,3.18253,-0.125664,nan,-0.119242,0.164721
11908,3.18205,-0.13439,nan,-0.112563,0.33655
11909,3.18119,-0.127409,nan,-0.105747,0.400149
11910,3.18071,-0.1309,nan,-0.098795,0.480361
11911,3.17994,-0.129154,nan,-0.0912398,0.514835
11912,3.17937,-0.132645,nan,-0.0842651,0.859743
11913,3.1786,-0.137881,nan,-0.0770397,0.738688
11914,3.17812,-0.1309,nan,-0.0698321,0.535074
11915,3.17735,-0.113446,nan,-0.0629481,0.78384
11916,3.17697,-0.0925025,nan,-0.0561816,1.01756
11917,3.17659,-0.0366519,nan,-0.0497659,0.679956
11918,3.17639,-0.0436332,nan,-0.0433725,1.0757
11919,3.17601,-0.0820305,nan,-0.0372146,1.16405
11920,3.17563,-0.0820305,nan,-0.0311681,1.07134
11921,3.17515,-0.0925025,nan,-0.0256169,1.01348
11922,3.17476,-0.0959931,nan,-0.0205406,1.28127
11923,3.17429,-0.0663225,nan,-0.016223,0.832479
11924,3.174,-0.0715585,nan,-0.0123094,0.77913
11925,3.17352,-0.0558505,nan,-0.00874354,0.5686
11926,3.17333,-0.0506145,nan,-0.00552137,0.616272
11927,3.17314,-0.0349066,nan,-0.00379896,0.475719
11928,3.17304,-0.0191986,nan,-0.00238037,0.302959
11929,3.17294,0,nan,-0.00165387,0.161356
11930,3.17285,-0.0139626,nan,-0.00144042,-0.181511
11931,3.17285,0,nan,-0.00164181,-0.0052584
11932,3.17294,0.0174533,nan,-0.00270164,-0.450051
11933,3.17304,0.0139626,nan,-0.00392138,-0.454952
11934,3.17304,0.0174533,nan,-0.0055778,-0.438739
11935,3.17314,0.0174533,nan,-0.0068334,-0.485768
11936,3.17323,0.0174533,nan,-0.00783353,-0.321845
11937,3.17323,0.00523599,nan,-0.0094113,-0.346421
11938,3.17323,0,nan,-0.0102977,-0.498962
11939,3.17323,0,nan,-0.0110727,-0.331475
11940,3.17323,0,nan,-0.0112234,-0.127486
11941,3.17323,0,nan,-0.0110829,-0.0435433
11942,3.17323,0,nan,-0.0109841,-0.0572185
11943,3.17323,0,nan,-0.0107945,-0.000174176
11944,3.17323,-0.0122173,nan,-0.0103081,-0.0495111
11945,3.17323,-0.00174533,nan,-0.0102384,-0.243257
11946,3.17323,0,nan,-0.0100983,0.0211207
11947,3.17314,-0.0139626,nan,-0.00936574,0.224774
11948,3.17314,0,nan,-0.00912276,0.199833
11949,3.17314,0,nan,-0.00883785,0.106646
11950,3.17314,0,nan,-0.0088992,-0.0334806
11951,3.17314,0,nan,-0.00852691,-0.277792
11952,3.17314,0,nan,-0.00860807,-0.072297
11953,3.17314,0,nan,-0.00852708,-0.362254
11954,3.17314,0,nan,-0.00826404,0.0974362
11955,3.17314,0,nan,-0.00841205,-0.0712779
11956,3.17314,0,nan,-0.0082871,-0.0978472
11957,3.17314,0,nan,-0.00820149,0.0544897
11958,3.17314,0,nan,-0.00831824,-0.293987
11959,3.17314,-0.0139626,nan,-0.00885876,-0.330441
11960,3.17314,0,nan,-0.00937502,-0.297753
11961,3.17314,-0.00523599,nan,-0.00968361,-0.275809
11962,3.17304,0,nan,-0.00945991,-0.079806
11963,3.17304,0,nan,-0.00968756,-0.167218
11964,3.17304,0,nan,-0.00912355,-0.0492255
11965,3.17304,0,nan,-0.00912449,0.129706
11966,3.17304,-0.00872665,nan,-0.00919847,-0.231937
11967,3.17304,-0.00872665,nan,-0.00910154,-0.0652377
11968,3.17304,0,nan,-0.00919481,-0.109034
11969,3.17294,0,nan,-0.00896533,-0.0792443
11970,3.17294,0,nan,-0.00935784,0.011279
11971,3.17294,0,nan,-0.00911112,-0.165934
11972,3.17294,-0.0122173,nan,-0.00918718,-0.389324
11973,3.17294,-0.010472,nan,-0.00899196,-0.235205
11974,3.17294,0,nan,-0.00900717,-0.126019
11975,3.17285,0,nan,-0.00930999,0.0761413
11976,3.17285,0,nan,-0.00918487,-0.0884669
11977,3.17285,0,nan,-0.00923656,-0.0211177
11978,3.17285,0,nan,-0.00927507,0.212526
11979,3.17275,-0.00349066,nan,-0.00936546,-0.0111234
11980,3.17275,-0.00349066,nan,-0.0092751,-0.0520388
11981,3.17266,-0.00174533,nan,-0.00957838,-0.0851638
11982,3.17266,0,nan,-0.00962694,-0.308195
11983,3.17266,-0.00523599,nan,-0.0100987,-0.0670988
11984,3.17256,0,nan,-0.00984045,-0.18895
11985,3.17256,-0.0122173,nan,-0.0102453,-0.057799
11986,3.17246,-0.00349066,nan,-0.0103257,-0.0737579
11987,3.17246,-0.00174533,nan,-0.0101309,-0.0581618
11988,3.17237,-0.015708,nan,-0.010463,-0.147238
11989,3.17237,-0.0174533,nan,-0.010451,-0.0235654
11990,3.17227,-0.0174533,nan,-0.010261,-0.215484
11991,3.17227,-0.0139626,nan,-0.0106771,-0.125699
11992,3.17218,-0.0139626,nan,-0.0105703,-0.346435
11993,3.17208,-0.0174533,nan,-0.0111729,-0.508725
11994,3.17208,-0.0174533,nan,-0.0111231,-0.301698
11995,3.17198,-0.0122173,nan,-0.0110744,-0.011722
11996,3.17198,-0.0139626,nan,-0.0111916,-0.0423
11997,3.17189,-0.00872665,nan,-0.0111443,-0.263972
11998,3.17179,-0.0174533,nan,-0.0111079,-0.112458
11999,3.17179,-0.015708,nan,-0.0113912,-0.255873
12000,3.1717,-0.0139626,nan,-0.011032,-0.293127
12001,3.1717,-0.0174533,nan,-0.0110807,-0.0322534
12002,3.1717,0,nan,-0.0110001,-0.18428
12003,3.1716,-0.0174533,nan,-0.0111771,-0.202037
12004,3.1716,0,nan,-0.0106737,0.122614
12005,3.17151,-0.00523599,nan,-0.0105617,-0.0426504
12006,3.17151,-0.00174533,nan,-0.0104922,-0.208897
12007,3.17141,-0.010472,nan,-0.0102979,-0.276204
12008,3.17141,0,nan,-0.00988372,-0.00806806
12009,3.17141,-0.015708,nan,-0.00961258,-0.019044
12010,3.17131,-0.0139626,nan,-0.00911982,-0.0818446
12011,3.17131,-0.0139626,nan,-0.00879538,-0.0780347
12012,3.17122,0,nan,-0.00882353,0.100476
12013,3.17122,-0.0174533,nan,-0.00868812,-0.257959
12014,3.17122,-0.00174533,nan,-0.00812755,-0.0568667
12015,3.17112,-0.00523599,nan,-0.00807275,0.0815129
12016,3.17112,-0.0174533,nan,-0.00767789,-0.0795872
12017,3.17103,-0.00349066,nan,-0.00734983,-0.075799
12018,3.17103,-0.00349066,nan,-0.00705954,-0.0721212
12019,3.17093,-0.00872665,nan,-0.00655801,-0.0376634
12020,3.17093,-0.0174533,nan,-0.00629951,-0.117637
12021,3.17093,-0.00698132,nan,-0.00576838,0.0139467
12022,3.17083,-0.00349066,nan,-0.00550438,-0.0241608
12023,3.17083,-0.00174533,nan,-0.00580009,-0.209022
12024,3.17083,0,nan,-0.00546043,0.0718405
12025,3.17074,0,nan,-0.00538848,0.155405
12026,3.17074,0,nan,-0.00481306,-0.0304235
12027,3.17064,0,nan,-0.00461799,-0.0970747
12028,3.17064,-0.00872665,nan,-0.00427443,0.142877
12029,3.17064,0,nan,-0.00393788,-0.198296
12030,3.17055,-0.0122173,nan,-0.00345016,0.375866
12031,3.17055,-0.00174533,nan,-0.00318282,-0.0632003
12032,3.17045,-0.0139626,nan,-0.00266041,-0.0556004
12033,3.17045,0,nan,-0.00251546,-0.16423
12034,3.17045,0,nan,-0.00176187,0.220579
12035,3.17035,0,nan,-0.00164581,0.125225
12036,3.17035,-0.00523599,nan,-0.00121337,-0.186605
12037,3.17035,0,nan,-0.000959257,0.121358
12038,3.17035,0,nan,-0.000639364,0.0705031
12039,3.17026,0,nan,-0.000555883,0.0578917
12040,3.17026,0,nan,-0.000448175,-0.0236441
12041,3.17026,0,nan,-3.9824e-05,0.120425
12042,3.17026,0,nan,2.64839e-06,-0.100313
12043,3.17026,-0.00523599,nan,0.000480519,0.308394
12044,3.17026,0,nan,0.000563858,-0.0644591
12045,3.17016,0,nan,0.000605788,-0.105425
12046,3.17016,0,nan,0.000690466,-0.173445
12047,3.17016,0,nan,0.000348996,-0.137136
12048,3.17016,0,nan,0.000334088,0.0980113
12049,3.17016,-0.00872665,nan,0.000457156,-0.0939082
12050,3.17016,0,nan,0.00095206,0.0102956
12051,3.17016,0,nan,0.000611549,-0.146854
12052,3.17016,0,nan,0.000516958,0.0593948
12053,3.17016,0,nan,0.000262438,-0.0685529
12054,3.17016,0,nan,0.000433669,0.0724082
12055,3.17016,0,nan,0.000268877,-0.192568
12056,3.17016,0,nan,0.000397732,-0.176737
12057,3.17016,0,nan,0.000672465,-0.00660068
12058,3.17016,0,nan,0.000602975,-0.145949
12059,3.17016,0,nan,0.000533044,-0.147232
12060,3.17016,0,nan,0.000493425,-0.147729
12061,3.17016,0,nan,0.00043353,0.169563
12062,3.17016,0,nan,0.000397106,0.0447306
12063,3.17016,0,nan,0.000102456,-0.250031
12064,3.17016,0,nan,0.000149789,-0.0696164
12065,3.17016,0,nan,-0.000380364,-0.022324
12066,3.17016,0,nan,-0.000250794,-0.269494
12067,3.17016,0,nan,-0.000472796,-0.397375
12068,3.17016,0,nan,-0.000526143,0.044097
12069,3.17016,0,nan,-0.000378444,-0.189094
12070,3.17016,0,nan,-0.000614912,-0.31681
12071,3.17016,0,nan,-0.000690857,-0.0827292
12072,3.17016,0,nan,-0.000703141,-0.110725
12073,3.17016,0,nan,-0.000915887,-0.0587593
12074,3.17016,0,nan,-0.000522904,0.0992676
12075,3.17016,0,nan,-0.000499825,0.141147
12076,3.17016,0,nan,-0.000180248,0.145626
12077,3.17016,0,nan,-9.51352e-05,-0.115919
12078,3.17016,-0.00872665,nan,-0.000207652,0.0347057
12079,3.17016,0,nan,-0.000365945,-0.299716
12080,3.17016,0,nan,-0.000746847,-0.36088
12081,3.17016,0,nan,-0.000501716,0.223685
12082,3.17016,0,nan,-0.000829876,-0.099271
12083,3.17016,0,nan,-0.00101826,-0.032606
12084,3.17007,-0.0122173,nan,-0.00130594,-0.244224
12085,3.17007,0,nan,-0.00119769,-0.118458
12086,3.17007,0,nan,-0.00155217,-0.207015
12087,3.17007,0,nan,-0.00166218,-0.388712
12088,3.17007,0,nan,-0.00169202,-0.264867
12089,3.17007,0,nan,-0.00163469,-0.167107
12090,3.17007,0,nan,-0.00139158,0.0161258
12091,3.17007,0,nan,-0.00118868,0.129783
12092,3.17007,0,nan,-0.000786537,0.218761
12093,3.17007,0,nan,-0.000994324,0.0217824
12094,3.17007,0,nan,-0.00120303,-0.0369665
12095,3.17007,-0.00872665,nan,-0.00103592,-0.0485379
12096,3.17007,0,nan,-0.000793922,0.0515189
12097,3.17007,0,nan,-0.000545856,-0.110848
12098,3.17007,-0.00523599,nan,-0.000914634,-0.0194799
12099,3.17007,0,nan,-0.00111447,-0.00865205
12100,3.17007,0,nan,-0.00148577,-0.125162
12101,3.17007,0,nan,-0.00144652,-0.0968635
12102,3.17007,0,nan,-0.00155229,-0.250873
12103,3.17007,0,nan,-0.00164331,-0.114216
12104,3.17007,0,nan,-0.00158472,-0.182681
12105,3.17007,0,nan,-0.00173381,0.00858899
12106,3.17007,0,nan,-0.00162533,-0.225197
12107,3.17007,0,nan,-0.00158447,0.0241198
12108,3.17007,0,nan,-0.00108561,0.100448
12109,3.17007,-0.00872665,nan,-0.000923076,-0.118369
12110,3.17007,0,nan,-0.000607934,-0.0306184
12111,3.17007,0,nan,-0.000374908,-0.0685687
12112,3.17007,0,nan,-0.000648231,-0.169573
12113,3.17007,-0.0139626,nan,-0.000327847,-0.0681108
12114,3.17007,0,nan,-0.000222878,-0.246342
12115,3.17007,0,nan,-0.000229787,-0.12188
12116,3.17007,0,nan,-0.000301816,-0.205856
12117,3.17007,-0.00872665,nan,-0.000614566,-0.155042
12118,3.16997,0,nan,-0.00046058,0.165509
12119,3.16997,0,nan,-0.000323887,-0.44137
12120,3.16997,0,nan,-0.000821286,-0.476522
12121,3.16997,0,nan,-0.000897339,0.172571
12122,3.16997,0,nan,-0.00123169,-0.399852
12123,3.16997,0,nan,-0.00158941,-0.197379
12124,3.16997,0,nan,-0.00140422,-0.00143776
12125,3.16997,0,nan,-0.00161042,-0.239773
12126,3.16997,0,nan,-0.00120179,-0.205875
12127,3.16997,0,nan,-0.00114126,0.0163012
12128,3.16997,0,nan,-0.00141396,0.053501
12129,3.16997,0,nan,-0.001474,0.107626
12130,3.16997,0,nan,-0.00165499,0.0493891
12131,3.16997,0,nan,-0.00137995,0.108898
12132,3.16997,0,nan,-0.00158281,-0.337085
12133,3.16997,0,nan,-0.00108801,-0.0668506
12134,3.16997,0,nan,-0.00121374,-0.0824852
12135,3.16997,-0.0174533,nan,-0.0010103,0.0170103
12136,3.16997,0,nan,-0.00115179,-0.0406085
12137,3.16997,0,nan,-0.00130117,-0.416687
12138,3.16997,-0.00872665,nan,-0.00122243,-0.318805
12139,3.16997,0,nan,-0.00129694,0.0949001
12140,3.16997,0,nan,-0.00137306,-0.113637
12141,3.16997,0,nan,-0.00168109,-0.173528
12142,3.16997,0,nan,-0.00171889,-0.104605
12143,3.16997,0,nan,-0.00158789,-0.254926
12144,3.16997,0,nan,-0.00186834,-0.314749
12145,3.16997,0,nan,-0.00189061,-0.218312
12146,3.16997,0,nan,-0.0014225,0.00959775
12147,3.16997,0,nan,-0.00133634,-0.0722524
12148,3.16988,0,nan,-0.00118523,-0.0284192
12149,3.16988,0,nan,-0.00136826,0.107239
12150,3.16988,-0.0174533,nan,-0.00116132,0.0688527
12151,3.16988,0,nan,-0.000879191,-0.0514334
12152,3.16988,0,nan,-0.000461227,0.0103896
12153,3.16988,-0.00174533,nan,-0.000456025,-0.113911
12154,3.16988,0,nan,-0.00041881,-0.15479
12155,3.16988,0,nan,-0.000291691,-0.125456
12156,3.16988,-0.00872665,nan,-0.000485019,-0.169675
12157,3.16988,0,nan,-0.00075527,-0.146335
12158,3.16988,0,nan,-0.00100906,-0.164182
12159,3.16988,0,nan,-0.00105366,-0.247914
12160,3.16988,0,nan,-0.000702553,-0.0078215
12161,3.16988,0,nan,-0.000481714,-0.0600422
12162,3.16988,0,nan,-0.000688628,-0.146018
12163,3.16988,0,nan,-0.000605408,-0.269269
12164,3.16988,0,nan,-0.000850636,-0.286719
12165,3.16988,0,nan,-0.000654087,-0.214568
12166,3.16988,0,nan,-0.000682633,-0.228616
12167,3.16988,0,nan,-0.000933012,-0.17695
12168,3.16988,0,nan,-0.00070167,-0.048844
12169,3.16988,0,nan,-0.00102218,-0.219916
12170,3.16988,0,nan,-0.00109063,-0.110052
12171,3.16978,0,nan,-0.00134015,-0.210756
12172,3.16978,0,nan,-0.00112268,-0.0969666
12173,3.16978,0,nan,-0.000982849,-0.0947197
12174,3.16978,0,nan,-0.00114577,-0.207861
12175,3.16978,0,nan,-0.00116113,-0.138954
12176,3.16978,0,nan,-0.00147757,0.105331
12177,3.16978,0,nan,-0.00108259,0.000397205
12178,3.16978,0,nan,-0.00100799,-0.192152
12179,3.16978,0,nan,-0.000639572,0.172855
12180,3.16978,0,nan,-0.000331308,0.385196
12181,3.16978,0,nan,-0.000474166,-0.0597319
12182,3.16978,0,nan,-0.000356344,-0.00278648
12183,3.16978,0,nan,-6.28787e-05,-0.0677754
12184,3.16978,0,nan,7.29853e-05,0.224483
12185,3.16978,0,nan,0.000297743,0.131135
12186,3.16978,0,nan,0.000116174,0.14221
12187,3.16978,0,nan,0.000532906,0.00995766
12188,3.16978,-0.00174533,nan,0.000695134,-0.0290388
12189,3.16978,0,nan,0.000592655,0.204626
12190,3.16978,0,nan,0.000532122,-0.0867547
12191,3.16978,0,nan,0.00047663,-0.101747
12192,3.16978,0,nan,0.000347463,0.0208485
12193,3.16978,0,nan,2.97654e-05,0.0160966
12194,3.16978,0,nan,-0.000316949,-0.0162436
12195,3.16978,0,nan,-0.000716208,0.00611505
12196,3.16978,0,nan,-0.00091292,-0.135175
12197,3.16978,0,nan,-0.00081859,-0.0646669
12198,3.16978,0,nan,-0.000646496,-0.352968
12199,3.16978,0,nan,-0.000832451,-0.106868
12200,3.16978,0,nan,-0.000719549,-0.257359
12201,3.16978,0,nan,-0.000630696,-0.0763229
12202,3.16978,0,nan,-0.000132746,0.180043
12203,3.16978,0,nan,-0.000120818,-0.0133822
12204,3.16978,0,nan,-0.000503965,-0.116208
12205,3.16978,0,nan,-0.000361499,-0.141734
12206,3.16978,0,nan,-0.000512477,-0.0473745
12207,3.16978,0,nan,-0.000839196,-0.453637
12208,3.16978,0,nan,-0.000917463,-0.0675817
12209,3.16978,0,nan,-0.000993162,-0.248623
12210,3.16978,0,nan,-0.000688391,0.0737101
12211,3.16978,0,nan,-0.000714591,-0.161861
12212,3.16978,0,nan,-0.000712333,-0.189525
12213,3.16978,0,nan,-0.000665509,-0.216417
12214,3.16968,-0.0139626,nan,-0.000973335,-0.290463
12215,3.16968,0,nan,-0.00142771,-0.103755
12216,3.16968,0,nan,-0.00123397,0.0787977
12217,3.16968,0,nan,-0.00145812,-0.00761404
12218,3.16968,0,nan,-0.00118982,0.0653438
12219,3.16968,0,nan,-0.00130202,-0.116322
12220,3.16968,0,nan,-0.00147663,-0.0641345
12221,3.16968,0,nan,-0.00152431,0.0179522
12222,3.16968,0,nan,-0.00158174,-0.19073
12223,3.16968,0,nan,-0.00183694,-0.153146
12224,3.16968,0,nan,-0.00145559,0.156565
12225,3.16968,0,nan,-0.00116042,0.16082
12226,3.16968,-0.00872665,nan,-0.00123124,-0.116924
12227,3.16968,0,nan,-0.00113356,0.0919233
12228,3.16968,0,nan,-0.00123273,-0.117146
12229,3.16968,0,nan,-0.00085835,0.0406066
12230,3.16968,0,nan,-0.000874145,0.0538856
12231,3.16968,0,nan,-0.000720465,0.0701367
12232,3.16968,0,nan,-0.000876883,-0.0844973
12233,3.16968,0,nan,-0.000917415,-0.0987665
12234,3.16968,0,nan,-0.00126229,-0.0487736
12235,3.16968,0,nan,-0.00122036,-0.131428
12236,3.16968,0,nan,-0.000880336,-0.126475
12237,3.16968,0,nan,-0.00146944,-0.121441
12238,3.16968,0,nan,-0.00182255,-0.0713801
12239,3.16968,0,nan,-0.00204912,-0.171798
12240,3.16968,0,nan,-0.00206973,-0.0618523
12241,3.16968,0,nan,-0.00231651,-0.314848
12242,3.16968,0,nan,-0.00253549,-0.000600375
12243,3.16959,-0.010472,nan,-0.00250897,0.248421
12244,3.16959,0,nan,-0.0025772,-0.402819
12245,3.16959,0,nan,-0.0021958,-0.0654725
12246,3.16959,0,nan,-0.00209429,-0.00897465
12247,3.16959,0,nan,-0.0021227,-0.230802
12248,3.16959,0,nan,-0.00206929,0.17094
12249,3.16959,0,nan,-0.00189928,-0.297378
12250,3.16959,0,nan,-0.00228083,-0.303183
12251,3.16959,0,nan,-0.00222718,-0.150606
12252,3.16959,0,nan,-0.00198791,0.0741793
12253,3.16959,0,nan,-0.00199964,-0.244284
12254,3.16959,0,nan,-0.00197882,-0.327128
12255,3.16959,0,nan,-0.00189178,-0.256893
12256,3.16959,0,nan,-0.00204044,-0.162498
12257,3.16949,0,nan,-0.00212897,0.0434553
12258,3.16949,0,nan,-0.00211056,0.112576
12259,3.16949,0,nan,-0.00222532,-0.110794
12260,3.16949,0,nan,-0.00210662,-0.109229
12261,3.16949,0,nan,-0.00190211,-0.161732
12262,3.16949,0,nan,-0.00180635,-0.0360278
12263,3.16949,0,nan,-0.00178736,0.00567735
12264,3.16949,0,nan,-0.00155124,-0.239864
12265,3.16949,0,nan,-0.00213257,-0.276256
12266,3.16949,0,nan,-0.00230143,-0.237501
12267,3.16949,0,nan,-0.00245991,-0.157149
12268,3.16949,0,nan,-0.00234236,-0.224588
12269,3.16949,0,nan,-0.00239109,0.0650736
12270,3.16949,0,nan,-0.00222062,-0.278409
12271,3.16949,0,nan,-0.00223188,-0.140549
12272,3.16949,0,nan,-0.00184485,0.058787
12273,3.1694,0,nan,-0.00174891,-0.105864
12274,3.1694,-0.0174533,nan,-0.00160753,0.117461
12275,3.1694,0,nan,-0.0018045,-0.38352
12276,3.1694,0,nan,-0.00148028,-0.282094
12277,3.1694,0,nan,-0.00141081,-0.239718
12278,3.1694,0,nan,-0.00164996,-0.284908
12279,3.1694,0,nan,-0.00180534,-0.0659317
12280,3.1694,0,nan,-0.00168947,-0.0506196
12281,3.1694,0,nan,-0.00167238,0.0601998
12282,3.1694,0,nan,-0.00168626,-0.106174
12283,3.1694,0,nan,-0.00148066,-0.0754082
12284,3.1694,0,nan,-0.00146272,-0.0476269
12285,3.1694,0,nan,-0.00188864,-0.261628
12286,3.1694,-0.00872665,nan,-0.00159768,-0.0776979
12287,3.1694,0,nan,-0.00131264,0.00936813
12288,3.1694,0,nan,-0.00137034,-0.212929
12289,3.1693,0,nan,-0.00133839,-0.21256
12290,3.1693,0,nan,-0.00148705,-0.159642
12291,3.1693,0,nan,-0.00108206,0.0123701
12292,3.1693,-0.0122173,nan,-0.000633126,0.00532782
12293,3.1693,0,nan,-0.000483289,0.173442
12294,3.1693,-0.00872665,nan,-0.000493191,-0.144914
12295,3.1693,0,nan,-0.000276598,0.0104489
12296,3.1693,0,nan,-0.000353324,0.286214
12297,3.1693,0,nan,-0.000480723,-0.379684
12298,3.1693,0,nan,-0.000663504,-0.230607
12299,3.1693,0,nan,-0.000440443,0.132142
12300,3.1693,0,nan,-0.000944665,-0.24897
12301,3.1693,0,nan,-0.000743389,0.00305143
12302,3.1693,0,nan,-0.000465318,-0.020545
12303,3.1693,0,nan,-0.000635941,-0.147755
12304,3.1693,0,nan,-0.000633699,-0.147808
12305,3.1693,0,nan,-0.000638326,-0.0924818
12306,3.1693,0,nan,-0.000394884,-0.213385
12307,3.1692,0,nan,-2.40237e-05,-0.0694259
12308,3.1692,0,nan,-9.06334e-06,-0.207401
12309,3.1692,0,nan,-0.000209712,-0.0856305
12310,3.1692,0,nan,-0.000376766,-0.32308
12311,3.1692,0,nan,-0.000467984,-0.130833
12312,3.1692,0,nan,-0.000852267,-0.247334
12313,3.1692,0,nan,-0.000939792,-0.179483
12314,3.1692,0,nan,-0.000666052,-0.0785797
12315,3.1692,0,nan,-0.000817052,-0.343392
12316,3.1692,0,nan,-0.00121213,0.0241561
12317,3.1692,0,nan,-0.00123827,0.0376195
12318,3.1692,0,nan,-0.00117007,0.163113
12319,3.1692,0,nan,-0.000866176,-0.0678409
12320,3.1692,0,nan,-0.000689564,0.00374633
12321,3.1692,0,nan,-0.000593416,-0.188632
12322,3.1692,0,nan,-0.000341677,-0.212626
12323,3.1692,0,nan,-0.000249032,0.0101651
12324,3.1692,0,nan,-0.000199306,-0.155142
12325,3.1692,0,nan,0.000224133,0.183121
12326,3.1692,0,nan,9.38104e-06,-0.0551971
12327,3.1692,0,nan,-0.000268027,-0.059486
12328,3.1692,0,nan,-0.000136372,-0.237411
12329,3.1692,0,nan,-0.000175715,-0.196394
12330,3.1692,0,nan,-0.000299893,-0.032291
12331,3.1692,0,nan,-0.000412833,-0.116873
12332,3.1692,0,nan,-0.000177292,-0.168693
12333,3.1692,0,nan,-0.000184464,0.0110784
12334,3.1692,0,nan,-0.000123225,-0.0573936
12335,3.1692,0,nan,-0.000282471,-0.142661
12336,3.1692,0,nan,-0.000374422,-0.130311
12337,3.1692,0,nan,-0.000383039,-0.144393
12338,3.1692,0,nan,-0.000378551,-0.130691
12339,3.16911,-0.00523599,nan,-0.000350238,-0.476255
12340,3.16911,0,nan,-4.62981e-05,-0.112392
12341,3.16911,0,nan,-0.000221651,-0.281126
12342,3.16911,0,nan,-0.000110391,-0.0165765
12343,3.16911,0,nan,-0.000154248,-0.197087
12344,3.16911,0,nan,-0.000188133,-0.017746
12345,3.16911,0,nan,-0.000362511,-0.144848
12346,3.16911,0,nan,-0.000769057,-0.16486
12347,3.16911,0,nan,-0.000946756,-0.195163
12348,3.16911,0,nan,-0.00100124,0.0114811
12349,3.16911,0,nan,-0.00104012,-0.113583
12350,3.16911,0,nan,-0.00106063,-0.169329
12351,3.16911,0,nan,-0.0012285,0.0492434
12352,3.16911,0,nan,-0.00127596,-0.21466
12353,3.16911,0,nan,-0.00136275,-0.0775712
12354,3.16911,0,nan,-0.00135552,0.0885069
12355,3.16911,0,nan,-0.00115623,-0.00554676
12356,3.16911,0,nan,-0.00123191,-0.131117
12357,3.16911,0,nan,-0.00133712,-0.0636229
12358,3.16911,0,nan,-0.000911106,0.163968
12359,3.16911,0,nan,-0.000836527,-0.277614
12360,3.16911,0,nan,-0.00067156,-0.0952603
12361,3.16911,0,nan,-0.000536816,-0.0657074
12362,3.16911,0,nan,-0.000450585,-0.161417
12363,3.16911,-0.015708,nan,-0.000577368,0.0027352
12364,3.16911,0,nan,-0.00025281,-0.130617
12365,3.16911,0,nan,-0.000286592,-0.228031
12366,3.16911,0,nan,-0.000124345,0.0926545
12367,3.16911,0,nan,-0.000194443,-0.0603923
12368,3.16911,0,nan,-0.000612745,-0.121987
12369,3.16911,0,nan,-0.00063213,0.0156879
12370,3.16911,0,nan,-0.000612651,0.29278
12371,3.16911,0,nan,-0.000616389,0.0299307
12372,3.16911,0,nan,-0.00128266,-0.187401
12373,3.16911,0,nan,-0.000600963,0.182382
12374,3.16911,0,nan,-0.000381104,-0.0353044
12375,3.16911,0,nan,-0.000453444,-0.18869
12376,3.16911,-0.00872665,nan,-0.000553944,-0.107327
12377,3.16911,0,nan,-0.000445758,-0.202708
12378,3.16911,0,nan,-0.000697018,-0.0680798
12379,3.16911,0,nan,-0.000837586,-0.111644
12380,3.16911,0,nan,-0.000872312,-0.333756
12381,3.16911,0,nan,-0.00095327,-0.1548
12382,3.16901,0,nan,-0.00112901,-0.184948
12383,3.16901,0,nan,-0.00148291,-0.121119
12384,3.16901,0,nan,-0.00151211,-0.232436
12385,3.16901,0,nan,-0.00152517,0.00259476
12386,3.16901,0,nan,-0.00135409,0.019074
12387,3.16901,0,nan,-0.00136866,0.0601834
12388,3.16901,0,nan,-0.00109698,0.160947
12389,3.16901,0,nan,-0.00148046,-0.107441
12390,3.16901,0,nan,-0.00143605,-0.203786
12391,3.16901,0,nan,-0.00131865,-0.27149
12392,3.16901,-0.00872665,nan,-0.00142334,-0.107296
12393,3.16901,0,nan,-0.00147037,-0.232851
12394,3.16901,0,nan,-0.00110843,0.242795
12395,3.16901,0,nan,-0.000883152,-0.334915
12396,3.16901,-0.00872665,nan,-0.00100107,-0.198668
12397,3.16901,0,nan,-0.00080047,0.122538
12398,3.16901,0,nan,-0.000832297,-0.140785
12399,3.16901,0,nan,-0.000809757,-0.168353
12400,3.16901,0,nan,-0.000989585,-0.143474
12401,3.16901,0,nan,-0.00104547,0.159723
12402,3.16901,0,nan,-0.00108635,0.24209
12403,3.16901,0,nan,-0.00115072,-0.21554
12404,3.16901,0,nan,-0.00135109,-0.30149
12405,3.16901,0,nan,-0.00128031,0.0869131
12406,3.16901,0,nan,-0.00123325,0.00458623
12407,3.16901,-0.00872665,nan,-0.00130488,-0.0660585
12408,3.16901,0,nan,-0.00140864,-0.0399778
12409,3.16901,0,nan,-0.00126021,0.114157
12410,3.16901,0,nan,-0.00118824,0.00450947
12411,3.16901,0,nan,-0.00156332,-0.222227
12412,3.16901,0,nan,-0.00195958,-0.380608
12413,3.16901,-0.00872665,nan,-0.00194787,-0.242783
12414,3.16892,0,nan,-0.00193008,0.0340773
12415,3.16892,0,nan,-0.00206723,-0.258665
12416,3.16892,0,nan,-0.00201074,-0.0640128
12417,3.16892,0,nan,-0.0022757,-0.137421
12418,3.16892,0,nan,-0.00249774,-0.251634
12419,3.16892,0,nan,-0.00263433,-0.157037
12420,3.16892,0,nan,-0.00247908,0.0386675
12421,3.16892,0,nan,-0.00280762,-0.20184
12422,3.16892,0,nan,-0.00296613,-0.177173
12423,3.16892,0,nan,-0.00317165,-0.0975602
12424,3.16892,0,nan,-0.00335238,-0.307991
12425,3.16892,0,nan,-0.0032842,0.163379
12426,3.16892,0,nan,-0.00266578,-0.0899592
12427,3.16892,-0.00698132,nan,-0.00261569,-0.255349
12428,3.16892,0,nan,-0.00243927,-0.0458067
12429,3.16882,-0.0174533,nan,-0.0022959,-0.0713839
12430,3.16882,0,nan,-0.00224168,-0.139959
12431,3.16882,0,nan,-0.00255217,-0.296784
12432,3.16882,0,nan,-0.00247271,-0.0329376
12433,3.16882,0,nan,-0.00252705,-0.0200699
12434,3.16882,-0.00523599,nan,-0.002408,-0.129072
12435,3.16882,0,nan,-0.00227099,-0.141208
12436,3.16882,-0.00698132,nan,-0.00226379,-0.459495
12437,3.16882,0,nan,-0.00263039,-0.0365085
12438,3.16882,0,nan,-0.0025385,-0.0351267
12439,3.16882,0,nan,-0.00255412,-0.00775059
12440,3.16872,-0.00174533,nan,-0.00225799,-0.100314
12441,3.16872,0,nan,-0.00229787,-0.294565
12442,3.16872,0,nan,-0.0021582,0.0118683
12443,3.16872,-0.015708,nan,-0.00208355,-0.180701
12444,3.16872,0,nan,-0.0017936,0.00305989
12445,3.16872,-0.010472,nan,-0.00145135,-0.158225
12446,3.16872,0,nan,-0.00145819,-0.14479
12447,3.16872,-0.00872665,nan,-0.0011181,-0.0153779
12448,3.16872,0,nan,-0.0012043,-0.0859688
12449,3.16872,0,nan,-0.00101229,-0.0973731
12450,3.16872,0,nan,-0.00121069,0.0239588
12451,3.16863,0,nan,-0.0010515,0.137191
12452,3.16863,0,nan,-0.000958075,-0.0551678
12453,3.16863,0,nan,-0.000827542,-0.122317
12454,3.16863,0,nan,-0.000959187,-0.110393
12455,3.16863,0,nan,-0.00144706,-0.187217
12456,3.16863,0,nan,-0.00143944,-0.214779
12457,3.16863,0,nan,-0.00120281,-0.0731105
12458,3.16863,-0.010472,nan,-0.0013741,-0.075669
12459,3.16863,0,nan,-0.000952369,0.110259
12460,3.16863,0,nan,-0.00107457,-0.0713997
12461,3.16863,0,nan,-0.000674121,-0.120903
12462,3.16863,0,nan,-0.000571303,-0.230212
12463,3.16863,0,nan,-0.000653554,-0.107008
12464,3.16863,0,nan,-0.00046557,0.0202888
12465,3.16863,0,nan,-0.000367298,-0.46229
12466,3.16863,0,nan,-0.000152411,-0.113161
12467,3.16853,0,nan,1.15797e-05,-0.193723
12468,3.16853,0,nan,0.000305234,-0.0648591
12469,3.16853,0,nan,0.000322409,-0.00953106
12470,3.16853,0,nan,0.000406069,-0.00845379
12471,3.16853,0,nan,7.98254e-05,-0.317551
12472,3.16853,0,nan,0.000128956,0.167603
12473,3.16853,0,nan,-5.05299e-05,-0.0148354
12474,3.16853,0,nan,-0.000208013,-0.0447335
12475,3.16853,0,nan,-4.43107e-05,0.0405745
12476,3.16853,0,nan,-0.000152756,-0.15464
12477,3.16853,0,nan,-0.000547301,-0.382098
12478,3.16853,0,nan,-0.000567755,-0.0917561
12479,3.16853,0,nan,-0.000661033,-0.342175
12480,3.16853,0,nan,-0.00072159,-0.218718
12481,3.16853,0,nan,-0.000524953,-0.0498336
12482,3.16853,0,nan,-0.000646371,-0.010015
12483,3.16853,0,nan,-0.000199233,-0.224855
12484,3.16853,0,nan,-0.000328324,0.147068
12485,3.16853,0,nan,-7.06543e-05,-0.153512
12486,3.16853,0,nan,0.000101501,-0.345072
12487,3.16853,0,nan,0.000141639,-0.164702
12488,3.16853,0,nan,-0.00020725,-0.280433
12489,3.16853,0,nan,1.41025e-05,0.179408
12490,3.16853,0,nan,-0.000244549,-0.336718
12491,3.16853,-0.00872665,nan,-0.000218795,-0.364436
12492,3.16853,0,nan,-9.73942e-05,-0.113655
12493,3.16853,0,nan,-0.000759603,-0.317608
12494,3.16853,0,nan,-0.000627964,-0.0665396
12495,3.16853,0,nan,-0.000413746,-0.159959
12496,3.16853,0,nan,-0.000458474,-0.257346
12497,3.16853,0,nan,-0.00075585,-0.123488
12498,3.16853,0,nan,-0.000811562,-0.110503
12499,3.16844,-0.00872665,nan,-0.00105066,-0.0998097
12500,3.16844,0,nan,-0.00114846,-0.142628
12501,3.16844,0,nan,-0.00103801,-0.279223
12502,3.16844,0,nan,-0.000840702,-0.0551151
12503,3.16844,0,nan,-0.000997657,-0.043559
12504,3.16844,0,nan,-0.00130708,-0.158539
12505,3.16844,0,nan,-0.0010668,-0.113345
12506,3.16844,0,nan,-0.00125606,-0.185413
12507,3.16844,0,nan,-0.00104392,0.150018
12508,3.16844,0,nan,-0.00114149,-0.114196
12509,3.16844,0,nan,-0.000900353,-0.00011554
12510,3.16844,0,nan,-0.00113455,-0.0175334
12511,3.16844,0,nan,-0.00107579,-0.0720039
12512,3.16844,0,nan,-0.0013416,-0.117425
12513,3.16844,0,nan,-0.00160662,-0.231677
12514,3.16844,0,nan,-0.00196374,-0.180924
12515,3.16844,0,nan,-0.00181314,-0.261629
12516,3.16844,0,nan,-0.00203449,-0.1126
12517,3.16844,0,nan,-0.00215343,-0.321705
12518,3.16844,0,nan,-0.00223979,-0.0875707
12519,3.16844,0,nan,-0.00266894,-0.0100564
12520,3.16844,0,nan,-0.00248748,-0.298178
12521,3.16844,0,nan,-0.00256237,-0.21617
12522,3.16844,0,nan,-0.00227248,0.258239
12523,3.16834,0,nan,-0.00207103,-0.195408
12524,3.16834,-0.0174533,nan,-0.00229369,-0.143313
12525,3.16834,0,nan,-0.00207782,-0.0435544
12526,3.16834,0,nan,-0.00181217,-0.067356
12527,3.16834,0,nan,-0.00187123,-0.220482
12528,3.16834,0,nan,-0.00227676,-0.198842
12529,3.16834,0,nan,-0.00236818,-0.0892397
12530,3.16834,0,nan,-0.00232952,-0.185539
12531,3.16825,0,nan,-0.00237626,-0.158589
12532,3.16825,0,nan,-0.00269376,-0.176565
12533,3.16825,0,nan,-0.00223317,-0.252881
12534,3.16825,0,nan,-0.00249691,-0.270664
12535,3.16825,0,nan,-0.00275421,0.00268385
12536,3.16825,0,nan,-0.00282523,-0.372043
12537,3.16825,0,nan,-0.00275724,-0.163348
12538,3.16825,0,nan,-0.0026278,-0.00918667
12539,3.16825,0,nan,-0.00237199,-0.212988
12540,3.16825,0,nan,-0.00185581,0.112651
12541,3.16825,0,nan,-0.00173291,-0.134897
12542,3.16825,-0.0174533,nan,-0.00165338,-0.14786
12543,3.16825,-0.0139626,nan,-0.00133648,-0.0190095
12544,3.16825,-0.00174533,nan,-0.00105489,-0.263635
12545,3.16815,0,nan,-0.00101179,-0.055662
12546,3.16815,0,nan,-0.00112059,0.12234
12547,3.16815,0,nan,-0.0010475,0.0541739
12548,3.16815,0,nan,-0.00106893,0.150609
12549,3.16815,0,nan,-0.00128697,-0.226209
12550,3.16805,-0.015708,nan,-0.00134546,-0.144154
12551,3.16805,0,nan,-0.00143003,-0.228477
12552,3.16805,0,nan,-0.00146098,-0.408903
12553,3.16805,0,nan,-0.00146843,0.0474568
12554,3.16805,0,nan,-0.0016108,-0.0239984
12555,3.16805,0,nan,-0.00150545,-0.160821
12556,3.16805,0,nan,-0.00147315,-0.0635536
12557,3.16805,0,nan,-0.00161281,-0.217909
12558,3.16805,0,nan,-0.00214192,-0.487915
12559,3.16805,0,nan,-0.00210571,-0.141223
12560,3.16805,0,nan,-0.00162457,-0.0372156
12561,3.16805,0,nan,-0.00166908,-0.190358
12562,3.16805,0,nan,-0.00141136,-0.0205528
12563,3.16805,0,nan,-0.00134862,-0.157928
12564,3.16805,0,nan,-0.00117454,0.121674
12565,3.16796,0,nan,-0.000823357,-0.0388818
12566,3.16796,0,nan,-0.000573373,-0.339502
12567,3.16796,0,nan,-0.00066295,-0.258064
12568,3.16796,0,nan,-0.000305455,-0.0315261
12569,3.16796,-0.00872665,nan,-0.000459168,-0.18596
12570,3.16796,0,nan,2.75274e-06,-0.0685325
12571,3.16796,0,nan,0.000119644,0.00257663
12572,3.16796,0,nan,1.06514e-05,0.0700653
12573,3.16796,0,nan,3.24285e-06,-0.0958723
12574,3.16796,0,nan,0.000568016,-0.115115
12575,3.16796,0,nan,0.000734111,-0.029519
12576,3.16796,-0.00872665,nan,0.00108805,-0.134754
12577,3.16796,0,nan,0.00129081,0.0204389
12578,3.16796,-0.00872665,nan,0.00144635,0.133667
12579,3.16786,0,nan,0.00142177,-0.184617
12580,3.16786,-0.00698132,nan,0.00159166,-0.181771
12581,3.16786,0,nan,0.00159996,-0.0432273
12582,3.16786,0,nan,0.00178999,0.250168
12583,3.16786,0,nan,0.00185764,-0.0112898
12584,3.16786,0,nan,0.00169621,-0.0686879
12585,3.16786,0,nan,0.00176602,-0.344324
12586,3.16786,0,nan,0.00128031,-0.0471561
12587,3.16786,0,nan,0.00160058,-0.0422049
12588,3.16786,0,nan,0.0014883,-0.0576864
12589,3.16786,0,nan,0.00184917,-0.0243339
12590,3.16786,0,nan,0.00180991,-0.176731
12591,3.16786,0,nan,0.00198776,0.00575892
12592,3.16786,0,nan,0.00227414,-0.15585
12593,3.16786,0,nan,0.00293197,0.200318
12594,3.16786,0,nan,0.00300084,-0.199449
12595,3.16786,0,nan,0.00359539,0.293858
12596,3.16786,0,nan,0.00407478,0.121716
12597,3.16786,0,nan,0.00445206,0.238766
12598,3.16786,0,nan,0.0047412,0.050146
12599,3.16786,0,nan,0.00490067,0.260128
12600,3.16786,0,nan,0.00539646,0.212784
12601,3.16786,0,nan,0.005427,0.199737
12602,3.16786,0,nan,0.0052807,-0.202966
12603,3.16786,0,nan,0.00478835,0.108257
12604,3.16786,0,nan,0.00405953,-0.0680912
12605,3.16786,0,nan,0.0035443,-0.172091
12606,3.16786,0,nan,0.00268276,-0.184896
12607,3.16786,0,nan,0.00200348,-0.0981621
12608,3.16786,0,nan,0.000992084,-0.0301696
12609,3.16786,0,nan,0.00103809,0.178281
12610,3.16786,0,nan,0.00113142,-0.221321
12611,3.16786,0,nan,0.000827628,-0.170694
12612,3.16786,0,nan,0.000381406,-0.218704
12613,3.16786,0,nan,8.0436e-05,-0.0295858
12614,3.16786,0,nan,-0.000173977,-0.296081
12615,3.16786,0,nan,-0.000212486,0.0491741
12616,3.16786,0,nan,-4.87425e-06,0.024546
12617,3.16786,0,nan,0.000898021,-0.0587277
12618,3.16786,0,nan,0.000872501,-0.100638
12619,3.16786,0,nan,0.00123089,0.153761
12620,3.16786,0,nan,0.00179597,0.0793983
12621,3.16786,0,nan,0.00177877,0.106807
12622,3.16786,0,nan,0.00128822,-0.163205
12623,3.16786,0,nan,0.00176778,0.0239365
12624,3.16786,0,nan,0.00182035,0.0524323
12625,3.16786,0,nan,0.00195272,-0.0281704
12626,3.16786,0,nan,0.00155617,-0.103222
12627,3.16786,0,nan,0.000971503,-0.236499
12628,3.16786,0,nan,0.000531999,-0.187702
12629,3.16786,0,nan,0.000361052,-0.162575
12630,3.16786,0,nan,0.000227068,0.194868
12631,3.16786,0,nan,-0.000129991,-0.197593
12632,3.16786,0,nan,-0.000728722,-0.400465
12633,3.16786,0,nan,-0.000944889,-0.154978
12634,3.16786,0,nan,-0.00109523,0.0223208
12635,3.16786,0,nan,-0.00122275,0.0205417
12636,3.16786,0,nan,-0.00115851,-0.0342372
12637,3.16786,0,nan,-0.00149617,-0.302086
12638,3.16786,0,nan,-0.00155483,-0.151261
12639,3.16786,0,nan,-0.00179481,-0.0027509
12640,3.16786,0,nan,-0.00151007,-0.34443
12641,3.16786,0,nan,-0.00175742,-0.140757
12642,3.16786,0,nan,-0.00177486,-0.154987
12643,3.16786,0,nan,-0.00134668,0.0865888
12644,3.16786,0,nan,-0.00161318,-0.125064
12645,3.16786,0,nan,-0.00135305,0.0585005
12646,3.16786,0,nan,-0.00145605,-0.0675522
12647,3.16786,0,nan,-0.00146916,-0.0678459
12648,3.16786,0,nan,-0.00122311,-0.00911995
12649,3.16786,0,nan,-0.00142385,-0.0534172
12650,3.16786,0,nan,-0.00162685,-0.0290695
12651,3.16786,0,nan,-0.00147555,0.028255
12652,3.16786,-0.00174533,nan,-0.00169884,-0.085892
12653,3.16786,0,nan,-0.00212183,-0.147735
12654,3.16786,0,nan,-0.00235844,-0.0961673
12655,3.16786,0,nan,-0.00266378,-0.239342
12656,3.16786,0,nan,-0.00282164,-0.241878
12657,3.16786,0,nan,-0.00263406,0.0650895
12658,3.16786,0,nan,-0.00272086,-0.185672
12659,3.16786,0,nan,-0.00258241,-0.0456617
12660,3.16786,0,nan,-0.00279234,-0.0214792
12661,3.16786,0,nan,-0.00327849,-0.250016
12662,3.16786,0,nan,-0.00318942,-0.262713
12663,3.16786,0,nan,-0.00346009,-0.294667
12664,3.16786,0,nan,-0.00325208,-0.264465
12665,3.16786,0,nan,-0.00328384,-0.376009
12666,3.16786,0,nan,-0.00374053,-0.314047
12667,3.16786,0,nan,-0.00322695,-0.0300063
12668,3.16786,-0.00698132,nan,-0.00323149,0.08031
12669,3.16786,0,nan,-0.00300453,0.0281467
12670,3.16786,0,nan,-0.00292599,-0.0402681
12671,3.16786,0,nan,-0.00325408,-0.155961
12672,3.16777,0,nan,-0.00306932,0.164774
12673,3.16777,0,nan,-0.00269934,-0.245013
12674,3.16777,0,nan,-0.00246827,-0.242057
12675,3.16777,0,nan,-0.00299961,-0.125146
12676,3.16777,0,nan,-0.00285626,-0.261771
12677,3.16777,0,nan,-0.002912,-0.511651
12678,3.16777,-0.00872665,nan,-0.00298822,-0.0557538
12679,3.16777,0,nan,-0.00305971,-0.222869
12680,3.16777,0,nan,-0.00301461,-0.332887
12681,3.16777,0,nan,-0.00319129,-0.19667
12682,3.16777,0,nan,-0.00340619,-0.241098
12683,3.16777,0,nan,-0.00371191,-0.0513129
12684,3.16777,0,nan,-0.00394217,-0.109696
12685,3.16777,0,nan,-0.00400513,-0.207462
12686,3.16777,0,nan,-0.00388448,-0.302514
12687,3.16777,0,nan,-0.00417026,-0.0849681
12688,3.16767,-0.00872665,nan,-0.00397655,-0.193067
12689,3.16767,0,nan,-0.00405543,-0.166517
12690,3.16767,-0.00698132,nan,-0.00421276,-0.140917
12691,3.16767,0,nan,-0.00418632,-0.0713291
12692,3.16767,-0.010472,nan,-0.00396675,0.0146689
12693,3.16767,0,nan,-0.00416723,-0.181742
12694,3.16767,0,nan,-0.00390708,-0.15016
12695,3.16767,-0.00523599,nan,-0.00399509,-0.276293
12696,3.16767,0,nan,-0.00400778,-0.152101
12697,3.16757,0,nan,-0.00420035,-0.196151
12698,3.16757,0,nan,-0.00420868,-0.376248
12699,3.16757,0,nan,-0.00436675,-0.239861
12700,3.16757,0,nan,-0.00412137,0.0127142
12701,3.16757,-0.0174533,nan,-0.00420365,-0.265438
12702,3.16757,0,nan,-0.00361392,0.130338
12703,3.16757,0,nan,-0.0034112,0.0638806
12704,3.16748,0,nan,-0.00333814,-0.156939
12705,3.16748,0,nan,-0.00339805,-0.102565
12706,3.16748,0,nan,-0.00327261,-0.01766
12707,3.16748,0,nan,-0.0031045,-0.0985579
12708,3.16748,0,nan,-0.00278887,-0.0526537
12709,3.16748,0,nan,-0.0027906,-0.177319
12710,3.16738,-0.00872665,nan,-0.00273338,-0.0524124
12711,3.16738,0,nan,-0.00225203,0.162018
12712,3.16738,0,nan,-0.00212186,0.122324
12713,3.16738,0,nan,-0.0021116,-0.0572888
12714,3.16738,0,nan,-0.00257392,-0.147094
12715,3.16738,0,nan,-0.0025425,-0.188197
12716,3.16729,-0.0174533,nan,-0.00255848,-0.0363182
12717,3.16729,-0.0122173,nan,-0.00272633,-0.149291
12718,3.16729,0,nan,-0.00253635,-0.105118
12719,3.16729,0,nan,-0.00229358,-0.156889
12720,3.16729,0,nan,-0.00263249,-0.300409
12721,3.16729,0,nan,-0.0028708,-0.0403783
12722,3.16729,0,nan,-0.0028248,-0.1505
12723,3.16719,0,nan,-0.00271178,-0.245822
12724,3.16719,0,nan,-0.00249743,-0.187336
12725,3.16719,0,nan,-0.00277959,-0.0530415
12726,3.16719,0,nan,-0.00245006,-0.352734
12727,3.16719,0,nan,-0.00218835,0.148677
12728,3.16719,0,nan,-0.00179863,0.154454
12729,3.1671,0,nan,-0.00151755,0.0616725
12730,3.1671,-0.0122173,nan,-0.00111871,-0.264377
12731,3.1671,-0.0174533,nan,-0.00121969,-0.141549
12732,3.1671,0,nan,-0.000971687,-0.12414
12733,3.1671,0,nan,-0.00124743,-0.252895
12734,3.1671,0,nan,-0.000661408,0.0184665
12735,3.1671,0,nan,-0.000675534,0.0873225
12736,3.167,-0.010472,nan,-0.000500153,0.00686512
12737,3.167,0,nan,-0.000849091,-0.123058
12738,3.167,0,nan,-0.000861214,0.0840234
12739,3.167,-0.00174533,nan,-0.00125748,-0.129509
12740,3.167,0,nan,-0.00144775,0.061226
12741,3.167,-0.00872665,nan,-0.00135366,-0.047854
12742,3.167,0,nan,-0.00130656,-0.227077
12743,3.167,-0.0174533,nan,-0.00126934,-0.226438
12744,3.167,0,nan,-0.00076198,-0.135972
12745,3.167,0,nan,-0.000998649,-0.056845
12746,3.1669,-0.00698132,nan,-0.00104293,-0.182207
12747,3.1669,0,nan,-0.00114602,-0.156238
12748,3.1669,0,nan,-0.00125652,0.0223393
12749,3.1669,0,nan,-0.0011744,-0.0183039
12750,3.1669,0,nan,-0.00115598,-0.101166
12751,3.1669,0,nan,-0.00113945,-0.114812
12752,3.1669,0,nan,-0.00100636,0.0394871
12753,3.1669,0,nan,-0.00111192,-0.432649
12754,3.1669,0,nan,-0.000853287,0.0139475
12755,3.1669,0,nan,-0.000956243,0.109469
12756,3.1669,0,nan,-0.001328,-0.186508
12757,3.1669,0,nan,-0.00126108,0.0220945
12758,3.1669,0,nan,-0.00116975,-0.114983
12759,3.1669,0,nan,-0.00117158,0.1481
12760,3.1669,0,nan,-0.00130462,-0.227751
12761,3.1669,0,nan,-0.00137012,-0.0624161
12762,3.16681,-0.00872665,nan,-0.00193159,-0.222053
12763,3.16681,0,nan,-0.00236648,-0.296951
12764,3.16681,0,nan,-0.00220581,-0.128445
12765,3.16681,0,nan,-0.00254492,-0.243875
12766,3.16681,0,nan,-0.00289904,-0.47006
12767,3.16681,0,nan,-0.00260748,-0.078404
12768,3.16681,0,nan,-0.00248264,-0.0351484
12769,3.16681,0,nan,-0.0020838,-0.0849493
12770,3.16681,0,nan,-0.00208012,-0.278733
12771,3.16681,0,nan,-0.00199812,-0.333069
12772,3.16681,0,nan,-0.00218049,-0.349606
12773,3.16671,0,nan,-0.002101,-0.0716199
12774,3.16671,0,nan,-0.00154587,-0.105136
12775,3.16671,0,nan,-0.00149024,-0.395094
12776,3.16671,0,nan,-0.00162044,-0.189849
12777,3.16671,0,nan,-0.00150109,-0.202131
12778,3.16671,0,nan,-0.00134195,-0.0341964
12779,3.16671,0,nan,-0.00121717,-0.143385
12780,3.16671,0,nan,-0.00125971,-0.116168
12781,3.16671,-0.00349066,nan,-0.00102832,0.0255314
12782,3.16671,0,nan,-0.00127118,-0.158072
12783,3.16671,0,nan,-0.000924003,-0.00091105
12784,3.16671,0,nan,-0.000919278,-0.0839628
12785,3.16671,0,nan,-0.000779193,-0.0818004
12786,3.16671,0,nan,-0.00106612,-0.183076
12787,3.16662,0,nan,-0.000909353,-0.125349
12788,3.16662,0,nan,-0.000776874,0.0287587
12789,3.16662,0,nan,-0.000635724,-0.176668
12790,3.16662,0,nan,-0.000475271,0.0608505
12791,3.16662,0,nan,-0.000244264,-0.101452
12792,3.16662,0,nan,-0.000591803,-0.134169
12793,3.16662,0,nan,-0.000879036,-0.0693928
12794,3.16662,0,nan,-0.000914719,-0.18067
12795,3.16662,0,nan,-0.000813246,-0.123969
12796,3.16662,0,nan,-0.000695369,0.0851482
12797,3.16662,0,nan,-0.000791406,-0.178874
12798,3.16662,0,nan,-0.000797637,-0.0130389
12799,3.16662,0,nan,-0.00103372,-0.224155
12800,3.16662,0,nan,-0.00125854,-0.116361
12801,3.16662,0,nan,-0.00115904,-0.0312762
12802,3.16662,0,nan,-0.00122963,-0.101663
12803,3.16662,0,nan,-0.00138089,-0.228541
12804,3.16662,0,nan,-0.00143337,-0.0770533
12805,3.16662,0,nan,-0.00149704,-0.216404
12806,3.16662,0,nan,-0.0016086,0.00372799
12807,3.16662,0,nan,-0.00140786,-0.187224
12808,3.16652,0,nan,-0.00134099,-0.131076
12809,3.16652,0,nan,-0.00167343,0.0444318
12810,3.16652,0,nan,-0.00148583,-0.0357444
12811,3.16652,0,nan,-0.00168546,-0.384756
12812,3.16652,0,nan,-0.00172885,-0.0670437
12813,3.16652,0,nan,-0.0020918,-0.154891
12814,3.16652,0,nan,-0.00189969,-0.0548748
12815,3.16652,0,nan,-0.00208116,-0.0854562
12816,3.16652,-0.00872665,nan,-0.00208669,-0.0715838
12817,3.16652,0,nan,-0.00225189,-0.240065
12818,3.16652,0,nan,-0.00251448,-0.10499
12819,3.16652,-0.015708,nan,-0.00229357,-0.267918
12820,3.16652,0,nan,-0.00253448,-0.0360062
12821,3.16652,0,nan,-0.00237041,-0.0475805
12822,3.16652,-0.00174533,nan,-0.00227277,0.0504892
12823,3.16652,0,nan,-0.0024768,-0.159896
12824,3.16652,0,nan,-0.00287725,-0.206649
12825,3.16642,0,nan,-0.00291283,-0.0409248
12826,3.16642,0,nan,-0.00268892,0.086718
12827,3.16642,0,nan,-0.00275839,-0.232703
12828,3.16642,0,nan,-0.00288568,-0.289642
12829,3.16642,0,nan,-0.00289361,-0.193012
12830,3.16642,0,nan,-0.00291286,-0.11017
12831,3.16642,0,nan,-0.00300397,-0.416029
12832,3.16642,0,nan,-0.0031233,-0.029812
12833,3.16642,0,nan,-0.00273042,-0.0102678
12834,3.16642,-0.00872665,nan,-0.00251613,-0.187015
12835,3.16642,0,nan,-0.00251348,-0.0074595
12836,3.16633,0,nan,-0.00251946,-0.159903
12837,3.16633,0,nan,-0.00219938,-0.127771
12838,3.16633,-0.00872665,nan,-0.00199208,-0.304277
12839,3.16633,0,nan,-0.00208167,-0.195191
12840,3.16633,0,nan,-0.0020626,-0.0148733
12841,3.16633,0,nan,-0.00167281,-0.119848
12842,3.16633,0,nan,-0.00204383,-0.00115458
12843,3.16633,-0.00523599,nan,-0.00226731,-0.0601103
12844,3.16633,0,nan,-0.0022033,-0.266615
12845,3.16633,0,nan,-0.00224667,0.189317
12846,3.16633,0,nan,-0.00191832,0.0140018
12847,3.16633,0,nan,-0.00209097,-0.15456
12848,3.16633,0,nan,-0.00198426,-0.1947
12849,3.16623,-0.00872665,nan,-0.00164067,-0.0236382
12850,3.16623,0,nan,-0.00189031,-0.055049
12851,3.16623,0,nan,-0.00214568,-0.294078
12852,3.16623,0,nan,-0.00186846,-0.0131745
12853,3.16623,0,nan,-0.00165421,-0.272966
12854,3.16623,0,nan,-0.00185691,-0.290017
12855,3.16623,-0.00872665,nan,-0.00183804,-0.0542799
12856,3.16623,0,nan,-0.00220212,-0.22557
12857,3.16623,0,nan,-0.00246377,-0.131915
12858,3.16623,-0.00872665,nan,-0.00220982,0.120804
12859,3.16623,0,nan,-0.00231857,-0.0744733
12860,3.16623,0,nan,-0.0023535,-0.171999
12861,3.16623,0,nan,-0.00244192,-0.0069222
12862,3.16623,-0.00174533,nan,-0.0025139,-0.063289
12863,3.16614,0,nan,-0.00219351,-0.0589918
12864,3.16614,0,nan,-0.00215218,-0.169119
12865,3.16614,0,nan,-0.00217109,-0.321611
12866,3.16614,0,nan,-0.00220074,0.13479
12867,3.16614,0,nan,-0.00217164,0.107759
12868,3.16614,0,nan,-0.00217048,-0.238174
12869,3.16614,0,nan,-0.00187785,-0.012763
12870,3.16614,0,nan,-0.00184669,-0.0404292
12871,3.16614,0,nan,-0.00209515,-0.224048
12872,3.16614,0,nan,-0.00193639,-0.111061
12873,3.16614,0,nan,-0.00208327,0.0114061
12874,3.16614,0,nan,-0.00202673,-0.126127
12875,3.16604,-0.00872665,nan,-0.00200593,-0.29225
12876,3.16604,0,nan,-0.00216236,-0.0588664
12877,3.16604,0,nan,-0.00230626,-0.129981
12878,3.16604,0,nan,-0.0019907,0.0683218
12879,3.16604,0,nan,-0.0016342,0.0735529
12880,3.16604,0,nan,-0.00202234,-0.0707378
12881,3.16604,0,nan,-0.00180499,-0.136855
12882,3.16604,0,nan,-0.00207339,-0.29299
12883,3.16604,-0.00872665,nan,-0.00173948,-0.0390094
12884,3.16604,0,nan,-0.00144307,0.0343295
12885,3.16604,0,nan,-0.00163422,-0.203566
12886,3.16604,-0.00872665,nan,-0.00151111,0.116414
12887,3.16604,0,nan,-0.00162697,-0.162484
12888,3.16604,0,nan,-0.00174519,-0.0257258
12889,3.16604,0,nan,-0.00165588,-0.0243369
12890,3.16594,-0.015708,nan,-0.00165833,-0.190487
12891,3.16594,0,nan,-0.00205785,-0.320636
12892,3.16594,0,nan,-0.00195821,-0.194701
12893,3.16594,0,nan,-0.00172443,-0.122057
12894,3.16594,0,nan,-0.00156353,-0.105858
12895,3.16594,0,nan,-0.00172703,-0.357627
12896,3.16594,0,nan,-0.00166222,0.0445775
12897,3.16594,0,nan,-0.00187997,-0.318275
12898,3.16594,0,nan,-0.00211659,-0.127324
12899,3.16594,0,nan,-0.00202692,-0.0570539
12900,3.16594,-0.015708,nan,-0.00184329,-0.178904
12901,3.16594,0,nan,-0.00221513,-0.0318547
12902,3.16594,0,nan,-0.00211997,-0.169
12903,3.16594,0,nan,-0.00211383,-0.0443649
12904,3.16594,0,nan,-0.00215263,-0.113881
12905,3.16594,0,nan,-0.00213535,-0.00303938
12906,3.16585,-0.00698132,nan,-0.002556,-0.0639283
12907,3.16585,0,nan,-0.00254664,-0.22995
12908,3.16585,0,nan,-0.0026113,-0.230889
12909,3.16585,0,nan,-0.00219434,-0.017389
12910,3.16585,0,nan,-0.00226019,-0.0184265
12911,3.16585,0,nan,-0.00223442,-0.405392
12912,3.16585,-0.00523599,nan,-0.00226429,-0.0463412
12913,3.16585,0,nan,-0.0021683,0.12113
12914,3.16585,0,nan,-0.00228705,-0.129501
12915,3.16585,0,nan,-0.00246092,0.0895898
12916,3.16585,0,nan,-0.00243932,-0.339089
12917,3.16585,0,nan,-0.00223336,-0.00432669
12918,3.16585,0,nan,-0.00250823,0.0474282
12919,3.16585,0,nan,-0.00244726,-0.228551
12920,3.16585,0,nan,-0.0023331,-0.282294
12921,3.16575,0,nan,-0.00194876,0.249073
12922,3.16575,0,nan,-0.002102,0.0253822
12923,3.16575,0,nan,-0.00189085,-0.511185
12924,3.16575,0,nan,-0.0020916,-0.23781
12925,3.16575,-0.00872665,nan,-0.00174222,-0.149688
12926,3.16575,0,nan,-0.00154356,-0.022386
12927,3.16575,0,nan,-0.00111895,-0.113017
12928,3.16575,0,nan,-0.00109071,-0.00207804
12929,3.16575,0,nan,-0.00106406,-0.0570585
12930,3.16575,0,nan,-0.00120993,0.0377313
12931,3.16575,0,nan,-0.00113833,-0.113058
12932,3.16575,0,nan,-0.00099861,-0.221727
12933,3.16575,0,nan,-0.00133973,-0.213085
12934,3.16575,0,nan,-0.00148301,-0.118614
12935,3.16566,0,nan,-0.00122977,-0.225538
12936,3.16566,0,nan,-0.00120513,-0.00412273
12937,3.16566,0,nan,-0.000961744,-0.111296
12938,3.16566,0,nan,-0.00103163,-0.153882
12939,3.16566,0,nan,-0.000603031,-0.105993
12940,3.16566,0,nan,-0.000743934,-0.163502
12941,3.16566,0,nan,-0.000916238,-0.180032
12942,3.16566,0,nan,-0.000907329,-0.138287
12943,3.16566,0,nan,-0.00108251,-0.168806
12944,3.16566,0,nan,-0.000973533,-0.250361
12945,3.16566,0,nan,-0.00101243,-0.0434487
12946,3.16566,0,nan,-0.000992741,-0.0708891
12947,3.16566,0,nan,-0.00103208,-0.196066
12948,3.16566,-0.00872665,nan,-0.00100391,-0.00211158
12949,3.16566,0,nan,-0.000992496,-0.292412
12950,3.16566,0,nan,-0.00124099,-0.379261
12951,3.16566,-0.0174533,nan,-0.00134849,-0.00673948
12952,3.16566,0,nan,-0.00158147,-0.217501
12953,3.16566,0,nan,-0.00168141,-0.260347
12954,3.16566,0,nan,-0.00163611,-0.162683
12955,3.16566,0,nan,-0.00175127,-0.192011
12956,3.16556,-0.010472,nan,-0.00149926,-0.188368
12957,3.16556,0,nan,-0.00162133,-0.134926
12958,3.16556,0,nan,-0.00161912,-0.314542
12959,3.16556,0,nan,-0.00181315,-0.289757
12960,3.16556,0,nan,-0.00145846,0.033982
12961,3.16556,0,nan,-0.000969795,-0.000357252
12962,3.16556,0,nan,-0.00109301,0.0805901
12963,3.16556,0,nan,-0.00140051,-0.24205
12964,3.16556,0,nan,-0.0014752,-0.13255
12965,3.16556,0,nan,-0.00137817,-0.228268
12966,3.16556,0,nan,-0.00147404,-0.340308
12967,3.16556,0,nan,-0.00151604,0.0326836
12968,3.16556,0,nan,-0.00143499,0.158322
12969,3.16556,0,nan,-0.0016501,-0.204396
12970,3.16556,0,nan,-0.00187779,-0.207504
12971,3.16556,0,nan,-0.00221764,-0.0457362
12972,3.16556,0,nan,-0.002096,-0.113357
12973,3.16556,0,nan,-0.00246802,-0.450608
12974,3.16556,-0.00872665,nan,-0.00232752,-0.0189282
12975,3.16556,0,nan,-0.00206307,0.0676809
12976,3.16556,-0.00872665,nan,-0.00196949,-0.443216
12977,3.16547,0,nan,-0.00227703,-0.267984
12978,3.16547,0,nan,-0.00208998,0.108556
12979,3.16547,0,nan,-0.0023005,-0.171453
12980,3.16547,0,nan,-0.00213675,0.0801996
12981,3.16547,0,nan,-0.00252025,-0.354344
12982,3.16547,0,nan,-0.00252467,-0.368101
12983,3.16547,0,nan,-0.00248506,-0.187568
12984,3.16547,0,nan,-0.00260173,-0.0645781
12985,3.16547,0,nan,-0.0025154,-0.146348
12986,3.16547,0,nan,-0.00248624,-0.270462
12987,3.16547,0,nan,-0.00271242,-0.287599
12988,3.16547,0,nan,-0.00252436,-0.00793239
12989,3.16547,0,nan,-0.00273496,0.127574
12990,3.16537,-0.00174533,nan,-0.00291785,-0.04099
12991,3.16537,0,nan,-0.00286279,-0.248004
12992,3.16537,0,nan,-0.0026298,-0.174757
12993,3.16537,0,nan,-0.00270145,-0.203764
12994,3.16537,0,nan,-0.00259931,-0.133331
12995,3.16537,0,nan,-0.00267435,-0.162249
12996,3.16537,0,nan,-0.00248358,-0.242737
12997,3.16537,0,nan,-0.00231829,-0.0325765
12998,3.16537,0,nan,-0.0023706,-0.0196143
12999,3.16537,0,nan,-0.00231546,-0.102241
13000,3.16537,0,nan,-0.00231292,-0.0744631
13001,3.16537,0,nan,-0.00252139,-0.0912315
13002,3.16527,0,nan,-0.00247657,-0.0214046
13003,3.16527,0,nan,-0.00265223,-0.106781
13004,3.16527,0,nan,-0.002541,-0.0637887
13005,3.16527,0,nan,-0.00234283,-0.116212
13006,3.16527,0,nan,-0.00200279,-0.138744
13007,3.16527,0,nan,-0.00207819,-0.223163
13008,3.16527,-0.010472,nan,-0.001927,0.110689
13009,3.16527,0,nan,-0.00162963,-0.120374
13010,3.16527,0,nan,-0.00142162,-0.131048
13011,3.16527,0,nan,-0.00158769,-0.216505
13012,3.16527,0,nan,-0.00197996,-0.111891
13013,3.16527,-0.00872665,nan,-0.00162654,0.00374286
13014,3.16518,0,nan,-0.00142519,-0.0623969
13015,3.16518,0,nan,-0.00110678,-0.0854126
13016,3.16518,0,nan,-0.00083865,0.0153223
13017,3.16518,0,nan,-0.000639141,-0.0370244
13018,3.16518,0,nan,-0.000404964,-0.102682
13019,3.16518,0,nan,-0.000709943,-0.0657756
13020,3.16518,0,nan,-0.000965931,-0.235545
13021,3.16518,0,nan,-0.000908591,-0.110105
13022,3.16518,0,nan,-0.000737837,-0.273449
13023,3.16518,0,nan,-0.000998561,-0.0835662
13024,3.16518,0,nan,-0.00108368,-0.140285
13025,3.16518,0,nan,-0.00085049,0.0292323
13026,3.16518,0,nan,-0.00112352,0.0113968
13027,3.16518,0,nan,-0.00100554,-0.138989
13028,3.16518,0,nan,-0.00112292,-0.27917
13029,3.16518,0,nan,-0.000947396,-0.165807
13030,3.16508,-0.00872665,nan,-0.000603944,-0.146711
13031,3.16508,0,nan,-0.000597253,-0.174363
13032,3.16508,0,nan,-0.0011229,0.136091
13033,3.16508,0,nan,-0.00111081,-0.430929
13034,3.16508,0,nan,-0.00110199,-0.0436706
13035,3.16508,0,nan,-0.000722003,-0.148804
13036,3.16508,0,nan,-0.000529275,0.0615298
13037,3.16508,-0.00872665,nan,-0.000538054,0.0475964
13038,3.16508,0,nan,-0.000347071,-0.0327579
13039,3.16508,0,nan,-0.000395501,-0.157937
13040,3.16508,0,nan,-0.000368395,-0.129906
13041,3.16508,-0.00872665,nan,-0.000236837,-0.18314
13042,3.16508,0,nan,-0.000103083,-0.181157
13043,3.16508,0,nan,-9.35089e-05,0.0679775
13044,3.16508,0,nan,1.4649e-05,-0.137991
13045,3.16508,0,nan,0.000139018,0.112993
13046,3.16508,0,nan,8.32758e-06,0.000239684
13047,3.16508,0,nan,0.00043587,-0.103942
13048,3.16508,0,nan,0.000367297,-0.0774941
13049,3.16508,0,nan,0.000623359,0.0091734
13050,3.16508,0,nan,0.000796421,-0.278559
13051,3.16508,0,nan,0.000869122,-0.166916
13052,3.16508,0,nan,0.000728856,0.0247299
13053,3.16508,0,nan,0.000856753,0.0543527
13054,3.16508,0,nan,0.00108894,0.168589
13055,3.16508,0,nan,0.000915278,0.000269079
13056,3.16508,0,nan,0.000880517,-0.262831
13057,3.16508,0,nan,0.0006792,0.0523573
13058,3.16508,0,nan,0.000682766,0.0525144
13059,3.16508,0,nan,0.000262509,-0.174836
13060,3.16508,0,nan,1.26486e-05,0.0426443
13061,3.16508,0,nan,-1.6502e-05,-0.37263
13062,3.16508,0,nan,-0.000312246,-0.114238
13063,3.16499,0,nan,-0.000173593,-0.236759
13064,3.16499,0,nan,-0.00024619,-0.0302259
13065,3.16499,0,nan,-0.000356044,-0.391573
13066,3.16499,0,nan,-0.000462136,-0.199633
13067,3.16499,0,nan,-0.000804543,-0.0391399
13068,3.16499,0,nan,-0.00107342,0.0119974
13069,3.16499,0,nan,-0.000895511,-0.0962663
13070,3.16499,0,nan,-0.000963323,-0.290782
13071,3.16499,0,nan,-0.000733869,-0.13543
13072,3.16499,0,nan,-0.000706273,-0.231979
13073,3.16499,0,nan,-0.000664216,-0.300595
13074,3.16499,0,nan,-0.000432037,-0.0757329
13075,3.16499,0,nan,-7.8566e-05,-0.0568087
13076,3.16499,0,nan,-5.71784e-05,-0.139461
13077,3.16499,0,nan,6.62891e-05,-0.179191
13078,3.16499,-0.00698132,nan,0.000461729,-0.173629
13079,3.16499,0,nan,0.000414658,-0.21602
13080,3.16499,0,nan,0.000324258,-0.0514127
13081,3.16499,0,nan,0.000133882,-0.123084
13082,3.16499,0,nan,0.000485931,-0.0627459
13083,3.16499,0,nan,0.000803524,-0.0165436
13084,3.16499,0,nan,0.00095415,0.0135921
13085,3.16499,0,nan,0.00118196,-0.0660949
13086,3.16499,0,nan,0.00132512,-0.202087
13087,3.16499,0,nan,0.00111138,-0.454272
13088,3.16499,0,nan,0.00119971,-0.0932704
13089,3.16499,0,nan,0.00101836,0.0561343
13090,3.16499,0,nan,0.000835505,-0.209328
13091,3.16499,0,nan,0.000874974,-0.180756
13092,3.16499,0,nan,0.000573417,-0.10226
13093,3.16499,0,nan,0.000619403,-0.0881535
13094,3.16499,0,nan,0.000416664,-0.243227
13095,3.16499,0,nan,0.000536346,-0.103221
13096,3.16499,0,nan,7.9954e-05,-0.0683376
13097,3.16499,0,nan,-0.000318571,-0.101907
13098,3.16499,0,nan,6.76713e-05,0.139315
13099,3.16499,0,nan,0.000228942,-0.010376
13100,3.16499,0,nan,0.000360449,-0.00842329
13101,3.16499,0,nan,0.000243966,-0.245188
13102,3.16499,0,nan,0.000455136,-0.159029
13103,3.16499,0,nan,-6.47676e-05,-0.0837471
13104,3.16499,0,nan,0.000148233,-0.122119
13105,3.16499,0,nan,0.000268967,0.0183011
13106,3.16499,0,nan,0.000235801,0.017836
13107,3.16499,0,nan,0.000377581,-0.104355
13108,3.16499,0,nan,0.000529109,-0.129813
13109,3.16499,0,nan,8.52029e-05,-0.260866
13110,3.16499,0,nan,0.000480204,0.3398
13111,3.16499,0,nan,3.49579e-05,0.00119454
13112,3.16499,0,nan,-9.55914e-05,-0.249559
13113,3.16499,0,nan,0.000109985,-0.0527722
13114,3.16499,0,nan,-0.000123259,-0.153168
13115,3.16499,0,nan,-0.000370755,-0.336812
13116,3.16499,0,nan,-0.000112251,-0.0700703
13117,3.16499,0,nan,-0.00037783,-0.0185541
13118,3.16499,0,nan,-0.000387769,-0.00480508
13119,3.16499,0,nan,-0.000306816,-0.0173632
13120,3.16499,0,nan,-0.000311019,-0.266239
13121,3.16499,0,nan,-0.000332434,-0.100726
13122,3.16499,0,nan,-0.000403488,-0.0738116
13123,3.16499,0,nan,-0.000508662,-0.116875
13124,3.16499,0,nan,-0.000210681,-0.00159731
13125,3.16499,0,nan,-0.00030855,-0.23802
13126,3.16499,0,nan,-0.000479459,-0.157618
13127,3.16499,0,nan,-0.000753029,-0.230881
13128,3.16499,0,nan,-0.000568222,-0.0344713
13129,3.16499,0,nan,-0.000624372,-0.118499
13130,3.16499,0,nan,-0.000692799,-0.16109
13131,3.16499,0,nan,-0.000497079,-0.17203
13132,3.16499,0,nan,-0.00036104,-0.197683
13133,3.16499,0,nan,-0.000774379,-0.148673
13134,3.16499,0,nan,-0.0007367,-0.189791
13135,3.16499,0,nan,-0.000717603,-0.0651979
13136,3.16499,0,nan,-0.000579275,-0.0632129
13137,3.16499,0,nan,-0.000567354,-0.132084
13138,3.16499,0,nan,-0.000628753,0.184983
13139,3.16499,0,nan,-0.000423124,-0.0612339
13140,3.16499,0,nan,-0.000236427,-0.0586746
13141,3.16499,0,nan,-0.000229649,-0.169323
13142,3.16499,0,nan,-0.000393989,-0.185738
13143,3.16499,0,nan,-0.00027043,-0.25325
13144,3.16499,0,nan,-0.000401812,0.00758366
13145,3.16499,0,nan,-0.000448487,-0.00700352
13146,3.16499,0,nan,-0.000350581,-0.310161
13147,3.16499,0,nan,-0.00038333,-0.172432
13148,3.16499,0,nan,-0.000524724,0.032865
13149,3.16499,0,nan,-0.000279367,-0.184882
13150,3.16499,0,nan,-0.000157469,-0.252412
13151,3.16499,0,nan,-0.000159627,-0.0863604
13152,3.16499,0,nan,-0.00011853,-0.113735
13153,3.16499,0,nan,-0.000163144,0.0793727
13154,3.16499,0,nan,-0.000667128,-0.190907
13155,3.16499,0,nan,-0.00080176,-0.193333
13156,3.16499,0,nan,-0.000853471,-0.194188
13157,3.16499,0,nan,-0.00111835,-0.419213
13158,3.16499,0,nan,-0.000963825,-0.222806
13159,3.16499,0,nan,-0.000853165,-0.179571
13160,3.16499,0,nan,-0.000873483,-0.166221
13161,3.16499,0,nan,-0.000936633,-0.264373
13162,3.16489,-0.00523599,nan,-0.000974895,-0.0988248
13163,3.16489,0,nan,-0.000939227,-0.236506
13164,3.16489,0,nan,-0.000991539,-0.140353
13165,3.16489,0,nan,-0.00104029,-0.00235321
13166,3.16489,0,nan,-0.00171801,-0.565498
13167,3.16489,0,nan,-0.00149442,-0.34019
13168,3.16489,0,nan,-0.00172769,-0.357609
13169,3.16489,0,nan,-0.00151416,-0.161027
13170,3.16489,0,nan,-0.00163513,-0.259745
13171,3.16489,0,nan,-0.00165811,-0.0107183
13172,3.16489,0,nan,-0.0019169,-0.180183
13173,3.16489,0,nan,-0.00217245,-0.26673
13174,3.16489,0,nan,-0.00221829,0.0650463
13175,3.16489,0,nan,-0.0021725,-0.225123
13176,3.16489,-0.00872665,nan,-0.00207315,-0.22365
13177,3.16489,0,nan,-0.00259382,-0.576883
13178,3.16489,0,nan,-0.00270624,0.0725518
13179,3.16489,0,nan,-0.00282115,-0.025884
13180,3.16489,0,nan,-0.00281791,-0.205572
13181,3.16489,0,nan,-0.00268792,0.114461
13182,3.16489,0,nan,-0.00260776,-0.188986
13183,3.16489,0,nan,-0.00266139,-0.00995836
13184,3.16489,0,nan,-0.00224037,-0.128247
13185,3.16489,0,nan,-0.00264487,0.031918
13186,3.16489,0,nan,-0.00281576,-0.371898
13187,3.16479,-0.0122173,nan,-0.00253942,-0.06319
13188,3.16479,0,nan,-0.00243463,-0.117181
13189,3.16479,0,nan,-0.00248827,-0.118315
13190,3.16479,0,nan,-0.00252342,0.00568418
13191,3.16479,-0.00349066,nan,-0.00265274,-0.120637
13192,3.16479,0,nan,-0.00238017,-0.310464
13193,3.16479,0,nan,-0.00273078,-0.163198
13194,3.16479,0,nan,-0.00263553,-0.0509243
13195,3.16479,0,nan,-0.00249597,-0.145731
13196,3.16479,0,nan,-0.00295395,-0.332285
13197,3.16479,0,nan,-0.00285506,-0.206047
13198,3.16479,0,nan,-0.00278128,-0.0669123
13199,3.16479,-0.00523599,nan,-0.00242712,-0.186442
13200,3.16479,0,nan,-0.00249551,-0.215443
13201,3.1647,0,nan,-0.00251626,-0.201568
13202,3.1647,0,nan,-0.00245035,0.145149
13203,3.1647,0,nan,-0.00228016,-0.309377
13204,3.1647,-0.00872665,nan,-0.00237072,-0.297006
13205,3.1647,0,nan,-0.00258138,-0.258149
13206,3.1647,0,nan,-0.00263454,-0.0511559
13207,3.1647,0,nan,-0.00307727,0.150822
13208,3.1647,0,nan,-0.00304798,-0.0564208
13209,3.1647,0,nan,-0.00319245,-0.515051
13210,3.1647,-0.00872665,nan,-0.00379348,-0.426292
13211,3.1647,0,nan,-0.00338197,-0.0183866
13212,3.1646,0,nan,-0.00344779,-0.0195479
13213,3.1646,0,nan,-0.00310684,0.151396
13214,3.1646,0,nan,-0.0030225,0.0555129
13215,3.1646,-0.00349066,nan,-0.00293271,-0.150884
13216,3.1646,0,nan,-0.00220889,0.0393207
13217,3.1646,0,nan,-0.00184443,-0.0104146
13218,3.1646,0,nan,-0.00153492,-0.282625
13219,3.1646,0,nan,-0.00153576,-0.0890982
13220,3.1646,0,nan,-0.00158687,-0.131469
13221,3.16451,0,nan,-0.00139175,0.161971
13222,3.16451,-0.00872665,nan,-0.00141295,-0.0734865
13223,3.16451,0,nan,-0.00140565,-0.156422
13224,3.16451,-0.00174533,nan,-0.00129918,-0.154787
13225,3.16451,0,nan,-0.00127977,-0.168415
13226,3.16451,0,nan,-0.00153414,-0.116867
13227,3.16451,0,nan,-0.00163843,0.14404
13228,3.16451,0,nan,-0.0013095,0.0654214
13229,3.16451,0,nan,-0.00153711,-0.187222
13230,3.16441,0,nan,-0.00154316,-0.395205
13231,3.16441,-0.015708,nan,-0.00208541,-0.126646
13232,3.16441,0,nan,-0.00223504,-0.0875089
13233,3.16441,0,nan,-0.00198707,-0.0285263
13234,3.16441,0,nan,-0.00176014,0.0578921
13235,3.16441,0,nan,-0.00160151,-0.285865
13236,3.16441,0,nan,-0.00172053,0.0857574
13237,3.16441,0,nan,-0.0014274,0.0482229
13238,3.16431,-0.00872665,nan,-0.00108984,-0.126559
13239,3.16431,0,nan,-0.0011038,0.163678
13240,3.16431,0,nan,-0.000935063,-0.124729
13241,3.16431,0,nan,-0.000993859,-0.222687
13242,3.16431,0,nan,-0.00066654,0.0169935
13243,3.16431,0,nan,-0.000509845,-0.0636407
13244,3.16431,0,nan,-0.00070949,0.141038
13245,3.16431,0,nan,-0.000764795,-0.343739
13246,3.16431,0,nan,-0.00088,-0.0963124
13247,3.16431,0,nan,-0.000967717,-0.000817823
13248,3.16422,0,nan,-0.000851228,-0.068201
13249,3.16422,0,nan,-0.00112239,-0.155173
13250,3.16422,0,nan,-0.000955056,-0.346436
13251,3.16422,0,nan,-0.0009758,-0.277738
13252,3.16422,0,nan,-0.000764281,-0.150216
13253,3.16422,0,nan,-0.000691245,-0.0387034
13254,3.16422,0,nan,-0.000385441,-0.227845
13255,3.16422,0,nan,-0.000585556,-0.0514037
13256,3.16422,0,nan,-0.000520759,0.0463336
13257,3.16422,-0.0122173,nan,-0.000307486,-0.0609753
13258,3.16422,0,nan,0.000301565,0.100357
13259,3.16422,0,nan,0.0006235,-0.00545898
13260,3.16422,0,nan,0.00026317,-0.384394
13261,3.16412,0,nan,0.000447002,-0.146517
13262,3.16412,0,nan,0.000601427,-0.143943
13263,3.16412,0,nan,0.0005848,0.0356228
13264,3.16412,0,nan,0.000912744,-0.0977405
13265,3.16412,0,nan,0.00115502,0.0997043
13266,3.16412,0,nan,0.000946449,-0.0694078
13267,3.16412,0,nan,0.000467347,-0.0627783
13268,3.16412,0,nan,0.000447104,-0.0495105
13269,3.16412,0,nan,0.000751154,-0.11406
13270,3.16412,0,nan,0.00117583,-0.148922
13271,3.16412,0,nan,0.000895745,-0.318731
13272,3.16412,0,nan,0.000630965,-0.336236
13273,3.16412,0,nan,0.000901385,0.0966597
13274,3.16412,0,nan,0.000714333,-0.0858339
13275,3.16412,0,nan,0.000846006,-0.0561007
13276,3.16412,0,nan,0.00065865,0.107335
13277,3.16412,0,nan,0.000837279,-0.0280752
13278,3.16412,0,nan,0.000700282,-0.0987624
13279,3.16412,0,nan,0.000592765,-0.100175
13280,3.16412,0,nan,0.000537795,0.189562
13281,3.16412,0,nan,2.73691e-05,-0.150015
13282,3.16412,0,nan,-2.89726e-05,-0.275384
13283,3.16412,0,nan,0.000214055,0.0739087
13284,3.16412,0,nan,0.000386602,-0.0895425
13285,3.16412,0,nan,0.000704118,0.0813117
13286,3.16412,0,nan,0.000639381,-0.23768
13287,3.16412,0,nan,0.000894245,-0.109268
13288,3.16412,0,nan,0.000800568,0.0138525
13289,3.16412,0,nan,0.000797004,-0.345749
13290,3.16412,0,nan,0.000946069,-0.094217
13291,3.16412,0,nan,0.000791462,-0.0271141
13292,3.16412,0,nan,0.000608086,-0.0847421
13293,3.16412,0,nan,0.000808168,-0.247802
13294,3.16412,0,nan,0.000939419,-0.0244973
13295,3.16412,0,nan,0.00113059,-0.0629661
13296,3.16412,0,nan,0.0013677,-0.142314
13297,3.16412,0,nan,0.00131292,-0.0738132
13298,3.16412,0,nan,0.00178437,-0.176998
13299,3.16412,0,nan,0.00188303,0.0322385
13300,3.16412,0,nan,0.00165793,-0.0817018
13301,3.16412,0,nan,0.00187937,-0.202794
13302,3.16412,0,nan,0.00194218,0.0887508
13303,3.16412,0,nan,0.00167804,-0.205769
13304,3.16412,0,nan,0.00171698,-0.122111
13305,3.16412,0,nan,0.00177854,-0.0659272
13306,3.16412,0,nan,0.00175947,0.251936
13307,3.16412,0,nan,0.00165274,-0.0399568
13308,3.16412,0,nan,0.00178645,0.0727971
13309,3.16412,0,nan,0.00202519,0.0488733
13310,3.16412,0,nan,0.00204533,-0.00570392
13311,3.16412,0,nan,0.00163518,-0.0667989
13312,3.16412,0,nan,0.00166496,0.0308651
13313,3.16412,0,nan,0.0017171,0.0181416
13314,3.16412,0,nan,0.00174246,-0.147373
13315,3.16412,0,nan,0.00182143,-0.104518
13316,3.16412,0,nan,0.00170781,-0.147366
13317,3.16412,0,nan,0.00188122,-0.255234
13318,3.16412,0,nan,0.0017103,-0.188625
13319,3.16412,0,nan,0.00144703,-0.248019
13320,3.16412,0,nan,0.00192772,0.368027
13321,3.16412,0,nan,0.00230532,-0.110194
13322,3.16412,0,nan,0.00204899,-0.19696
13323,3.16412,0,nan,0.00202426,0.245584
13324,3.16412,0,nan,0.0018847,-0.254432
13325,3.16412,0,nan,0.00183714,-0.0197359
13326,3.16412,0,nan,0.002069,0.06697
13327,3.16412,0,nan,0.00203056,0.0253167
13328,3.16412,0,nan,0.00151135,-0.286694
13329,3.16412,0,nan,0.00187556,0.134158
13330,3.16412,0,nan,0.00195267,-0.168819
13331,3.16412,0,nan,0.00161156,-0.201712
13332,3.16412,0,nan,0.00151558,-0.147696
13333,3.16412,0,nan,0.00172086,-0.0474985
13334,3.16412,0,nan,0.00189876,0.0802431
13335,3.16412,0,nan,0.0018105,-0.0314042
13336,3.16412,0,nan,0.00168754,-0.282057
13337,3.16412,0,nan,0.00218406,-0.094786
13338,3.16412,0,nan,0.0020112,-0.456932
13339,3.16412,0,nan,0.00202682,-0.0553185
13340,3.16412,0,nan,0.00168231,-0.281725
13341,3.16412,0,nan,0.00160072,-0.116927
13342,3.16412,0,nan,0.00165901,0.078085
13343,3.16412,0,nan,0.00165186,-0.115855
13344,3.16412,0,nan,0.00128912,-0.0933636
13345,3.16412,0,nan,0.000961976,-0.112049
13346,3.16412,0,nan,0.000935603,-0.236862
13347,3.16412,0,nan,0.000598133,-0.435529
13348,3.16412,0,nan,0.000767174,0.051277
13349,3.16412,0,nan,0.000126689,-0.220993
13350,3.16412,0,nan,0.000425098,0.253992
13351,3.16412,0,nan,0.000288091,0.0170588
13352,3.16412,0,nan,0.000266261,-0.19066
13353,3.16412,0,nan,-4.91528e-05,-0.167476
13354,3.16412,0,nan,-0.000201119,-0.0869629
13355,3.16412,0,nan,-0.000166627,-0.114426
13356,3.16412,0,nan,-3.81115e-05,-0.0294826
13357,3.16412,0,nan,-0.000224152,-0.377956
13358,3.16412,0,nan,-0.000503845,-0.229996
13359,3.16412,0,nan,-0.000902763,-0.125335
13360,3.16412,0,nan,-0.000855195,-0.0556463
13361,3.16412,0,nan,-0.000731634,-0.0813488
13362,3.16412,0,nan,-0.000842066,0.0415368
13363,3.16412,0,nan,-0.00100457,-0.320895
13364,3.16412,0,nan,-0.00103431,-0.141604
13365,3.16412,0,nan,-0.00104637,-0.114146
13366,3.16412,0,nan,-0.000774789,0.0420999
13367,3.16412,0,nan,-0.000694109,-0.0812415
13368,3.16412,0,nan,-0.000543478,-0.0651626
13369,3.16412,0,nan,-0.000555866,-0.0377006
13370,3.16412,0,nan,-0.000816239,-0.0694243
13371,3.16412,0,nan,-0.00106708,0.0925979
13372,3.16412,0,nan,-0.000852058,-0.153065
13373,3.16412,0,nan,-0.000907932,0.0394439
13374,3.16412,0,nan,-0.00117218,-0.157988
13375,3.16412,0,nan,-0.00169424,-0.193433
13376,3.16412,0,nan,-0.00150149,-0.107666
13377,3.16412,0,nan,-0.00164963,-0.0546787
13378,3.16412,0,nan,-0.00197442,-0.101224
13379,3.16412,0,nan,-0.00236366,0.113916
13380,3.16412,0,nan,-0.00251041,-0.317027
13381,3.16412,0,nan,-0.00247368,-0.0679723
13382,3.16412,0,nan,-0.00211268,-0.049049
13383,3.16412,0,nan,-0.00178902,0.121672
13384,3.16412,0,nan,-0.00149146,-0.0815473
13385,3.16412,0,nan,-0.00157484,0.0277582
13386,3.16412,0,nan,-0.00189845,-0.0329725
13387,3.16412,0,nan,-0.00187018,-0.0465798
13388,3.16412,0,nan,-0.00185198,-0.0464528
13389,3.16412,0,nan,-0.0018045,0.0785687
13390,3.16412,0,nan,-0.00202512,-0.22931
13391,3.16412,0,nan,-0.00200938,-0.146538
13392,3.16412,0,nan,-0.00232056,-0.109934
13393,3.16412,0,nan,-0.00226185,-0.330976
13394,3.16412,0,nan,-0.00235811,-0.194548
13395,3.16412,0,nan,-0.0025838,-0.0737736
13396,3.16412,0,nan,-0.00283116,-0.132756
13397,3.16412,0,nan,-0.00294245,-0.272842
13398,3.16412,0,nan,-0.00263275,0.0775736
13399,3.16412,0,nan,-0.00238794,0.108639
13400,3.16412,0,nan,-0.00220616,-0.220788
13401,3.16412,0,nan,-0.00223095,0.0137721
13402,3.16412,0,nan,-0.00231378,-0.319672
13403,3.16412,0,nan,-0.00209923,-0.330405
13404,3.16412,0,nan,-0.00199029,-0.246084
13405,3.16412,0,nan,-0.00204396,-0.343885
13406,3.16412,-0.00872665,nan,-0.00193466,-0.315131
13407,3.16403,0,nan,-0.00177883,-0.285301
13408,3.16403,0,nan,-0.00175289,-0.20201
13409,3.16403,0,nan,-0.00198392,-0.0947504
13410,3.16403,0,nan,-0.00196397,0.0577105
13411,3.16403,0,nan,-0.00184876,-0.134245
13412,3.16403,0,nan,-0.00239631,-0.0042712
13413,3.16403,0,nan,-0.00282189,-0.259896
13414,3.16403,0,nan,-0.00263772,-0.285078
13415,3.16403,0,nan,-0.0028013,-0.011149
13416,3.16403,0,nan,-0.00309489,-0.154082
13417,3.16403,0,nan,-0.00296752,0.0556091
13418,3.16403,0,nan,-0.00303037,-0.00083753
13419,3.16403,0,nan,-0.0031298,-0.0437454
13420,3.16403,0,nan,-0.00301393,-0.208315
13421,3.16403,0,nan,-0.00292759,-0.0269026
13422,3.16403,-0.00174533,nan,-0.00358996,-0.146669
13423,3.16403,0,nan,-0.00329742,-0.308528
13424,3.16403,0,nan,-0.00346166,-0.0480595
13425,3.16403,0,nan,-0.00342369,-0.296823
13426,3.16403,-0.00523599,nan,-0.0035357,-0.270604
13427,3.16403,0,nan,-0.00368348,-0.32792
13428,3.16403,-0.00872665,nan,-0.0037275,-0.162306
13429,3.16393,0,nan,-0.0039519,-0.192921
13430,3.16393,-0.0139626,nan,-0.00383839,-0.136032
13431,3.16393,0,nan,-0.00398724,-0.0271944
13432,3.16393,-0.00872665,nan,-0.0038555,-0.191548
13433,3.16393,0,nan,-0.00387265,-0.0534024
13434,3.16393,0,nan,-0.003709,-0.147779
13435,3.16393,0,nan,-0.00385489,-0.0531716
13436,3.16393,0,nan,-0.00388514,-0.0258671
13437,3.16393,0,nan,-0.00382377,-0.0804647
13438,3.16393,0,nan,-0.00334815,0.00909301
13439,3.16384,0,nan,-0.00361167,-0.119254
13440,3.16384,0,nan,-0.00334703,-0.295242
13441,3.16384,-0.00872665,nan,-0.00332687,-0.253636
13442,3.16384,0,nan,-0.00343834,-0.200094
13443,3.16384,0,nan,-0.00340292,0.0357973
13444,3.16384,0,nan,-0.00343667,-0.020037
13445,3.16384,0,nan,-0.00374636,-0.273342
13446,3.16374,0,nan,-0.00387218,-0.233137
13447,3.16374,-0.00698132,nan,-0.0036297,-0.395855
13448,3.16374,0,nan,-0.00345522,-0.158341
13449,3.16374,0,nan,-0.00323049,-0.238249
13450,3.16374,0,nan,-0.0028605,0.0297299
13451,3.16374,0,nan,-0.00288078,-0.0259264
13452,3.16364,0,nan,-0.00291269,-0.427716
13453,3.16364,0,nan,-0.00291169,0.167228
13454,3.16364,0,nan,-0.00280644,-0.121511
13455,3.16364,0,nan,-0.00242398,-0.0331613
13456,3.16364,0,nan,-0.00239816,-0.0189211
13457,3.16364,0,nan,-0.00249863,-0.297221
13458,3.16355,0,nan,-0.00236923,-0.143511
13459,3.16355,0,nan,-0.00233979,0.119473
13460,3.16355,-0.00872665,nan,-0.00221036,-0.23839
13461,3.16355,0,nan,-0.00191623,0.0562224
13462,3.16355,-0.00872665,nan,-0.00184772,-0.0946114
13463,3.16355,0,nan,-0.00128291,-0.238431
13464,3.16345,0,nan,-0.00100571,0.0699346
13465,3.16345,0,nan,-0.00127448,-0.0452742
13466,3.16345,-0.00872665,nan,-0.0011837,-0.154585
13467,3.16345,0,nan,-0.00109035,0.247826
13468,3.16345,0,nan,-0.000637862,0.143621
13469,3.16345,0,nan,-0.000256313,0.204737
13470,3.16345,0,nan,0.000177185,0.127933
13471,3.16336,0,nan,0.000503974,0.118825
13472,3.16336,0,nan,0.000923252,0.0698258
13473,3.16336,0,nan,0.000749044,-0.126371
13474,3.16336,-0.0174533,nan,0.00110684,-0.0516287
13475,3.16336,0,nan,0.000982777,-0.205627
13476,3.16336,0,nan,0.0006015,-0.142001
13477,3.16336,0,nan,0.000482584,-0.171392
13478,3.16336,0,nan,0.000516349,-0.0463312
13479,3.16336,0,nan,0.000426242,-0.158269
13480,3.16336,0,nan,0.000516169,-0.0461605
13481,3.16336,0,nan,0.000524452,-0.0043274
13482,3.16336,0,nan,0.00049568,-0.267775
13483,3.16326,-0.00872665,nan,0.000437753,-0.171564
13484,3.16326,0,nan,0.00069054,-0.153927
13485,3.16326,0,nan,0.000421677,-0.226912
13486,3.16326,0,nan,0.000225939,0.116165
13487,3.16326,0,nan,0.000184501,-0.0364811
13488,3.16326,0,nan,0.000449461,-0.18458
13489,3.16326,0,nan,0.000475607,-0.0455735
13490,3.16326,0,nan,0.000632982,-0.11205
13491,3.16326,0,nan,0.000784873,-0.220467
13492,3.16326,0,nan,0.000464172,-0.15618
13493,3.16326,0,nan,0.0004493,-0.156257
13494,3.16326,0,nan,0.000269507,-0.186539
13495,3.16326,0,nan,0.000100662,-0.244429
13496,3.16326,0,nan,8.82674e-05,-0.120116
13497,3.16326,0,nan,9.10898e-05,-0.00934545
13498,3.16326,0,nan,0.000118641,0.115435
13499,3.16326,0,nan,-3.67948e-05,0.0163251
13500,3.16326,-0.0174533,nan,0.000440008,-0.0319776
13501,3.16326,0,nan,0.000456973,-0.280536
13502,3.16326,0,nan,0.00080284,-0.109381
13503,3.16326,0,nan,0.00073318,-0.221022
13504,3.16326,0,nan,0.00031061,-0.268752
13505,3.16326,0,nan,0.000383689,-0.143126
13506,3.16326,-0.00698132,nan,0.000240575,-0.21429
13507,3.16326,0,nan,0.000243052,-0.0482989
13508,3.16326,0,nan,0.000213092,-0.0208118
13509,3.16326,0,nan,-6.64835e-05,-0.301495
13510,3.16326,0,nan,5.31713e-05,-0.0921752
13511,3.16326,0,nan,-9.91436e-05,-0.136116
13512,3.16326,0,nan,-0.000252353,0.124563
13513,3.16326,0,nan,-0.000138496,-0.0813027
13514,3.16326,0,nan,0.000114553,-0.0497839
13515,3.16316,0,nan,-0.000118564,-0.149832
13516,3.16316,0,nan,4.37931e-05,-0.0505067
13517,3.16316,0,nan,-9.38694e-05,-0.260155
13518,3.16316,0,nan,-0.000214118,-0.178918
13519,3.16316,0,nan,-0.00055032,-0.308522
13520,3.16316,0,nan,-0.000195083,-0.150938
13521,3.16316,0,nan,-0.000291449,-0.0692729
13522,3.16316,0,nan,-0.000257194,-0.013392
13523,3.16316,0,nan,-0.000371574,-0.443887
13524,3.16316,0,nan,-0.000485446,-0.210269
13525,3.16316,0,nan,-0.000676978,-0.116451
13526,3.16316,0,nan,-0.000381772,-0.0430149
13527,3.16316,0,nan,-0.000798022,-0.187464
13528,3.16316,0,nan,-0.000841402,-0.104991
13529,3.16316,0,nan,-0.000767749,0.0342716
13530,3.16316,-0.00872665,nan,-0.000538456,-0.0729673
13531,3.16316,0,nan,-0.000744291,-0.255776
13532,3.16316,0,nan,-0.000681196,-0.075098
13533,3.16316,0,nan,-0.000617255,-0.00506477
13534,3.16316,0,nan,-0.000396663,0.0811032
13535,3.16316,0,nan,-0.000394551,-0.167671
13536,3.16316,0,nan,-0.000479738,0.0247599
13537,3.16316,0,nan,-0.000297307,0.0138481
13538,3.16316,0,nan,-0.000206386,-0.150649
13539,3.16316,0,nan,0.000109047,0.268858
13540,3.16316,0,nan,0.000250389,-0.26843
13541,3.16316,0,nan,0.000178237,0.0210693
13542,3.16316,0,nan,0.000264818,-0.199038
13543,3.16316,0,nan,0.000268136,-0.00531603
13544,3.16316,0,nan,0.000118501,0.0203523
13545,3.16316,0,nan,0.000276641,-0.157213
13546,3.16316,0,nan,-0.00010333,-0.0659477
13547,3.16316,0,nan,-0.00022466,-0.0123673
13548,3.16316,0,nan,9.95626e-05,-0.187221
13549,3.16316,0,nan,0.000260917,-0.0741496
13550,3.16316,0,nan,0.000493168,-0.112514
13551,3.16316,0,nan,0.000172911,-0.117264
13552,3.16316,0,nan,-0.000178358,-0.205638
13553,3.16316,0,nan,-0.000286725,-0.138251
13554,3.16316,0,nan,-0.0004471,0.149655
13555,3.16316,0,nan,-0.000271889,-0.124518
13556,3.16316,0,nan,0.000226921,-0.020333
13557,3.16316,0,nan,5.943e-05,-0.35488
13558,3.16316,0,nan,-0.000381853,-0.25082
13559,3.16316,0,nan,-0.000168441,0.333422
13560,3.16316,0,nan,-1.58904e-08,0.0453405
13561,3.16316,0,nan,-0.000143283,-0.274913
13562,3.16316,0,nan,-0.000267796,-0.0414695
13563,3.16316,0,nan,-0.000472309,-0.0725609
13564,3.16316,0,nan,-0.000656995,-0.213737
13565,3.16316,0,nan,-0.000639325,-0.296732
13566,3.16316,0,nan,-0.000916561,-0.0799064
13567,3.16316,0,nan,-0.000988626,-0.23331
13568,3.16316,0,nan,-0.00122007,-0.278322
13569,3.16316,0,nan,-0.0012939,-0.224189
13570,3.16316,0,nan,-0.00117949,-0.00120731
13571,3.16316,0,nan,-0.00109907,-0.249139
13572,3.16307,0,nan,-0.0011572,-0.0981176
13573,3.16307,0,nan,-0.0012271,-0.0996235
13574,3.16307,0,nan,-0.00132516,0.258419
13575,3.16307,0,nan,-0.0013742,-0.157386
13576,3.16307,0,nan,-0.00114059,-0.140206
13577,3.16307,-0.00872665,nan,-0.00137771,-0.268495
13578,3.16307,0,nan,-0.00160947,-0.202987
13579,3.16307,0,nan,-0.00176382,-0.0670536
13580,3.16307,0,nan,-0.00160851,-0.202879
13581,3.16307,0,nan,-0.00178625,-0.357881
13582,3.16307,0,nan,-0.00174032,-0.163559
13583,3.16307,0,nan,-0.00173787,-0.191292
13584,3.16307,0,nan,-0.00195568,-0.0977261
13585,3.16307,0,nan,-0.00191875,-0.180339
13586,3.16307,0,nan,-0.00189951,0.0691904
13587,3.16307,-0.00872665,nan,-0.00217071,-0.155917
13588,3.16307,0,nan,-0.00222157,-0.211762
13589,3.16307,0,nan,-0.00243664,-0.449863
13590,3.16307,0,nan,-0.00256539,-0.230087
13591,3.16307,0,nan,-0.00241911,-0.0340636
13592,3.16307,0,nan,-0.00222459,-0.0589647
13593,3.16307,0,nan,-0.00207144,-0.0568651
13594,3.16307,0,nan,-0.00209632,-0.0434007
13595,3.16297,-0.0139626,nan,-0.00233396,-0.0748552
13596,3.16297,0,nan,-0.00203957,-0.00151942
13597,3.16297,0,nan,-0.00201029,0.123248
13598,3.16297,-0.0174533,nan,-0.00186084,0.097605
13599,3.16297,0,nan,-0.00155233,-0.160609
13600,3.16297,0,nan,-0.00173689,-0.163745
13601,3.16297,-0.015708,nan,-0.00155086,-0.105615
13602,3.16297,0,nan,-0.00192382,-0.263498
13603,3.16297,0,nan,-0.00141352,-0.103602
13604,3.16297,0,nan,-0.00141432,-0.380472
13605,3.16297,-0.00698132,nan,-0.00154332,-0.105445
13606,3.16297,0,nan,-0.00150759,-0.22976
13607,3.16297,0,nan,-0.00140515,-0.14556
13608,3.16297,0,nan,-0.00133554,0.0627486
13609,3.16297,0,nan,-0.00112171,0.0934827
13610,3.16297,0,nan,-0.00154187,-0.258533
13611,3.16297,0,nan,-0.00126457,0.105568
13612,3.16288,0,nan,-0.00167945,-0.149531
13613,3.16288,0,nan,-0.00128983,-0.226725
13614,3.16288,0,nan,-0.00162119,-0.121075
13615,3.16288,0,nan,-0.00196744,-0.167123
13616,3.16288,0,nan,-0.00195513,-0.125417
13617,3.16288,-0.00872665,nan,-0.00207095,0.0254151
13618,3.16288,0,nan,-0.001996,-0.305635
13619,3.16288,0,nan,-0.00206568,-0.278993
13620,3.16288,0,nan,-0.00187135,-0.0130873
13621,3.16288,0,nan,-0.00173825,-0.232693
13622,3.16288,0,nan,-0.00186885,-0.138144
13623,3.16288,0,nan,-0.00189582,-0.110797
13624,3.16288,0,nan,-0.00209103,-0.279521
13625,3.16288,0,nan,-0.00203539,-0.00150143
13626,3.16288,0,nan,-0.00191837,-0.0553838
13627,3.16288,-0.00872665,nan,-0.00191333,-0.248781
13628,3.16278,0,nan,-0.00195762,-0.111213
13629,3.16278,0,nan,-0.00206777,-0.113032
13630,3.16278,-0.00523599,nan,-0.00206942,-0.126604
13631,3.16278,0,nan,-0.00242089,-0.0483785
13632,3.16278,-0.00872665,nan,-0.00251184,-0.215606
13633,3.16278,0,nan,-0.00245782,0.200421
13634,3.16278,0,nan,-0.00220101,-0.0449851
13635,3.16278,0,nan,-0.00201881,-0.484938
13636,3.16278,0,nan,-0.00214931,-0.238248
13637,3.16278,0,nan,-0.0022575,-0.170894
13638,3.16278,0,nan,-0.00238329,-0.00634308
13639,3.16268,0,nan,-0.0025269,-0.437406
13640,3.16268,0,nan,-0.00264328,-0.0651184
13641,3.16268,0,nan,-0.00276819,-0.343719
13642,3.16268,0,nan,-0.00283276,-0.27516
13643,3.16268,0,nan,-0.00302704,-0.0285606
13644,3.16268,0,nan,-0.00303742,-0.014844
13645,3.16268,0,nan,-0.00321182,-0.0586605
13646,3.16268,0,nan,-0.00323442,-0.142047
13647,3.16268,-0.00872665,nan,-0.00328056,-0.142647
13648,3.16268,0,nan,-0.00295985,-0.165701
13649,3.16259,0,nan,-0.00288221,-0.151066
13650,3.16259,0,nan,-0.00263487,0.0460264
13651,3.16259,0,nan,-0.00249737,-0.0212626
13652,3.16259,0,nan,-0.00246321,-0.422201
13653,3.16259,0,nan,-0.00224693,-0.073465
13654,3.16259,0,nan,-0.00225518,0.21694
13655,3.16259,0,nan,-0.00203865,0.0403541
13656,3.16259,0,nan,-0.0019259,0.0416539
13657,3.16259,0,nan,-0.00174017,0.0166032
13658,3.16259,0,nan,-0.00166925,-0.314587
13659,3.16249,0,nan,-0.00189075,-0.262512
13660,3.16249,0,nan,-0.00170712,-0.0936705
13661,3.16249,-0.00872665,nan,-0.00188753,-0.138018
13662,3.16249,0,nan,-0.00185222,-0.0547228
13663,3.16249,0,nan,-0.00155125,-0.396275
13664,3.16249,-0.0139626,nan,-0.00124583,-0.0460348
13665,3.16249,0,nan,-0.00138606,-0.131175
13666,3.16249,-0.00872665,nan,-0.00142542,-0.173383
13667,3.16249,0,nan,-0.0014779,-0.146576
13668,3.16249,0,nan,-0.00126435,-0.185139
13669,3.16249,0,nan,-0.0011255,-0.210835
13670,3.16249,0,nan,-0.000786288,-0.0398346
13671,3.16249,0,nan,-0.000609612,0.0870664
13672,3.1624,0,nan,-0.000732092,-0.136228
13673,3.1624,0,nan,-0.00075495,-0.247486
13674,3.1624,0,nan,-0.000646535,-0.0243108
13675,3.1624,0,nan,-0.000626605,-0.093067
13676,3.1624,0,nan,-0.0008053,0.125684
13677,3.1624,0,nan,-0.000970783,-0.195139
13678,3.1624,0,nan,-0.000791298,-0.316791
13679,3.1624,0,nan,-0.00107773,-0.168905
13680,3.1624,0,nan,-0.00128284,-0.21359
13681,3.1624,0,nan,-0.00147554,-0.02224
13682,3.1624,0,nan,-0.00140013,-0.284011
13683,3.1624,0,nan,-0.00140907,0.186641
13684,3.1624,0,nan,-0.00119518,-0.322044
13685,3.1624,0,nan,-0.00107437,-0.458837
13686,3.1624,0,nan,-0.00125218,-0.337355
13687,3.1623,0,nan,-0.00169863,-0.135837
13688,3.1623,0,nan,-0.00187313,0.0556845
13689,3.1623,0,nan,-0.00170084,-0.121667
13690,3.1623,0,nan,-0.00170742,0.044153
13691,3.1623,0,nan,-0.00125098,-0.0873119
13692,3.1623,0,nan,-0.00117862,-0.321431
13693,3.1623,0,nan,-0.00104634,-0.153751
13694,3.1623,-0.00872665,nan,-0.000755893,-0.301672
13695,3.1623,0,nan,-0.000857941,-0.372296
13696,3.1623,0,nan,-0.00147653,-0.118622
13697,3.1623,0,nan,-0.00151013,-0.21623
13698,3.1623,0,nan,-0.00147837,-0.202095
13699,3.1623,0,nan,-0.00133051,-0.0338178
13700,3.1623,0,nan,-0.00138571,-0.283639
13701,3.1623,0,nan,-0.0015892,-0.175893
13702,3.1623,0,nan,-0.00172359,-0.0808601
13703,3.1623,0,nan,-0.00185553,-0.0687264
13704,3.1623,0,nan,-0.00199464,-0.458297
13705,3.16221,-0.015708,nan,-0.00173917,-0.0114342
13706,3.16221,0,nan,-0.00155528,-0.11957
13707,3.16221,0,nan,-0.00162665,-0.14819
13708,3.16221,-0.010472,nan,-0.00190338,-0.359732
13709,3.16221,0,nan,-0.00161953,-0.147996
13710,3.16221,0,nan,-0.00176493,-0.178022
13711,3.16221,-0.00872665,nan,-0.0017392,-0.399187
13712,3.16221,0,nan,-0.00233165,-0.213405
13713,3.16221,0,nan,-0.00226728,-0.350826
13714,3.16221,0,nan,-0.00224157,0.147837
13715,3.16221,0,nan,-0.0021827,-0.11434
13716,3.16221,0,nan,-0.00225979,-0.33711
13717,3.16221,0,nan,-0.0021324,-0.141108
13718,3.16221,0,nan,-0.00236544,-0.283088
13719,3.16221,0,nan,-0.00271544,0.113985
13720,3.16211,-0.0139626,nan,-0.00274702,-0.342973
13721,3.16211,0,nan,-0.00285344,-0.0401527
13722,3.16211,-0.00872665,nan,-0.00258554,-0.382205
13723,3.16211,0,nan,-0.00252285,-0.132434
13724,3.16211,0,nan,-0.00269882,-0.536293
13725,3.16211,0,nan,-0.00256176,-0.215947
13726,3.16211,0,nan,-0.00260374,0.0877635
13727,3.16211,0,nan,-0.0026742,-0.259402
13728,3.16211,0,nan,-0.00265273,-0.00984578
13729,3.16211,0,nan,-0.00229207,-0.0877475
13730,3.16211,0,nan,-0.00225642,0.0370595
13731,3.16201,0,nan,-0.00231842,0.147001
13732,3.16201,0,nan,-0.00247885,-0.394944
13733,3.16201,0,nan,-0.00196225,-0.0413945
13734,3.16201,0,nan,-0.00170788,-0.134487
13735,3.16201,0,nan,-0.00142015,0.063426
13736,3.16201,-0.00872665,nan,-0.00141877,0.160118
13737,3.16201,0,nan,-0.00148784,-0.394341
13738,3.16201,-0.00872665,nan,-0.00200796,-0.319251
13739,3.16201,0,nan,-0.00151189,-0.201354
13740,3.16201,0,nan,-0.0014307,-0.0618988
13741,3.16201,-0.00872665,nan,-0.00141809,0.104259
13742,3.16201,0,nan,-0.00126319,-0.294812
13743,3.16201,0,nan,-0.00136985,-0.158421
13744,3.16192,0,nan,-0.00126516,-0.0602386
13745,3.16192,0,nan,-0.00128215,-0.0744145
13746,3.16192,0,nan,-0.0012812,-0.365046
13747,3.16192,0,nan,-0.00107293,-0.0995656
13748,3.16192,0,nan,-0.00113732,-0.142038
13749,3.16192,0,nan,-0.00154851,-0.175526
13750,3.16192,0,nan,-0.00163803,-0.176595
13751,3.16192,0,nan,-0.0018611,-0.0687988
13752,3.16192,0,nan,-0.00160346,-0.120319
13753,3.16192,0,nan,-0.00131275,-0.130147
13754,3.16192,0,nan,-0.00179806,-0.109526
13755,3.16192,0,nan,-0.00173093,-0.039409
13756,3.16192,0,nan,-0.0019495,-0.0281863
13757,3.16192,0,nan,-0.00186657,-0.0410205
13758,3.16192,0,nan,-0.00191132,-0.0279051
13759,3.16192,0,nan,-0.00177519,0.0569577
13760,3.16182,0,nan,-0.00176771,-0.247306
13761,3.16182,0,nan,-0.00131591,-0.047069
13762,3.16182,0,nan,-0.00149562,-0.0637709
13763,3.16182,0,nan,-0.00130144,-0.171469
13764,3.16182,0,nan,-0.00110758,-0.0995823
13765,3.16182,0,nan,-0.00130479,-0.255013
13766,3.16182,0,nan,-0.00107601,-0.0719252
13767,3.16182,0,nan,-0.00128803,-0.172037
13768,3.16182,0,nan,-0.00155119,-0.34164
13769,3.16182,0,nan,-0.00149222,-0.2162
13770,3.16182,-0.00872665,nan,-0.00152205,-0.161099
13771,3.16182,0,nan,-0.00174269,-0.219535
13772,3.16182,0,nan,-0.00158032,-0.189631
13773,3.16182,0,nan,-0.0015049,-0.0224823
13774,3.16182,0,nan,-0.00157668,-0.0927992
13775,3.16182,0,nan,-0.00171312,-0.122271
13776,3.16182,0,nan,-0.00189692,-0.110811
13777,3.16182,0,nan,-0.00178445,-0.275283
13778,3.16182,-0.00872665,nan,-0.00166482,0.00300455
13779,3.16173,0,nan,-0.00220647,-0.267173
13780,3.16173,0,nan,-0.00229796,-0.0883092
13781,3.16173,0,nan,-0.00189438,-0.0406647
13782,3.16173,0,nan,-0.00183943,-0.0260569
13783,3.16173,0,nan,-0.00186623,-0.0405215
13784,3.16173,-0.00872665,nan,-0.00216788,-0.072787
13785,3.16173,0,nan,-0.00208537,-0.099412
13786,3.16173,0,nan,-0.00182514,0.00119558
13787,3.16173,0,nan,-0.00170261,-0.0251919
13788,3.16173,0,nan,-0.0018775,-0.22135
13789,3.16173,0,nan,-0.00147301,-0.16012
13790,3.16173,0,nan,-0.00139983,-0.200518
13791,3.16173,0,nan,-0.00154657,-0.147382
13792,3.16173,0,nan,-0.00142955,-0.00726878
13793,3.16173,0,nan,-0.00156628,-0.230646
13794,3.16163,-0.00872665,nan,-0.00194335,-0.111415
13795,3.16163,0,nan,-0.00167265,-0.190613
13796,3.16163,-0.00872665,nan,-0.00165922,0.127844
13797,3.16163,0,nan,-0.00127888,0.133293
13798,3.16163,0,nan,-0.00140268,-0.0896883
13799,3.16163,-0.00872665,nan,-0.00158904,-0.189354
13800,3.16163,0,nan,-0.00178963,-0.192423
13801,3.16163,0,nan,-0.00147659,-0.118594
13802,3.16163,0,nan,-0.00165194,-0.121253
13803,3.16163,0,nan,-0.00107017,0.0254637
13804,3.16163,0,nan,-0.00078135,-0.122041
13805,3.16163,0,nan,-0.000676741,-0.217525
13806,3.16163,0,nan,-0.000555412,-0.0495284
13807,3.16163,0,nan,-0.00108148,-0.0437083
13808,3.16163,0,nan,-0.00077375,-0.136188
13809,3.16163,0,nan,-0.000363624,0.0217634
13810,3.16163,-0.00872665,nan,-0.000438963,-0.103984
13811,3.16153,0,nan,-0.000625927,-0.0928315
13812,3.16153,0,nan,-0.000799822,-0.095481
13813,3.16153,0,nan,-0.000590928,-0.0649097
13814,3.16153,0,nan,-0.00069204,-0.163686
13815,3.16153,-0.00872665,nan,-0.000268097,0.0225238
13816,3.16153,0,nan,-0.000100569,-0.0168032
13817,3.16153,0,nan,-0.000285675,-0.185413
13818,3.16153,0,nan,-0.000116536,0.398151
13819,3.16153,0,nan,-2.47476e-05,-0.389184
13820,3.16153,0,nan,-0.000167047,0.120557
13821,3.16153,0,nan,-0.000151706,-0.0037671
13822,3.16153,0,nan,-0.000197069,-0.239639
13823,3.16153,0,nan,-3.59126e-05,0.0256415
13824,3.16153,0,nan,-0.000271175,0.00802485
13825,3.16153,0,nan,-0.000182952,0.0232264
13826,3.16153,0,nan,-0.000295582,-0.0891977
13827,3.16153,0,nan,-0.000242001,0.0220532
13828,3.16153,0,nan,-0.000193801,-0.226427
13829,3.16153,0,nan,-0.000102024,-0.0868232
13830,3.16153,0,nan,-0.000325221,-0.422153
13831,3.16153,0,nan,-0.000130067,-0.281133
13832,3.16153,0,nan,-0.000337519,0.131416
13833,3.16153,-0.00872665,nan,-0.000197505,-0.295441
13834,3.16153,0,nan,2.45512e-05,0.0120435
13835,3.16153,0,nan,-0.000147684,-0.391893
13836,3.16153,0,nan,-0.00038094,-0.395674
13837,3.16153,0,nan,-0.000276746,-0.255464
13838,3.16153,0,nan,-0.000307102,-0.145375
13839,3.16153,0,nan,-0.000419049,-0.119036
13840,3.16153,0,nan,-0.000410519,-0.257509
13841,3.16153,0,nan,-0.000386361,0.0752046
13842,3.16153,-0.00349066,nan,-8.41695e-05,-0.1692
13843,3.16153,0,nan,-0.000364024,0.0203549
13844,3.16153,0,nan,-0.000224249,-0.0328089
13845,3.16153,0,nan,-0.000422488,-0.0357239
13846,3.16153,0,nan,-0.000850763,-0.124909
13847,3.16153,0,nan,-0.000755276,-0.164952
13848,3.16153,0,nan,-0.000742075,-0.0265538
13849,3.16153,0,nan,-0.000559921,-0.342042
13850,3.16153,0,nan,-0.000386583,-0.090463
13851,3.16144,0,nan,-0.000793772,-0.0272259
13852,3.16144,0,nan,-0.000784099,0.0421442
13853,3.16144,0,nan,-0.000951314,0.16461
13854,3.16144,0,nan,-0.00101905,-0.22391
13855,3.16144,0,nan,-0.0012035,-0.171041
13856,3.16144,0,nan,-0.00131378,-0.0339859
13857,3.16144,0,nan,-0.00111906,-0.127785
13858,3.16144,0,nan,-0.0014886,-0.119352
13859,3.16144,0,nan,-0.0011324,-0.114075
13860,3.16144,0,nan,-0.00065869,-0.0239861
13861,3.16144,0,nan,-0.000395355,-0.0896133
13862,3.16144,0,nan,-0.000440268,-0.104068
13863,3.16144,0,nan,-0.000361075,-0.338229
13864,3.16144,0,nan,-0.000496855,-0.409284
13865,3.16144,0,nan,-0.000402972,0.117755
13866,3.16144,0,nan,-0.000389787,-0.324535
13867,3.16144,0,nan,-0.000159898,0.107563
13868,3.16144,0,nan,-0.000367491,-0.26917
13869,3.16144,0,nan,-0.000555334,-0.189012
13870,3.16144,0,nan,-0.000719698,-0.205065
13871,3.16144,0,nan,-0.000572357,-0.119946
13872,3.16144,0,nan,-0.000878183,-0.138575
13873,3.16144,0,nan,-0.00101111,-0.26548
13874,3.16144,0,nan,-0.000920731,-0.0702289
13875,3.16144,0,nan,-0.00126863,0.0496941
13876,3.16144,0,nan,-0.00086184,0.0418948
13877,3.16144,0,nan,-0.00080896,0.0839675
13878,3.16144,0,nan,-0.000664429,0.00331339
13879,3.16144,0,nan,-0.000581994,-0.161134
13880,3.16144,0,nan,-0.000508432,-0.187749
13881,3.16144,0,nan,-0.000490594,0.116798
13882,3.16144,0,nan,-2.50263e-05,-0.125358
13883,3.16144,0,nan,-0.000184732,-0.348887
13884,3.16144,0,nan,-0.000566293,0.0189049
13885,3.16134,0,nan,-0.000532313,-0.284956
13886,3.16134,0,nan,-0.000427979,-0.227948
13887,3.16134,0,nan,-0.000507487,-0.0217731
13888,3.16134,0,nan,-0.000415932,-0.214057
13889,3.16134,0,nan,-0.000181898,-0.0584721
13890,3.16134,0,nan,-0.000442818,-0.269983
13891,3.16134,0,nan,-0.00092162,-0.0559736
13892,3.16134,0,nan,-0.000734807,-0.329589
13893,3.16134,0,nan,-0.00107071,-0.251694
13894,3.16134,-0.00872665,nan,-0.00115378,-0.142068
13895,3.16134,0,nan,-0.00115984,-0.142158
13896,3.16134,0,nan,-0.00150882,-0.493484
13897,3.16134,0,nan,-0.00167416,-0.0109216
13898,3.16134,0,nan,-0.00187187,0.166492
13899,3.16134,0,nan,-0.0018611,-0.0824098
13900,3.16134,0,nan,-0.00172563,-0.0251979
13901,3.16134,0,nan,-0.00153825,0.074238
13902,3.16134,0,nan,-0.00197152,0.0405786
13903,3.16134,0,nan,-0.00215293,-0.335721
13904,3.16134,0,nan,-0.00261543,-0.0786051
13905,3.16134,0,nan,-0.00271185,-0.135245
13906,3.16134,0,nan,-0.00253254,-0.215616
13907,3.16134,0,nan,-0.00202955,-0.208609
13908,3.16134,0,nan,-0.00194595,0.0828954
13909,3.16134,0,nan,-0.0020574,-0.167965
13910,3.16134,0,nan,-0.0019991,-0.125416
13911,3.16134,0,nan,-0.00172004,-0.0659371
13912,3.16125,-0.0174533,nan,-0.00167726,-0.21769
13913,3.16125,0,nan,-0.0023767,-0.283235
13914,3.16125,0,nan,-0.00220515,0.245659
13915,3.16125,0,nan,-0.00209435,-0.167961
13916,3.16125,-0.00349066,nan,-0.00186389,-0.109566
13917,3.16125,0,nan,-0.00204598,-0.0849589
13918,3.16125,0,nan,-0.00203452,-0.098751
13919,3.16125,-0.015708,nan,-0.00240182,-0.29741
13920,3.16125,0,nan,-0.00271059,-0.342971
13921,3.16125,-0.00872665,nan,-0.00220699,-0.0724828
13922,3.16125,0,nan,-0.00204731,-0.180918
13923,3.16125,0,nan,-0.00202559,-0.26365
13924,3.16125,0,nan,-0.00209865,-0.167978
13925,3.16125,0,nan,-0.0025145,-0.368063
13926,3.16125,0,nan,-0.00237188,-0.22737
13927,3.16125,0,nan,-0.00232866,-0.0884663
13928,3.16115,0,nan,-0.00264887,-0.134435
13929,3.16115,0,nan,-0.00229809,-0.0322772
13930,3.16115,-0.0174533,nan,-0.00230693,0.0364068
13931,3.16115,0,nan,-0.00252637,0.0194946
13932,3.16115,0,nan,-0.00240114,-0.310764
13933,3.16115,-0.00872665,nan,-0.00262752,-0.0926112
13934,3.16115,0,nan,-0.00298719,-0.277232
13935,3.16115,0,nan,-0.00323948,-0.349846
13936,3.16115,0,nan,-0.0033212,-0.22608
13937,3.16115,0,nan,-0.00314976,-0.333767
13938,3.16115,0,nan,-0.0031019,-0.291948
13939,3.16106,-0.00872665,nan,-0.00299882,-0.0278071
13940,3.16106,0,nan,-0.00313012,-0.251273
13941,3.16106,-0.00872665,nan,-0.0029782,-0.110734
13942,3.16106,0,nan,-0.00307582,-0.153835
13943,3.16106,-0.00872665,nan,-0.0030398,-0.0840131
13944,3.16106,0,nan,-0.00325066,-0.0730142
13945,3.16106,0,nan,-0.00340109,-0.102668
13946,3.16106,-0.00872665,nan,-0.00357379,0.0612845
13947,3.16106,0,nan,-0.00363149,-0.0918139
13948,3.16096,0,nan,-0.00374691,-0.190256
13949,3.16096,0,nan,-0.00361784,0.143794
13950,3.16096,-0.00349066,nan,-0.00315505,-0.112519
13951,3.16096,0,nan,-0.0033159,-0.115003
13952,3.16096,0,nan,-0.00288111,-0.0258305
13953,3.16096,0,nan,-0.00253836,-0.131663
13954,3.16086,0,nan,-0.00233593,-0.0182135
13955,3.16086,0,nan,-0.00214309,-0.209034
13956,3.16086,0,nan,-0.00176128,-0.0375244
13957,3.16086,0,nan,-0.00187174,0.140185
13958,3.16086,-0.015708,nan,-0.00185838,-0.178097
13959,3.16086,0,nan,-0.00183563,-0.288896
13960,3.16086,0,nan,-0.00172976,0.0579006
13961,3.16086,-0.00698132,nan,-0.00165442,-0.286949
13962,3.16077,0,nan,-0.00175238,-0.0670722
13963,3.16077,0,nan,-0.00159184,-0.175524
13964,3.16077,0,nan,-0.00125197,-0.115026
13965,3.16077,0,nan,-0.00131488,0.0776261
13966,3.16077,0,nan,-0.001549,-0.354545
13967,3.16077,0,nan,-0.00144308,-0.0210543
13968,3.16077,-0.00349066,nan,-0.00142778,-0.00727378
13969,3.16077,0,nan,-0.00162944,-0.176311
13970,3.16077,0,nan,-0.00189928,-0.401399
13971,3.16077,0,nan,-0.00217252,-0.169789
13972,3.16067,0,nan,-0.00213604,-0.0862219
13973,3.16067,0,nan,-0.00231545,-0.254741
13974,3.16067,0,nan,-0.00218913,-0.211215
13975,3.16067,-0.00872665,nan,-0.00220035,-0.239245
13976,3.16067,0,nan,-0.00192814,-0.179954
13977,3.16067,-0.00872665,nan,-0.00185468,-0.275914
13978,3.16067,0,nan,-0.00184668,-0.137609
13979,3.16067,-0.00174533,nan,-0.00201308,-0.264659
13980,3.16067,0,nan,-0.00204169,-0.27883
13981,3.16058,-0.00872665,nan,-0.00194085,-0.249373
13982,3.16058,0,nan,-0.00167969,0.045068
13983,3.16058,0,nan,-0.00153099,-0.257211
13984,3.16058,0,nan,-0.00135497,-0.157846
13985,3.16058,0,nan,-0.00166718,-0.315014
13986,3.16058,0,nan,-0.001479,-0.340307
13987,3.16058,-0.00872665,nan,-0.00123554,-0.101891
13988,3.16058,0,nan,-0.00130713,-0.379873
13989,3.16058,0,nan,-0.00108529,-0.0723684
13990,3.16058,0,nan,-0.000536756,-0.00896924
13991,3.16058,0,nan,-0.000666152,-0.246324
13992,3.16058,0,nan,-0.00118474,-0.0600062
13993,3.16048,0,nan,-0.00108009,-0.0170992
13994,3.16048,0,nan,-0.00106546,0.080033
13995,3.16048,-0.00872665,nan,-0.00111994,-0.128364
13996,3.16048,0,nan,-0.00131918,-0.186394
13997,3.16048,0,nan,-0.00125744,-0.171583
13998,3.16048,-0.00872665,nan,-0.00115208,-0.114872
13999,3.16048,0,nan,-0.00117982,-0.0597537
14000,3.16048,0,nan,-0.00149086,-0.105393
14001,3.16048,0,nan,-0.00164134,-0.370617
14002,3.16048,0,nan,-0.00144169,-0.118515
14003,3.16048,0,nan,-0.00171864,-0.0251371
14004,3.16048,0,nan,-0.00160498,-0.175801
14005,3.16048,0,nan,-0.00152842,-0.39614
14006,3.16048,0,nan,-0.00172821,-0.122174
14007,3.16038,0,nan,-0.00192724,-0.0281121
14008,3.16038,0,nan,-0.00206264,-0.459119
14009,3.16038,0,nan,-0.0026215,0.0459557
14010,3.16038,0,nan,-0.00223044,-0.0451054
14011,3.16038,0,nan,-0.00226567,-0.0177879
14012,3.16038,-0.00523599,nan,-0.00233135,-0.157528
14013,3.16038,0,nan,-0.00239019,-0.116978
14014,3.16038,-0.0139626,nan,-0.00203343,-0.0702998
14015,3.16038,0,nan,-0.00228753,-0.419846
14016,3.16029,0,nan,-0.00206585,-0.12633
14017,3.16029,-0.0174533,nan,-0.00181334,0.0849084
14018,3.16029,0,nan,-0.00140187,0.0215935
14019,3.16029,0,nan,-0.00119386,0.0383327
14020,3.16029,0,nan,-0.00120852,-0.197062
14021,3.16029,0,nan,-0.00108166,-0.0433304
14022,3.16029,0,nan,-0.000730489,-0.0657918
14023,3.16029,-0.00349066,nan,-0.000404292,0.0774229
14024,3.16029,0,nan,-0.000417241,-0.102884
14025,3.16029,0,nan,-0.000681077,-0.203479
14026,3.16029,0,nan,-0.00049323,0.0205894
14027,3.16029,0,nan,-0.000471375,0.117862
14028,3.16029,0,nan,-0.000492596,-0.186789
14029,3.16029,0,nan,-0.000181751,-0.0576998
14030,3.16019,-0.00872665,nan,-0.000411515,-0.0470652
14031,3.16019,0,nan,-0.000671175,-0.106391
14032,3.16019,0,nan,-0.000671798,0.0457394
14033,3.16019,0,nan,-0.000436788,-0.00615876
14034,3.16019,0,nan,-0.000211526,-0.0167323
14035,3.16019,0,nan,-0.000190539,-0.0993108
14036,3.16019,0,nan,-0.000405874,-0.254578
14037,3.16019,0,nan,-0.000526849,-0.0766021
14038,3.16019,0,nan,-0.000445542,0.00770034
14039,3.16019,0,nan,-0.000437882,-0.10299
14040,3.16019,0,nan,-0.000165138,-0.334167
14041,3.16019,0,nan,-0.000206874,-0.182893
14042,3.16019,0,nan,-0.000162262,0.135926
14043,3.16019,0,nan,-0.000219942,-0.155424
14044,3.16019,0,nan,-0.000204062,-0.113589
14045,3.16019,0,nan,-0.00025606,-0.0727632
14046,3.16019,0,nan,4.46853e-05,0.083904
14047,3.16019,0,nan,-0.000261664,-0.114264
14048,3.16019,0,nan,-6.0808e-05,-0.0282713
14049,3.16019,0,nan,0.000213017,-0.0517924
14050,3.16019,-0.00872665,nan,0.000205857,-0.0103417
14051,3.16019,0,nan,4.78866e-05,-0.0956445
14052,3.16019,0,nan,4.26943e-06,-0.303664
14053,3.1601,-0.00872665,nan,-0.000262376,-0.418247
14054,3.1601,0,nan,-0.000298626,-0.211803
14055,3.1601,0,nan,-0.000232974,-0.15552
14056,3.1601,0,nan,-0.000253762,0.176106
14057,3.1601,0,nan,8.10163e-06,-0.0272974
14058,3.1601,0,nan,8.84148e-05,0.0292241
14059,3.1601,0,nan,-0.000169547,-0.223575
14060,3.1601,0,nan,0.000455613,0.325343
14061,3.1601,0,nan,0.000722354,-0.196043
14062,3.1601,0,nan,0.000988582,-0.344129
14063,3.1601,0,nan,0.000793496,-0.181203
14064,3.1601,0,nan,0.000708006,-0.0993798
14065,3.1601,0,nan,0.000441372,-0.117149
14066,3.1601,0,nan,0.000488056,-0.213226
14067,3.1601,0,nan,0.000312354,-0.0219089
14068,3.1601,0,nan,0.000437613,-0.0616079
14069,3.1601,0,nan,0.000513721,-0.0880954
14070,3.1601,0,nan,6.85321e-05,-0.219144
14071,3.1601,0,nan,-0.00013494,0.0682081
14072,3.1601,-0.00349066,nan,-0.000576997,-0.159843
14073,3.1601,0,nan,-0.000741536,-0.411603
14074,3.1601,0,nan,-0.000542144,-0.381449
14075,3.1601,0,nan,-0.00066796,-0.217514
14076,3.1601,0,nan,-0.00083564,-0.303165
14077,3.1601,0,nan,-0.00130074,-0.103061
14078,3.1601,-0.015708,nan,-0.0014844,-0.119297
14079,3.1601,0,nan,-0.00138487,-0.173077
14080,3.1601,0,nan,-0.00151785,-0.119484
14081,3.1601,0,nan,-0.00158531,-0.0790625
14082,3.1601,-0.0122173,nan,-0.00122938,-0.101578
14083,3.1601,0,nan,-0.00157753,-0.189752
14084,3.1601,0,nan,-0.00126881,-0.0745158
14085,3.1601,0,nan,-0.00114532,0.0931762
14086,3.1601,0,nan,-0.00130415,-0.116804
14087,3.1601,0,nan,-0.00101259,0.0533041
14088,3.16,-0.00349066,nan,-0.000821205,0.0700711
14089,3.16,0,nan,-0.000808162,-0.0264153
14090,3.16,0,nan,-0.000829036,0.0149168
14091,3.16,0,nan,-0.000642172,-0.134454
14092,3.16,0,nan,-0.000324445,-0.309636
14093,3.16,0,nan,-0.000521099,-0.326551
14094,3.16,0,nan,-0.000651642,-0.0380847
14095,3.16,0,nan,-0.000753868,-0.233157
14096,3.16,0,nan,-0.000756498,-0.247152
14097,3.16,0,nan,-0.000654372,0.252596
14098,3.16,0,nan,-0.000165345,0.148947
14099,3.16,0,nan,-0.000141154,-0.127261
14100,3.16,0,nan,-0.000133738,-0.182712
14101,3.16,0,nan,-6.53021e-05,-0.195621
14102,3.16,0,nan,-7.66257e-05,-0.292631
14103,3.16,0,nan,3.07025e-05,-0.0558689
14104,3.16,0,nan,0.000163597,-0.0261868
14105,3.16,0,nan,0.00010963,-0.220622
14106,3.16,0,nan,0.000435693,-0.132738
14107,3.16,0,nan,0.000444876,-0.215622
14108,3.16,0,nan,3.4322e-05,-0.346232
14109,3.16,0,nan,-0.000272033,-0.281531
14110,3.16,0,nan,0.000115921,-0.220517
14111,3.16,0,nan,0.000238812,-0.274014
14112,3.16,0,nan,0.000313789,-0.0929518
14113,3.16,0,nan,0.000590312,0.0495316
14114,3.16,-0.00872665,nan,0.000531239,-0.103474
14115,3.16,0,nan,0.000558028,-0.0340039
14116,3.16,0,nan,0.000479189,-0.0904561
14117,3.16,0,nan,0.000543299,-0.0481087
14118,3.16,0,nan,0.000548043,-0.18637
14119,3.16,0,nan,0.000513043,-0.159329
14120,3.16,0,nan,0.00047113,-0.298418
14121,3.16,0,nan,0.000410781,-0.188671
14122,3.16,0,nan,0.000400711,-0.13339
14123,3.16,-0.0174533,nan,0.000482807,-0.339402
14124,3.16,0,nan,0.000758624,-0.113766
14125,3.16,0,nan,0.000160869,-0.122525
14126,3.16,0,nan,6.08193e-05,0.0972145
14127,3.16,0,nan,0.000361837,-0.00881363
14128,3.16,0,nan,0.000544274,-0.10283
14129,3.16,0,nan,0.000642728,-0.253633
14130,3.16,0,nan,0.0005175,-0.255424
14131,3.16,0,nan,0.000499948,-0.144868
14132,3.16,0,nan,0.000796499,0.0116806
14133,3.16,0,nan,0.000514617,-0.0890263
14134,3.16,0,nan,0.000494234,-0.14441
14135,3.16,0,nan,0.0005373,-0.0748361
14136,3.16,0,nan,0.00035727,-0.0777262
14137,3.16,0,nan,-4.19394e-05,-0.29126
14138,3.16,0,nan,7.48797e-05,-0.0129324
14139,3.16,0,nan,8.27282e-05,-0.0679599
14140,3.16,0,nan,0.000135514,-0.0949191
14141,3.16,0,nan,-0.000307021,-0.253627
14142,3.16,0,nan,-0.000298551,0.216682
14143,3.16,0,nan,-0.000221273,-0.0313969
14144,3.16,0,nan,-0.000439496,0.0758314
14145,3.16,0,nan,-0.000367834,-0.213703
14146,3.16,0,nan,-0.00086427,-0.0550102
14147,3.16,0,nan,-0.000743583,-0.0257146
14148,3.1599,0,nan,-0.00086525,-0.138525
14149,3.1599,0,nan,-0.000411074,-0.00727718
14150,3.1599,0,nan,-0.000860159,-0.249439
14151,3.1599,0,nan,-0.00130056,-0.241547
14152,3.1599,0,nan,-0.000877775,0.151979
14153,3.1599,0,nan,-0.00114227,-0.474688
14154,3.1599,0,nan,-0.00135395,-0.159148
14155,3.1599,-0.00872665,nan,-0.00132319,-0.117023
14156,3.1599,0,nan,-0.00103587,-0.0989432
14157,3.1599,0,nan,-0.00103851,-0.0851776
14158,3.1599,0,nan,-0.00121378,-0.198427
14159,3.1599,0,nan,-0.00123938,0.0502936
14160,3.1599,0,nan,-0.00123933,-0.102262
14161,3.1599,0,nan,-0.00129169,-0.130641
14162,3.1599,0,nan,-0.000921403,-0.166709
14163,3.1599,0,nan,-0.000871093,0.0690512
14164,3.1599,0,nan,-0.00101745,-0.113103
14165,3.1599,0,nan,-0.000894804,-0.152974
14166,3.1599,0,nan,-0.000998843,-0.196012
14167,3.1599,0,nan,-0.00102131,-0.168673
14168,3.1599,0,nan,-0.00124002,-0.0191782
14169,3.1599,0,nan,-0.00110498,0.0106672
14170,3.1599,0,nan,-0.000927551,-0.401815
14171,3.1599,0,nan,-0.00163065,-0.135047
14172,3.1599,0,nan,-0.00129501,0.14654
14173,3.1599,-0.00872665,nan,-0.00145606,0.0749553
14174,3.1599,0,nan,-0.00125515,-0.0190369
14175,3.1599,0,nan,-0.00132153,0.00779173
14176,3.1599,0,nan,-0.00157663,-0.175754
14177,3.1599,0,nan,-0.00165491,-0.0799672
14178,3.1599,0,nan,-0.00179192,-0.17864
14179,3.1599,0,nan,-0.00193612,-0.0974718
14180,3.1599,0,nan,-0.00186508,0.0700446
14181,3.1599,0,nan,-0.00229735,-0.212959
14182,3.1599,0,nan,-0.00217055,-0.22503
14183,3.1599,0,nan,-0.00250979,-0.132627
14184,3.15981,0,nan,-0.00232818,-0.282017
14185,3.15981,0,nan,-0.00233839,0.0774335
14186,3.15981,0,nan,-0.0021226,-0.0301447
14187,3.15981,-0.00872665,nan,-0.00200423,0.0823776
14188,3.15981,0,nan,-0.00185186,-0.0124427
14189,3.15981,0,nan,-0.0019385,0.151893
14190,3.15981,0,nan,-0.00185253,-0.248296
14191,3.15981,0,nan,-0.00180812,0.0150569
14192,3.15981,0,nan,-0.00179601,-0.192201
14193,3.15981,0,nan,-0.00173403,-0.315924
14194,3.15981,0,nan,-0.00150733,0.282436
14195,3.15981,0,nan,-0.00147275,-0.0353415
14196,3.15981,0,nan,-0.00174072,0.0712546
14197,3.15981,0,nan,-0.00144244,-0.201184
14198,3.15981,0,nan,-0.00148759,-0.119331
14199,3.15981,0,nan,-0.00166257,-0.2878
14200,3.15981,0,nan,-0.00169673,-0.0665692
14201,3.15981,0,nan,-0.00211428,-0.141335
14202,3.15981,0,nan,-0.00171647,-0.107622
14203,3.15971,-0.00872665,nan,-0.00157233,-0.0916814
14204,3.15971,0,nan,-0.00132664,-0.364942
14205,3.15971,0,nan,-0.00134195,-0.102662
14206,3.15971,0,nan,-0.00151,-0.104941
14207,3.15971,-0.00523599,nan,-0.00139802,-0.0340946
14208,3.15971,0,nan,-0.0013632,-0.241097
14209,3.15971,0,nan,-0.00160456,-0.0786825
14210,3.15971,0,nan,-0.00175166,-0.219176
14211,3.15971,0,nan,-0.00175348,-0.399241
14212,3.15971,0,nan,-0.0017528,-0.261213
14213,3.15971,0,nan,-0.00175854,-0.10887
14214,3.15971,-0.0174533,nan,-0.00154862,-0.16127
14215,3.15971,0,nan,-0.00128876,-0.185352
14216,3.15971,0,nan,-0.00135134,-0.227972
14217,3.15971,0,nan,-0.00142671,-0.159782
14218,3.15971,0,nan,-0.0018692,-0.165846
14219,3.15971,0,nan,-0.00176462,-0.0121492
14220,3.15962,-0.00872665,nan,-0.00180628,-0.137274
14221,3.15962,0,nan,-0.00190654,-0.221727
14222,3.15962,0,nan,-0.00162546,0.0316453
14223,3.15962,0,nan,-0.00172531,-0.0391452
14224,3.15962,0,nan,-0.00181103,-0.109568
14225,3.15962,0,nan,-0.00161793,0.114434
14226,3.15962,0,nan,-0.00156863,-0.202925
14227,3.15962,0,nan,-0.00195495,-0.0700189
14228,3.15962,-0.00872665,nan,-0.00230135,-0.129918
14229,3.15962,0,nan,-0.00250028,-0.0907958
14230,3.15962,0,nan,-0.00261412,-0.272289
14231,3.15962,0,nan,-0.00238241,0.0635705
14232,3.15962,0,nan,-0.0022702,-0.101139
14233,3.15962,0,nan,-0.00205114,-0.0982305
14234,3.15962,0,nan,-0.00189744,-0.012914
14235,3.15952,-0.00872665,nan,-0.00143825,-0.379497
14236,3.15952,0,nan,-0.00178498,-0.121899
14237,3.15952,0,nan,-0.00177227,-0.190941
14238,3.15952,-0.00872665,nan,-0.00152849,-0.104339
14239,3.15952,0,nan,-0.00123152,0.176842
14240,3.15952,0,nan,-0.00121819,0.149488
14241,3.15952,0,nan,-0.00113809,-0.0569142
14242,3.15952,0,nan,-0.00108815,-0.195011
14243,3.15952,0,nan,-0.00105104,-0.332715
14244,3.15952,0,nan,-0.00119569,-0.237974
14245,3.15952,0,nan,-0.000648479,-0.119269
14246,3.15952,0,nan,-0.000803778,-0.0386335
14247,3.15952,0,nan,-0.000816678,-0.357033
14248,3.15952,-0.0139626,nan,-0.000765288,0.0171344
14249,3.15952,0,nan,-0.000321121,-0.0177953
14250,3.15952,0,nan,-9.05647e-05,-0.249922
14251,3.15952,0,nan,-0.000332794,-0.25385
14252,3.15943,0,nan,-0.000273636,-0.101035
14253,3.15943,0,nan,-0.000230802,-0.0314129
14254,3.15943,0,nan,3.59247e-06,-0.34609
14255,3.15943,0,nan,-0.00029101,-0.170897
14256,3.15943,0,nan,-0.000288691,-0.129331
14257,3.15943,0,nan,-0.000180713,-0.183085
14258,3.15943,0,nan,-0.000252566,-0.0596132
14259,3.15943,0,nan,-4.79453e-06,-0.277199
14260,3.15943,0,nan,2.89346e-05,-0.221373
14261,3.15943,0,nan,0.000212167,-0.0940824
14262,3.15943,-0.00872665,nan,0.000121538,-0.385881
14263,3.15943,0,nan,-0.000271902,-0.391676
14264,3.15943,0,nan,-5.49637e-05,-0.0151407
14265,3.15943,0,nan,-0.000539732,-0.0502329
14266,3.15943,0,nan,-0.000330097,0.0772705
14267,3.15943,0,nan,-0.000308846,-0.129844
14268,3.15943,0,nan,-0.000547783,-0.202831
14269,3.15943,-0.00698132,nan,-0.000648046,0.0724126
14270,3.15943,0,nan,-0.00106509,-0.26585
14271,3.15943,0,nan,-0.0011338,-0.00394852
14272,3.15943,0,nan,-0.00102556,0.135987
14273,3.15943,-0.00872665,nan,-0.00107654,-0.210722
14274,3.15943,0,nan,-0.00130104,-0.15846
14275,3.15943,0,nan,-0.00119629,-0.0186097
14276,3.15943,0,nan,-0.00126488,-0.129957
14277,3.15933,-0.010472,nan,-0.00108661,-0.0305566
14278,3.15933,0,nan,-0.00116462,-0.294471
14279,3.15933,0,nan,-0.000502036,0.185638
14280,3.15933,0,nan,-0.000516497,-0.188195
14281,3.15933,0,nan,-0.0007199,-0.135999
14282,3.15933,0,nan,-0.000346549,0.0492059
14283,3.15933,0,nan,-0.000236781,-0.032059
14284,3.15933,0,nan,-0.000602708,0.0729888
14285,3.15933,0,nan,-0.000682697,-0.246074
14286,3.15933,0,nan,-0.000456138,-0.228869
14287,3.15933,0,nan,-0.000405146,-0.0343914
14288,3.15933,0,nan,-5.70961e-06,-0.0838292
14289,3.15933,0,nan,-0.000285906,-0.129612
14290,3.15933,0,nan,-0.000160124,-0.072449
14291,3.15933,0,nan,-7.13457e-05,0.0948599
14292,3.15933,-0.00174533,nan,-5.87879e-05,-0.0156232
14293,3.15933,0,nan,0.000401747,-0.0221849
14294,3.15933,0,nan,0.000530537,-0.0892534
14295,3.15933,0,nan,0.000529231,-0.255184
14296,3.15933,0,nan,0.000187506,-0.0389866
14297,3.15933,0,nan,0.000237524,-0.107342
14298,3.15933,0,nan,0.000133317,-0.0811891
14299,3.15933,0,nan,0.000782859,0.0532142
14300,3.15933,0,nan,0.000666609,-0.142145
14301,3.15933,-0.00872665,nan,0.000772891,-0.182388
14302,3.15933,0,nan,0.000434973,-0.228828
14303,3.15933,0,nan,8.71747e-05,-0.275649
14304,3.15933,0,nan,0.000167034,0.209745
14305,3.15933,0,nan,-0.000369624,-0.365544
14306,3.15933,0,nan,-8.76728e-05,0.0121233
14307,3.15933,0,nan,7.7035e-05,-0.0549605
14308,3.15933,0,nan,0.000291378,-0.0795083
14309,3.15933,0,nan,0.00032611,-0.161882
14310,3.15933,0,nan,-3.36258e-05,0.0403476
14311,3.15933,0,nan,-0.000292863,-0.212502
14312,3.15933,0,nan,-0.000344727,0.00802534
14313,3.15933,0,nan,-0.000387944,-0.3384
14314,3.15933,0,nan,-0.000375504,0.104861
14315,3.15933,0,nan,-0.000501858,-0.0769455
14316,3.15933,0,nan,-0.000567728,-0.160886
14317,3.15933,0,nan,-0.000519776,-0.0358188
14318,3.15933,0,nan,-0.000208185,0.107261
14319,3.15933,0,nan,-0.000255509,-0.211708
14320,3.15933,0,nan,-0.000222184,0.176206
14321,3.15933,-0.00872665,nan,3.44137e-05,-0.345497
14322,3.15933,0,nan,8.49995e-05,-0.109356
14323,3.15933,0,nan,8.63166e-05,-0.0814992
14324,3.15933,0,nan,-1.28142e-05,0.0692496
14325,3.15933,0,nan,0.000249571,-0.134277
14326,3.15933,0,nan,0.000254775,-0.106236
14327,3.15933,0,nan,0.000225527,-0.079089
14328,3.15933,0,nan,4.88881e-06,-0.0132348
14329,3.15933,0,nan,-0.000307128,-0.156379
14330,3.15933,0,nan,-0.000215065,-0.113369
14331,3.15923,0,nan,2.73609e-06,0.0559496
14332,3.15923,0,nan,-0.000161107,-0.11241
14333,3.15923,0,nan,0.000117213,0.113168
14334,3.15923,0,nan,-7.77877e-05,-0.124772
14335,3.15923,0,nan,0.000158676,-0.162554
14336,3.15923,0,nan,9.79773e-05,-0.163466
14337,3.15923,0,nan,-0.000130973,0.109882
14338,3.15923,0,nan,-6.60208e-05,-0.110542
14339,3.15923,0,nan,0.000133966,-0.107532
14340,3.15923,0,nan,0.000270942,-0.257703
14341,3.15923,0,nan,0.000179029,-0.0791693
14342,3.15923,0,nan,0.00063116,0.0935295
14343,3.15923,0,nan,0.000487462,-0.116253
14344,3.15923,0,nan,0.000631065,-0.197102
14345,3.15923,0,nan,0.000488315,0.119088
14346,3.15923,0,nan,0.000524988,-0.392039
14347,3.15923,0,nan,0.000466898,0.0496631
14348,3.15923,0,nan,0.000832758,-0.110831
14349,3.15923,0,nan,0.000943136,-0.164453
14350,3.15923,0,nan,0.0011031,0.0316078
14351,3.15923,0,nan,0.00108241,0.114391
14352,3.15923,0,nan,0.0010589,0.114176
14353,3.15923,0,nan,0.000910691,-0.30294
14354,3.15923,0,nan,0.000694316,-0.2232
14355,3.15923,0,nan,0.000164438,-0.244889
14356,3.15923,0,nan,7.65992e-05,0.0304143
14357,3.15923,0,nan,3.51657e-05,-0.330074
14358,3.15923,0,nan,4.21393e-05,-0.30232
14359,3.15923,0,nan,-0.000325126,-0.446471
14360,3.15923,0,nan,-0.00057888,-0.256692
14361,3.15923,0,nan,-0.000764748,-0.176757
14362,3.15923,0,nan,-0.000917431,-0.0407994
14363,3.15923,0,nan,-0.00114369,-0.0441678
14364,3.15923,0,nan,-0.00124081,-0.156513
14365,3.15923,0,nan,-0.00163548,-0.411785
14366,3.15923,0,nan,-0.00160213,-0.0515529
14367,3.15923,0,nan,-0.00127784,0.188524
14368,3.15923,0,nan,-0.00111743,-0.113294
14369,3.15923,0,nan,-0.00146168,-0.367985
14370,3.15923,0,nan,-0.00153913,-0.147259
14371,3.15923,0,nan,-0.00198228,-0.402741
14372,3.15923,0,nan,-0.00182731,-0.095682
14373,3.15923,0,nan,-0.00141262,0.311689
14374,3.15923,0,nan,-0.00123299,-0.0175601
14375,3.15923,0,nan,-0.00131719,-0.282008
14376,3.15923,0,nan,-0.00125563,0.023209
14377,3.15923,0,nan,-0.00123103,-0.0458448
14378,3.15923,0,nan,-0.000970145,-0.0420345
14379,3.15923,-0.00872665,nan,-0.000723604,-0.218183
14380,3.15923,0,nan,-0.000961483,-0.111022
14381,3.15923,0,nan,-0.000950305,-0.318596
14382,3.15923,0,nan,-0.000843499,-0.165065
14383,3.15923,0,nan,-0.000766565,-0.274787
14384,3.15923,0,nan,-0.00047201,-0.325965
14385,3.15923,0,nan,-0.000563158,-0.161379
14386,3.15923,0,nan,-0.000715343,0.12684
14387,3.15923,0,nan,-0.000790925,-0.16468
14388,3.15923,0,nan,-0.000692558,0.030529
14389,3.15923,0,nan,-0.000790061,-0.233979
14390,3.15923,0,nan,-0.000948537,-0.0152037
14391,3.15923,0,nan,-0.000783452,0.0840898
14392,3.15923,0,nan,-0.000590412,-0.203378
14393,3.15923,0,nan,-0.000500639,-0.0638385
14394,3.15923,0,nan,-0.000611985,-0.0796365
14395,3.15923,0,nan,-0.000609045,0.00376175
14396,3.15923,0,nan,-0.000636262,-0.121084
14397,3.15923,0,nan,-0.000607529,-0.217165
14398,3.15923,0,nan,-0.00102599,-0.154291
14399,3.15923,0,nan,-0.00111235,-0.210633
14400,3.15923,0,nan,-0.000893246,0.0417429
14401,3.15923,0,nan,-0.000758272,0.00226761
14402,3.15923,0,nan,-0.000536723,0.0609708
14403,3.15923,0,nan,-0.000459561,-0.228243
14404,3.15923,0,nan,-0.000645548,-0.120558
14405,3.15923,0,nan,-0.000295445,-0.239782
14406,3.15923,0,nan,-0.000644185,-0.120743
14407,3.15923,0,nan,-0.000732159,0.0435667
14408,3.15914,0,nan,-0.000718999,-0.177862
14409,3.15914,0,nan,-0.000869065,-0.318587
14410,3.15914,0,nan,-0.000795544,-0.12389
14411,3.15914,0,nan,-0.000739644,-0.219751
14412,3.15914,0,nan,-0.000275225,-0.143599
14413,3.15914,0,nan,-0.000393684,-0.256074
14414,3.15914,0,nan,-0.000534568,-0.244329
14415,3.15914,0,nan,-0.000383195,-0.13182
14416,3.15914,0,nan,-0.000402435,0.185917
14417,3.15914,0,nan,-0.000492398,-0.0230188
14418,3.15914,0,nan,-0.000526366,-0.148184
14419,3.15914,0,nan,-0.000412167,-0.146541
14420,3.15914,0,nan,-5.79316e-05,0.107843
14421,3.15914,0,nan,-4.53985e-05,-0.15487
14422,3.15914,0,nan,0.000281572,-0.0806709
14423,3.15914,0,nan,0.000204402,-0.0819293
14424,3.15914,0,nan,0.000269185,-0.371452
14425,3.15914,0,nan,0.000637902,-0.0340349
14426,3.15914,0,nan,0.000582193,0.0757909
14427,3.15914,0,nan,0.000646308,-0.102971
14428,3.15914,0,nan,0.000581464,-0.269923
14429,3.15914,0,nan,0.000644775,-0.0338834
14430,3.15914,0,nan,0.000777218,-0.350115
14431,3.15914,0,nan,0.000202826,-0.441745
14432,3.15914,0,nan,0.000118772,-0.318324
14433,3.15914,0,nan,-0.00012854,0.0375644
14434,3.15914,0,nan,-4.94441e-05,0.218777
14435,3.15914,0,nan,1.55214e-05,-0.0429929
14436,3.15914,0,nan,0.000284885,-0.218878
14437,3.15914,0,nan,-0.000190168,0.00909858
14438,3.15914,-0.00872665,nan,-0.00032213,-0.103711
14439,3.15914,0,nan,-0.000216542,-0.0742428
14440,3.15914,0,nan,6.82662e-05,-0.0696078
14441,3.15914,0,nan,5.97412e-05,-0.000627833
14442,3.15914,0,nan,0.000172696,0.153121
14443,3.15914,0,nan,-2.39829e-06,-0.209273
14444,3.15914,0,nan,4.98606e-05,-0.139365
14445,3.15914,0,nan,-0.000336679,-0.0895956
14446,3.15914,0,nan,-0.000525151,-0.0507984
14447,3.15914,0,nan,-0.000694682,-0.205422
14448,3.15914,0,nan,-0.00124136,-0.365417
14449,3.15914,0,nan,-0.00103994,-0.196192
14450,3.15914,0,nan,-0.0010195,0.0391463
14451,3.15914,0,nan,-0.000785928,-0.178932
14452,3.15914,0,nan,-0.000861147,-0.193982
14453,3.15914,0,nan,-0.00114671,-0.308791
14454,3.15914,0,nan,-0.00110156,-0.114131
14455,3.15914,0,nan,-0.00120618,-0.115621
14456,3.15914,0,nan,-0.00117023,-0.253108
14457,3.15914,0,nan,-0.0011539,-0.197467
14458,3.15914,0,nan,-0.00110208,-0.141631
14459,3.15914,0,nan,-0.000924365,-0.194414
14460,3.15914,0,nan,-0.00111995,-0.225037
14461,3.15914,0,nan,-0.00118711,-0.475326
14462,3.15914,0,nan,-0.000951924,-0.00126916
14463,3.15914,0,nan,-0.00090009,-0.0836328
14464,3.15914,0,nan,-0.000754388,-0.122918
14465,3.15914,0,nan,-0.000815574,-0.0133198
14466,3.15914,0,nan,-0.000673088,-0.218623
14467,3.15914,0,nan,-0.000814649,-0.220773
14468,3.15914,0,nan,-0.000560618,-0.203096
14469,3.15914,0,nan,-0.000833867,0.0415841
14470,3.15914,0,nan,-0.000649216,0.168825
14471,3.15904,-0.00872665,nan,-0.000351107,0.00736318
14472,3.15904,0,nan,-0.000208907,-0.0595126
14473,3.15904,0,nan,-0.000144265,0.0938309
14474,3.15904,0,nan,-0.00031742,-0.0748493
14475,3.15904,0,nan,-8.99248e-05,-0.279044
14476,3.15904,0,nan,-0.000210036,-0.211779
14477,3.15904,0,nan,3.47035e-06,-0.0980798
14478,3.15904,0,nan,0.000239617,-0.0252315
14479,3.15904,0,nan,2.39058e-05,-0.346884
14480,3.15904,0,nan,0.000143843,-0.0133446
14481,3.15904,0,nan,-0.000176045,-0.156627
14482,3.15904,0,nan,-2.50377e-05,0.0254565
14483,3.15904,0,nan,-0.000337879,-0.241881
14484,3.15904,0,nan,-0.00023804,-0.0330109
14485,3.15904,0,nan,-0.000408105,-0.173844
14486,3.15904,0,nan,-0.000120334,-0.252579
14487,3.15904,0,nan,9.01722e-05,-0.0279773
14488,3.15904,0,nan,0.000255337,-0.0531386
14489,3.15904,0,nan,0.000104507,-0.0555528
14490,3.15904,0,nan,2.1096e-05,-0.0013704
14491,3.15904,0,nan,-9.25426e-05,-0.0860759
14492,3.15904,0,nan,-0.000222006,-0.087865
14493,3.15904,0,nan,-0.000746367,0.0564836
14494,3.15904,0,nan,-0.000713119,-0.344347
14495,3.15904,0,nan,-0.000530669,-0.0647394
14496,3.15904,0,nan,-0.000522017,-0.106072
14497,3.15904,0,nan,-0.000621557,-0.121608
14498,3.15904,0,nan,-0.000859755,-0.0142151
14499,3.15904,0,nan,-0.000834933,0.0138304
14500,3.15904,0,nan,-0.000490322,-0.326808
14501,3.15904,0,nan,-0.000790562,-0.207108
14502,3.15904,0,nan,-0.000925176,-0.31976
14503,3.15904,-0.00872665,nan,-0.000537283,0.128955
14504,3.15904,0,nan,-0.000668725,-0.108059
14505,3.15904,0,nan,-0.000763392,0.0010006
14506,3.15904,0,nan,-0.000579071,0.100794
14507,3.15904,0,nan,-0.000463733,0.185563
14508,3.15904,0,nan,-0.000366135,-0.228028
14509,3.15904,0,nan,-0.000260519,-0.102313
14510,3.15904,0,nan,-0.000151145,-0.252348
14511,3.15904,0,nan,-0.000440713,-0.187618
14512,3.15904,0,nan,-0.000567346,-0.341493
14513,3.15904,0,nan,-0.000731449,-0.123138
14514,3.15904,0,nan,-0.000887753,-0.000620365
14515,3.15904,0,nan,-0.001408,-0.284453
14516,3.15904,0,nan,-0.00133839,-0.0203781
14517,3.15904,0,nan,-0.00146087,-0.132721
14518,3.15904,0,nan,-0.00132497,0.0491292
14519,3.15904,0,nan,-0.00146191,-0.368013
14520,3.15904,0,nan,-0.00166957,-0.135545
14521,3.15904,0,nan,-0.00178814,-0.178468
14522,3.15904,0,nan,-0.00170919,-0.052766
14523,3.15904,0,nan,-0.0017415,-0.247068
14524,3.15904,-0.00872665,nan,-0.00206015,0.0671652
14525,3.15904,0,nan,-0.00218427,-0.377377
14526,3.15904,0,nan,-0.00208907,-0.223566
14527,3.15904,0,nan,-0.00240158,-0.338953
14528,3.15904,0,nan,-0.0023936,-0.20026
14529,3.15895,0,nan,-0.00270688,-0.398318
14530,3.15895,0,nan,-0.00269428,-0.301154
14531,3.15895,0,nan,-0.00284992,-0.109351
14532,3.15895,0,nan,-0.00319249,-0.196898
14533,3.15895,0,nan,-0.00307529,-0.375123
14534,3.15895,-0.010472,nan,-0.00327805,-0.156464
14535,3.15895,0,nan,-0.00335662,-0.226668
14536,3.15895,-0.00872665,nan,-0.00304717,-0.125404
14537,3.15895,0,nan,-0.00327964,-0.225309
14538,3.15895,0,nan,-0.00319973,-0.0716557
14539,3.15895,0,nan,-0.00277972,-0.120803
14540,3.15895,0,nan,-0.00258547,-0.118182
14541,3.15895,0,nan,-0.00270471,-0.272444
14542,3.15895,0,nan,-0.00249773,0.145714
14543,3.15895,-0.00349066,nan,-0.00225925,-0.169228
14544,3.15895,0,nan,-0.00209043,0.248259
14545,3.15895,0,nan,-0.0019185,-0.0123158
14546,3.15895,0,nan,-0.00181234,0.0583875
14547,3.15895,0,nan,-0.0019405,-0.220587
14548,3.15885,-0.010472,nan,-0.0022237,-0.266544
14549,3.15885,0,nan,-0.00220805,0.0102184
14550,3.15885,0,nan,-0.00258468,-0.0643566
14551,3.15885,-0.00174533,nan,-0.00252632,-0.298787
14552,3.15885,0,nan,-0.00266804,0.0730938
14553,3.15885,0,nan,-0.00250447,0.158597
14554,3.15885,0,nan,-0.00226897,0.217416
14555,3.15885,0,nan,-0.00224244,-0.114624
14556,3.15885,0,nan,-0.00258828,0.0879341
14557,3.15885,0,nan,-0.00249729,-0.14598
14558,3.15885,0,nan,-0.00263012,-0.106494
14559,3.15885,0,nan,-0.00273389,-0.260137
14560,3.15885,-0.00174533,nan,-0.00316209,-0.321142
14561,3.15885,0,nan,-0.0032903,-0.0735296
14562,3.15875,-0.0174533,nan,-0.00319824,0.0246093
14563,3.15875,0,nan,-0.00315851,-0.209858
14564,3.15875,-0.00872665,nan,-0.00340398,-0.255043
14565,3.15875,0,nan,-0.00363337,0.365174
14566,3.15875,0,nan,-0.00338796,0.230265
14567,3.15875,0,nan,-0.00358242,-0.215645
14568,3.15875,0,nan,-0.00387025,-0.19186
14569,3.15875,0,nan,-0.00369596,-0.189329
14570,3.15875,0,nan,-0.00342294,0.0777144
14571,3.15875,0,nan,-0.00355343,-0.0352614
14572,3.15875,0,nan,-0.00387018,-0.274952
14573,3.15866,0,nan,-0.00379164,-0.17666
14574,3.15866,0,nan,-0.00368433,-0.023091
14575,3.15866,0,nan,-0.00371626,-0.286761
14576,3.15866,-0.00523599,nan,-0.00345534,0.00764524
14577,3.15866,0,nan,-0.00371129,-0.0928513
14578,3.15866,-0.00698132,nan,-0.00369346,-0.231096
14579,3.15866,0,nan,-0.00361106,-0.160629
14580,3.15866,-0.00872665,nan,-0.00344381,-0.158153
14581,3.15866,0,nan,-0.00331238,-0.129045
14582,3.15856,0,nan,-0.00272443,-0.120638
14583,3.15856,0,nan,-0.00305866,-0.236508
14584,3.15856,0,nan,-0.00271734,-0.190357
14585,3.15856,0,nan,-0.00268423,0.0040127
14586,3.15856,0,nan,-0.00248318,-0.0484156
14587,3.15856,0,nan,-0.0025816,0.143526
14588,3.15856,-0.010472,nan,-0.00199367,-0.138331
14589,3.15856,0,nan,-0.0022245,-0.100234
14590,3.15856,0,nan,-0.00204269,0.0267778
14591,3.15856,0,nan,-0.00214283,-0.0577228
14592,3.15856,0,nan,-0.00192613,-0.0683727
14593,3.15847,0,nan,-0.00215065,-0.155107
14594,3.15847,0,nan,-0.00196804,-0.124965
14595,3.15847,0,nan,-0.00150736,0.130784
14596,3.15847,-0.00872665,nan,-0.00157395,-0.17487
14597,3.15847,0,nan,-0.00146321,-0.1872
14598,3.15847,0,nan,-0.00138515,0.0353457
14599,3.15847,0,nan,-0.00115399,0.0942088
14600,3.15847,0,nan,-0.000943856,-0.0824492
14601,3.15847,-0.00174533,nan,-0.000960697,-0.0966145
14602,3.15847,0,nan,-0.00097616,-0.166159
14603,3.15847,0,nan,-0.0014166,-0.214438
14604,3.15847,0,nan,-0.00149006,-0.132466
14605,3.15847,0,nan,-0.00118573,0.0932813
14606,3.15847,0,nan,-0.00116824,-0.0447326
14607,3.15847,0,nan,-0.000924392,-0.276235
14608,3.15837,0,nan,-0.0011079,-0.0855202
14609,3.15837,0,nan,-0.000833025,0.098517
14610,3.15837,0,nan,-0.000624655,-0.119794
14611,3.15837,0,nan,-0.000571273,-0.284964
14612,3.15837,0,nan,-0.000489257,-0.172983
14613,3.15837,0,nan,-0.000442987,-0.255451
14614,3.15837,-0.00523599,nan,-2.38758e-05,0.0275849
14615,3.15837,0,nan,0.000171717,0.00288488
14616,3.15837,0,nan,0.000232298,0.114673
14617,3.15837,0,nan,-0.000263389,-0.321466
14618,3.15837,0,nan,-0.000127682,-0.0843942
14619,3.15837,0,nan,-0.000593808,-0.340252
14620,3.15837,-0.00872665,nan,-0.000760535,-0.010826
14621,3.15837,0,nan,-0.000992766,-0.0699125
14622,3.15837,0,nan,-0.00106455,-0.195401
14623,3.15837,0,nan,-0.0011096,-0.223678
14624,3.15837,0,nan,-0.00127578,-0.198618
14625,3.15837,0,nan,-0.00127461,-0.240189
14626,3.15837,0,nan,-0.00130122,-0.143606
14627,3.15827,0,nan,-0.00162032,-0.204067
14628,3.15827,0,nan,-0.00180428,-0.0265136
14629,3.15827,0,nan,-0.00173377,-0.0808792
14630,3.15827,0,nan,-0.00165196,-0.0657754
14631,3.15827,-0.00872665,nan,-0.00125899,0.0227704
14632,3.15827,0,nan,-0.0012758,-0.226737
14633,3.15827,0,nan,-0.00119494,-0.170373
14634,3.15827,0,nan,-0.0012396,-0.115597
14635,3.15827,-0.00872665,nan,-0.00147419,-0.368267
14636,3.15827,0,nan,-0.00153125,0.0462801
14637,3.15827,0,nan,-0.00128614,0.077449
14638,3.15827,0,nan,-0.00144436,-0.146474
14639,3.15827,-0.00174533,nan,-0.00154272,-0.216995
14640,3.15827,0,nan,-0.00128161,0.0775132
14641,3.15827,0,nan,-0.00165813,-0.218498
14642,3.15827,0,nan,-0.00160408,0.0316115
14643,3.15827,0,nan,-0.00125231,-0.0600894
14644,3.15827,-0.00872665,nan,-0.0011578,0.162775
14645,3.15827,0,nan,-0.00123887,-0.405777
14646,3.15827,0,nan,-0.00151506,-0.10577
14647,3.15818,-0.00872665,nan,-0.00131277,0.104516
14648,3.15818,0,nan,-0.0013242,-0.214097
14649,3.15818,0,nan,-0.00163278,-0.176622
14650,3.15818,0,nan,-0.001598,0.0178294
14651,3.15818,0,nan,-0.00207251,-0.237733
14652,3.15818,0,nan,-0.00227973,-0.157334
14653,3.15818,0,nan,-0.0024836,-0.312322
14654,3.15818,0,nan,-0.00252196,-0.105088
14655,3.15818,-0.00523599,nan,-0.00282714,-0.219846
14656,3.15818,0,nan,-0.00268046,-0.356157
14657,3.15818,0,nan,-0.0025948,0.00475616
14658,3.15818,0,nan,-0.00312028,-0.168174
14659,3.15818,0,nan,-0.00290976,-0.20664
14660,3.15808,-0.0174533,nan,-0.00333011,-0.198687
14661,3.15808,0,nan,-0.00343401,-0.255433
14662,3.15808,0,nan,-0.00330402,-0.267278
14663,3.15808,0,nan,-0.00321231,-0.266038
14664,3.15808,0,nan,-0.00334463,-0.171178
14665,3.15808,0,nan,-0.00305608,-0.111582
14666,3.15808,0,nan,-0.0029075,-0.23431
14667,3.15808,0,nan,-0.00299528,0.0966221
14668,3.15808,-0.0139626,nan,-0.00286857,-0.511042
14669,3.15808,0,nan,-0.00295654,-0.290773
14670,3.15808,0,nan,-0.00260435,-0.0228218
14671,3.15799,-0.00698132,nan,-0.00236922,-0.033224
14672,3.15799,0,nan,-0.00243854,0.0347608
14673,3.15799,0,nan,-0.00232392,-0.323588
14674,3.15799,0,nan,-0.00232587,-0.157819
14675,3.15799,-0.00872665,nan,-0.00247753,-0.021417
14676,3.15799,0,nan,-0.00256392,-0.243953
14677,3.15799,0,nan,-0.00200895,0.0547795
14678,3.15799,0,nan,-0.00155406,0.0890748
14679,3.15799,0,nan,-0.00146787,-0.311074
14680,3.15799,-0.00872665,nan,-0.00142296,-0.200009
14681,3.15799,0,nan,-0.001015,-0.0831556
14682,3.15799,0,nan,-0.000684811,-0.0228332
14683,3.15789,0,nan,-0.000583077,-0.0629342
14684,3.15789,0,nan,-0.000525602,-0.172788
14685,3.15789,-0.015708,nan,-0.000192957,-0.0434142
14686,3.15789,0,nan,-0.000417279,-0.199065
14687,3.15789,0,nan,-0.000178616,-0.250739
14688,3.15789,0,nan,-3.96875e-05,-0.0274218
14689,3.15789,0,nan,-0.000318935,-0.128204
14690,3.15789,0,nan,-0.0005529,-0.117808
14691,3.15789,0,nan,-0.000602505,-0.187882
14692,3.15789,0,nan,-0.000798546,-0.163265
14693,3.15789,0,nan,-0.000582916,-0.201607
14694,3.15789,0,nan,-0.000774672,-0.245896
14695,3.15789,0,nan,-0.000665141,-0.2443
14696,3.15789,0,nan,-0.00057807,-0.229167
14697,3.15789,0,nan,-0.000588069,-0.0774919
14698,3.15789,0,nan,-0.000675939,-0.147981
14699,3.15789,0,nan,-0.000790921,-0.0806275
14700,3.15789,0,nan,-0.000660659,-0.203397
14701,3.1578,0,nan,-0.000779362,-0.191484
14702,3.1578,0,nan,-0.00092559,-0.138611
14703,3.1578,0,nan,-0.00100121,-0.222739
14704,3.1578,0,nan,-0.00129147,-0.102559
14705,3.1578,0,nan,-0.00107152,-0.334429
14706,3.1578,0,nan,-0.00133079,-0.144466
14707,3.1578,0,nan,-0.00147668,-0.381882
14708,3.1578,0,nan,-0.00133843,-0.089651
14709,3.1578,0,nan,-0.00142134,-0.215156
14710,3.1578,0,nan,-0.00138251,0.0485977
14711,3.1578,0,nan,-0.00139197,-0.214515
14712,3.1578,0,nan,-0.00158966,-0.120666
14713,3.1578,-0.0174533,nan,-0.00148773,-0.28536
14714,3.1578,0,nan,-0.0013959,-0.103929
14715,3.1578,0,nan,-0.00189081,-0.456953
14716,3.1577,-0.00872665,nan,-0.00173809,-0.0115751
14717,3.1577,0,nan,-0.00184736,-0.179411
14718,3.1577,-0.00872665,nan,-0.00161552,0.253009
14719,3.1577,0,nan,-0.00165219,0.030859
14720,3.1577,0,nan,-0.00132699,-0.144313
14721,3.1577,0,nan,-0.00134545,-0.103307
14722,3.1577,0,nan,-0.00119349,-0.267109
14723,3.1577,0,nan,-0.00100876,-0.181739
14724,3.1577,-0.00523599,nan,-0.00102086,-0.0991854
14725,3.1577,0,nan,-0.000981177,0.0813828
14726,3.1577,0,nan,-0.000738457,-0.0946812
14727,3.1577,-0.00523599,nan,-0.000947105,-0.0147902
14728,3.1577,0,nan,-0.00071536,-0.177352
14729,3.1577,0,nan,-0.000979234,-0.208562
14730,3.1577,0,nan,-0.00123378,-0.143637
14731,3.1576,0,nan,-0.00112985,-0.0451154
14732,3.1576,0,nan,-0.00130253,-0.227724
14733,3.1576,0,nan,-0.00111367,-0.142029
14734,3.1576,0,nan,-0.00126695,0.105211
14735,3.1576,0,nan,-0.00151328,0.101909
14736,3.1576,0,nan,-0.00124722,0.0506533
14737,3.1576,0,nan,-0.00115863,-0.321562
14738,3.1576,0,nan,-0.00107558,-0.0848956
14739,3.1576,0,nan,-0.00110299,0.0253595
14740,3.1576,0,nan,-0.00143247,-0.159531
14741,3.1576,0,nan,-0.00100805,-0.153617
14742,3.1576,0,nan,-0.0013366,-0.269532
14743,3.1576,0,nan,-0.00109073,-0.00330354
14744,3.1576,0,nan,-0.000977353,-0.181598
14745,3.1576,0,nan,-0.000926246,-0.0564099
14746,3.1576,-0.00872665,nan,-0.000921151,-0.125368
14747,3.15751,0,nan,-0.00118078,-0.156897
14748,3.15751,0,nan,-0.000847982,0.0417401
14749,3.15751,0,nan,-0.000552783,0.00465595
14750,3.15751,0,nan,-0.000607693,-0.231127
14751,3.15751,0,nan,-0.000976242,-0.167726
14752,3.15751,0,nan,-0.000913793,-0.0979837
14753,3.15751,0,nan,-0.000814822,0.000198191
14754,3.15751,0,nan,-0.000642873,-0.0941557
14755,3.15751,-0.0139626,nan,-0.000740534,-0.0124893
14756,3.15751,0,nan,-0.000908639,-0.0424572
14757,3.15751,0,nan,-0.000821006,0.111055
14758,3.15751,0,nan,-0.000728383,-0.108972
14759,3.15751,0,nan,-0.000952527,-0.153929
14760,3.15751,0,nan,-0.00118384,-0.156875
14761,3.15751,-0.00349066,nan,-0.0011565,0.148194
14762,3.15741,0,nan,-0.00110851,-0.169387
14763,3.15741,0,nan,-0.00107115,0.0246435
14764,3.15741,-0.00174533,nan,-0.00107618,0.0383472
14765,3.15741,0,nan,-0.00063499,-0.0243829
14766,3.15741,0,nan,-0.000903696,-0.360432
14767,3.15741,-0.00698132,nan,-0.0005286,0.0599182
14768,3.15741,0,nan,-0.000290922,-0.0334232
14769,3.15741,0,nan,-0.000345433,-0.186578
14770,3.15741,-0.0174533,nan,-0.000378281,-0.242377
14771,3.15741,0,nan,-0.000358556,-0.200739
14772,3.15741,0,nan,-0.000252194,-0.130246
14773,3.15741,-0.00872665,nan,-0.00039032,-0.256669
14774,3.15741,0,nan,-0.000190051,0.0365057
14775,3.15741,0,nan,-0.000489929,-0.230704
14776,3.15741,0,nan,-0.000672148,-0.343913
14777,3.15732,0,nan,-0.000820367,0.110917
14778,3.15732,0,nan,-0.000753835,0.0843419
14779,3.15732,0,nan,-0.000669423,0.0440915
14780,3.15732,0,nan,-0.000709175,-0.219487
14781,3.15732,0,nan,-0.000566937,-0.106906
14782,3.15732,0,nan,-0.000411903,0.130438
14783,3.15732,0,nan,-0.000611578,-0.052494
14784,3.15732,0,nan,-0.000384548,-0.0492017
14785,3.15732,0,nan,-0.000450351,-0.188575
14786,3.15732,0,nan,-0.000661633,0.00218965
14787,3.15732,0,nan,-0.000884144,-0.0284007
14788,3.15732,0,nan,-0.000518543,-0.0642178
14789,3.15732,0,nan,-0.000594271,0.100672
14790,3.15732,0,nan,-0.000386687,0.03458
14791,3.15732,0,nan,-0.000520399,-0.0505545
14792,3.15732,0,nan,-9.33335e-05,-0.0167406
14793,3.15732,0,nan,-0.000166001,-0.0868754
14794,3.15722,-0.0139626,nan,-0.000121246,-0.0168486
14795,3.15722,0,nan,-0.000104428,-0.251641
14796,3.15722,0,nan,-0.00048686,0.0468441
14797,3.15722,0,nan,-0.000694612,-0.0255027
14798,3.15722,0,nan,-0.000728926,-0.0535057
14799,3.15722,0,nan,-0.00072032,-0.0951256
14800,3.15722,0,nan,-0.000617047,0.155146
14801,3.15722,0,nan,-0.000347194,-0.0760389
14802,3.15722,-0.00872665,nan,-8.67763e-05,0.232209
14803,3.15722,0,nan,-0.000392448,-0.14585
14804,3.15722,0,nan,-5.68169e-05,-0.0578029
14805,3.15722,0,nan,-0.000370725,-0.242451
14806,3.15722,-0.00872665,nan,-0.000769597,-0.0130627
14807,3.15722,0,nan,-0.000778955,-0.0545985
14808,3.15722,0,nan,-0.00080939,-0.0965406
14809,3.15722,0,nan,-0.000980181,-0.334324
14810,3.15722,0,nan,-0.000937211,-0.0567197
14811,3.15722,-0.00872665,nan,-0.000666007,-0.0943105
14812,3.15722,0,nan,-0.000193629,-0.101469
14813,3.15722,0,nan,-0.000260184,-0.102468
14814,3.15722,0,nan,-0.000308801,-0.310774
14815,3.15712,-0.015708,nan,-6.37185e-05,-0.0303633
14816,3.15712,0,nan,-4.92769e-05,0.205205
14817,3.15712,0,nan,8.95035e-05,-0.207519
14818,3.15712,0,nan,0.000139097,-0.137601
14819,3.15712,0,nan,-0.00021846,-0.1568
14820,3.15712,0,nan,-0.000236887,0.14727
14821,3.15712,0,nan,-4.00472e-05,-0.264859
14822,3.15712,0,nan,-0.000311146,-0.241105
14823,3.15712,-0.0122173,nan,-0.000814528,-0.124208
14824,3.15712,0,nan,-0.000825929,0.0969958
14825,3.15712,0,nan,-0.000671651,0.00249263
14826,3.15712,0,nan,-0.00055474,-0.258233
14827,3.15712,0,nan,-0.00080539,-0.165164
14828,3.15712,0,nan,-0.000873522,-0.249249
14829,3.15712,0,nan,-0.000834307,-0.124403
14830,3.15712,-0.00872665,nan,-0.000872859,-0.138829
14831,3.15712,0,nan,-0.000990831,-0.0432528
14832,3.15712,0,nan,-0.00136712,-0.187017
14833,3.15703,0,nan,-0.00131954,-0.103305
14834,3.15703,0,nan,-0.00093552,-0.0143129
14835,3.15703,0,nan,-0.00080217,-0.0401615
14836,3.15703,0,nan,-0.00079777,-0.316899
14837,3.15703,0,nan,-0.000735523,-0.0810064
14838,3.15703,0,nan,-0.000869502,-0.0555381
14839,3.15703,0,nan,-0.000396001,-0.0209035
14840,3.15703,0,nan,-0.000174252,-0.142311
14841,3.15703,0,nan,0.000133245,0.000415816
14842,3.15703,0,nan,6.79271e-05,-0.0558538
14843,3.15703,0,nan,4.27618e-07,-0.125941
14844,3.15703,-0.00872665,nan,-0.00016069,0.0374829
14845,3.15703,0,nan,-0.000311889,-0.0480054
14846,3.15703,0,nan,-0.000395586,-0.229242
14847,3.15703,0,nan,-0.000491368,-0.16156
14848,3.15703,0,nan,-0.000343434,-0.048527
14849,3.15703,0,nan,-0.000550723,-0.245324
14850,3.15703,0,nan,-0.000429975,-0.0774228
14851,3.15703,0,nan,-9.54462e-05,0.0380755
14852,3.15703,-0.00174533,nan,0.000167065,0.111476
14853,3.15693,0,nan,0.00043098,0.170746
14854,3.15693,0,nan,0.000272995,-0.0941634
14855,3.15693,0,nan,-3.46704e-05,-0.181755
14856,3.15693,0,nan,2.95516e-05,0.0957913
14857,3.15693,0,nan,0.000137485,-0.0410305
14858,3.15693,0,nan,0.00020903,-0.081279
14859,3.15693,0,nan,-0.000274731,-0.102332
14860,3.15693,-0.010472,nan,-0.000130199,0.135094
14861,3.15693,0,nan,-0.00025776,-0.0327736
14862,3.15693,0,nan,-0.00036798,0.0760834
14863,3.15693,0,nan,-0.000482363,0.0189839
14864,3.15693,-0.00872665,nan,-0.000425784,-0.187859
14865,3.15693,0,nan,-0.000824895,-0.15227
14866,3.15693,0,nan,-0.000533651,-0.106552
14867,3.15693,0,nan,-0.000810039,-0.207473
14868,3.15693,-0.00872665,nan,-0.00127897,-0.365906
14869,3.15693,0,nan,-0.00113759,-0.294189
14870,3.15693,0,nan,-0.00101466,-0.181784
14871,3.15684,0,nan,-0.000816644,-0.151455
14872,3.15684,0,nan,-0.000700261,0.11317
14873,3.15684,0,nan,-0.00106565,-0.127702
14874,3.15684,0,nan,-0.000934867,-0.416259
14875,3.15684,0,nan,-0.00100221,-0.112879
14876,3.15684,0,nan,-0.00136916,0.0483872
14877,3.15684,0,nan,-0.000885264,-0.0413341
14878,3.15684,0,nan,-0.000378272,0.29808
14879,3.15684,0,nan,-0.000441143,-0.0764266
14880,3.15684,0,nan,-0.000408891,-0.200437
14881,3.15684,0,nan,-0.000438287,0.0340648
14882,3.15684,0,nan,-0.000325909,-0.0474632
14883,3.15684,0,nan,-0.000355914,0.0766819
14884,3.15684,0,nan,-0.000245842,-0.0874868
14885,3.15684,0,nan,-0.0005997,-0.231274
14886,3.15684,0,nan,-0.000904205,-0.111386
14887,3.15684,0,nan,-0.000693221,-0.0947901
14888,3.15674,-0.00872665,nan,-0.00075927,-0.261395
14889,3.15674,0,nan,-0.00104959,-0.307136
14890,3.15674,0,nan,-0.000954068,-0.0984109
14891,3.15674,0,nan,-0.000527218,0.0463229
14892,3.15674,0,nan,-0.000379375,-0.283428
14893,3.15674,0,nan,-0.000545721,-0.368968
14894,3.15674,0,nan,-0.000972181,-0.0295452
14895,3.15674,0,nan,-0.00105933,-0.044527
14896,3.15674,0,nan,-0.00131308,-0.0755235
14897,3.15674,0,nan,-0.00104776,-0.279535
14898,3.15674,-0.00872665,nan,-0.000818365,0.11106
14899,3.15674,0,nan,-0.000740992,-0.192066
14900,3.15674,0,nan,-0.000557724,0.0180496
14901,3.15674,0,nan,-0.00101298,-0.140756
14902,3.15664,-0.00872665,nan,-0.00069691,-0.135815
14903,3.15664,0,nan,-0.000724479,-0.0533042
14904,3.15664,0,nan,-0.000737383,-0.0397253
14905,3.15664,0,nan,-0.000281712,0.146795
14906,3.15664,0,nan,-0.000439096,-0.0906113
14907,3.15664,-0.00174533,nan,-0.000478774,-0.10499
14908,3.15664,0,nan,-0.000449837,-0.201618
14909,3.15664,0,nan,-0.000709879,-0.233335
14910,3.15664,0,nan,-0.000776431,-0.234478
14911,3.15664,0,nan,-0.00133807,-0.338977
14912,3.15664,0,nan,-0.0014761,-0.298877
14913,3.15664,0,nan,-0.00133873,-0.213804
14914,3.15664,0,nan,-0.00137218,-0.228217
14915,3.15655,-0.010472,nan,-0.00136339,-0.255933
14916,3.15655,0,nan,-0.00121596,-0.115286
14917,3.15655,-0.00872665,nan,-0.00107079,-0.306698
14918,3.15655,0,nan,-0.00133988,-0.296968
14919,3.15655,-0.00872665,nan,-0.00148623,-0.423831
14920,3.15655,0,nan,-0.00156254,-0.0926153
14921,3.15655,-0.00349066,nan,-0.00169389,-0.218963
14922,3.15655,0,nan,-0.000928155,0.179624
14923,3.15655,-0.0139626,nan,-0.00116449,-0.377382
14924,3.15655,0,nan,-0.000853181,-0.124081
14925,3.15645,0,nan,-0.000456261,-0.10428
14926,3.15645,0,nan,-0.000389162,-0.144804
14927,3.15645,0,nan,-0.000459771,-0.0907544
14928,3.15645,-0.00872665,nan,-0.000681907,-0.232228
14929,3.15645,0,nan,-0.000539419,-0.147083
14930,3.15645,-0.00698132,nan,-0.000816529,-0.0820568
14931,3.15645,0,nan,-0.000804719,-0.0266435
14932,3.15645,-0.00872665,nan,-0.000927531,0.151492
14933,3.15645,0,nan,-0.000500111,-0.0633486
14934,3.15636,-0.00174533,nan,-0.00043952,-0.145713
14935,3.15636,-0.00174533,nan,-0.000233543,0.0372803
14936,3.15636,0,nan,-0.000295508,-0.171011
14937,3.15636,0,nan,-0.000290933,-0.212416
14938,3.15636,0,nan,-0.000413951,-0.159104
14939,3.15636,0,nan,-0.000391906,-0.145027
14940,3.15636,0,nan,-9.69956e-05,-0.00236779
14941,3.15636,0,nan,-3.61792e-05,0.0402993
14942,3.15626,0,nan,-9.19573e-05,-0.292538
14943,3.15626,-0.00872665,nan,-0.000204054,0.0103302
14944,3.15626,0,nan,-0.000184094,-0.100141
14945,3.15626,0,nan,0.00017601,-0.163808
14946,3.15626,0,nan,0.000313185,-0.134166
14947,3.15626,-0.00872665,nan,0.000213129,-0.260009
14948,3.15626,0,nan,0.000131415,-0.0951453
14949,3.15626,0,nan,0.000169096,0.0160551
14950,3.15626,0,nan,0.000467912,-0.034678
14951,3.15617,0,nan,0.000620713,-0.184457
14952,3.15617,-0.0122173,nan,0.000694796,-0.0450797
14953,3.15617,0,nan,0.000740536,-0.168908
14954,3.15617,0,nan,0.000837396,-0.0428622
14955,3.15617,0,nan,0.00115883,0.169418
14956,3.15617,-0.010472,nan,0.00144499,0.160143
14957,3.15617,0,nan,0.0012732,-0.146045
14958,3.15617,0,nan,0.0014032,-0.130156
14959,3.15617,-0.0122173,nan,0.00123808,-0.0355762
14960,3.15617,0,nan,0.00141669,-0.129626
14961,3.15617,0,nan,0.00128678,0.0207943
14962,3.15607,0,nan,0.00157708,-0.0300902
14963,3.15607,0,nan,0.00160382,0.0397436
14964,3.15607,0,nan,0.00164544,-0.000836113
14965,3.15607,0,nan,0.00193213,-0.176239
14966,3.15607,0,nan,0.00169774,0.000248048
14967,3.15607,0,nan,0.00156741,0.0262397
14968,3.15607,0,nan,0.00158181,0.109776
14969,3.15607,0,nan,0.00185881,-0.0793372
14970,3.15607,0,nan,0.00172727,-0.371683
14971,3.15607,-0.0139626,nan,0.0019,-0.203223
14972,3.15607,0,nan,0.00189703,-0.120022
14973,3.15607,0,nan,0.0021522,0.0914168
14974,3.15607,0,nan,0.00215679,-0.00514205
14975,3.15607,0,nan,0.00219245,-0.142753
14976,3.15607,0,nan,0.00195437,-0.104744
14977,3.15607,0,nan,0.00209139,0.00794421
14978,3.15607,0,nan,0.00184415,-0.120082
14979,3.15607,0,nan,0.00163315,-0.0124708
14980,3.15607,0,nan,0.00163623,-0.261417
14981,3.15607,0,nan,0.00167277,-0.205475
14982,3.15607,0,nan,0.00137181,-0.168114
14983,3.15607,0,nan,0.00128368,-0.0447881
14984,3.15607,0,nan,0.00133326,-0.0576271
14985,3.15607,0,nan,0.00161952,-0.177877
14986,3.15607,0,nan,0.00192839,-0.131505
14987,3.15607,0,nan,0.00173627,-0.38339
14988,3.15607,0,nan,0.00161708,-0.163921
14989,3.15607,0,nan,0.001684,0.100117
14990,3.15607,0,nan,0.00189025,-0.117809
14991,3.15607,0,nan,0.00170448,-0.189515
14992,3.15607,0,nan,0.0018166,0.144417
14993,3.15607,0,nan,0.00134579,-0.0284955
14994,3.15607,0,nan,0.00146113,0.0702297
14995,3.15607,0,nan,0.000922936,-0.241763
14996,3.15607,0,nan,0.000799139,-0.202059
14997,3.15607,0,nan,0.0010331,-0.032483
14998,3.15607,0,nan,0.000936604,-0.0198858
14999,3.15607,0,nan,0.00105066,-0.17012
15000,3.15607,0,nan,0.00113637,0.135579
15001,3.15607,0,nan,0.00117839,-0.209345
15002,3.15607,0,nan,0.000969152,-0.184604
15003,3.15607,0,nan,0.000770403,-0.0907162
15004,3.15607,0,nan,0.000863782,-0.116788
15005,3.15607,0,nan,0.000803093,-0.0897729
15006,3.15607,0,nan,0.00104308,-0.0169776
15007,3.15607,0,nan,0.0010008,-0.100386
15008,3.15607,0,nan,0.00105645,-0.0165541
15009,3.15607,0,nan,0.000803759,-0.144746
15010,3.15607,0,nan,0.000576068,-0.300198
15011,3.15607,0,nan,0.000652224,0.115953
15012,3.15607,0,nan,0.000673268,0.0883052
15013,3.15607,0,nan,0.000845725,-0.0196565
15014,3.15607,0,nan,0.000570591,-0.175617
15015,3.15607,0,nan,0.000158722,-0.333904
15016,3.15607,0,nan,9.78514e-05,0.0384099
15017,3.15607,0,nan,0.000310685,-0.0411489
15018,3.15607,0,nan,-4.28678e-05,-0.0879381
15019,3.15607,0,nan,-0.000125833,-0.0338144
15020,3.15607,0,nan,0.000221363,-0.0424848
15021,3.15607,0,nan,-0.000182715,-0.145308
15022,3.15607,0,nan,-8.36859e-05,0.0220645
15023,3.15607,0,nan,-0.000120929,-0.324345
15024,3.15607,0,nan,-0.00037106,-0.162186
15025,3.15607,0,nan,-0.000373376,-0.189901
15026,3.15607,-0.00872665,nan,-0.000229336,0.0197514
15027,3.15607,0,nan,-0.000170221,-0.0346783
15028,3.15607,0,nan,-0.000359844,-0.0654155
15029,3.15607,0,nan,-0.000428062,0.00272261
15030,3.15607,0,nan,-0.000229838,-0.0634732
15031,3.15607,0,nan,-0.000269382,0.116001
15032,3.15607,0,nan,-0.00021556,-0.00766731
15033,3.15607,0,nan,-9.15967e-05,0.104903
15034,3.15607,0,nan,-0.000232151,0.00611158
15035,3.15607,0,nan,-6.86307e-05,-0.268085
15036,3.15607,0,nan,-0.000449442,-0.232242
15037,3.15607,0,nan,-0.000531354,-0.0677389
15038,3.15607,0,nan,-0.000435168,-0.25997
15039,3.15607,0,nan,-0.000526353,-0.233737
15040,3.15607,0,nan,-0.00059918,-0.0273454
15041,3.15607,0,nan,-6.23065e-05,0.00831681
15042,3.15607,0,nan,-2.31197e-05,0.0503335
15043,3.15607,0,nan,-0.000314179,-0.300039
15044,3.15607,0,nan,-0.00047923,-0.219467
15045,3.15607,0,nan,-0.000718118,-0.112499
15046,3.15607,0,nan,-0.00103782,-0.242067
15047,3.15607,0,nan,-0.000959846,-0.213496
15048,3.15607,0,nan,-0.000916831,0.00820252
15049,3.15607,0,nan,-0.000960824,-0.11694
15050,3.15597,0,nan,-0.00102104,-0.0901373
15051,3.15597,0,nan,-0.000912087,0.050072
15052,3.15597,0,nan,-0.00112918,-0.0362372
15053,3.15597,0,nan,-0.00122621,-0.24537
15054,3.15597,0,nan,-0.00147416,-0.277029
15055,3.15597,0,nan,-0.00139132,-0.16539
15056,3.15597,0,nan,-0.00113521,-0.0925573
15057,3.15597,0,nan,-0.000835993,-0.115971
15058,3.15597,0,nan,-0.000837938,-0.21295
15059,3.15597,0,nan,-0.000750604,-0.101062
15060,3.15597,0,nan,-0.00052415,0.0820792
15061,3.15597,0,nan,-0.000409961,0.0561426
15062,3.15597,0,nan,-0.000402903,-0.109919
15063,3.15597,0,nan,-0.00049206,0.206945
15064,3.15597,0,nan,-0.000238942,-0.176666
15065,3.15597,0,nan,-0.000361677,-0.0677795
15066,3.15597,0,nan,-0.000758149,0.0371445
15067,3.15597,0,nan,-0.000630271,-0.292735
15068,3.15597,0,nan,-0.000788928,-0.226068
15069,3.15597,0,nan,-0.00090848,-0.159013
15070,3.15597,0,nan,-0.000672284,-0.155723
15071,3.15597,0,nan,-0.000945266,-0.284446
15072,3.15597,0,nan,-0.000777099,0.0499157
15073,3.15597,0,nan,-0.00111074,-0.14892
15074,3.15597,0,nan,-0.00117746,-0.150129
15075,3.15597,0,nan,-0.00127867,-0.179322
15076,3.15597,0,nan,-0.00147451,-0.293063
15077,3.15597,0,nan,-0.00127898,0.0278856
15078,3.15597,0,nan,-0.00144848,-0.0853287
15079,3.15597,0,nan,-0.00162528,-0.0463997
15080,3.15597,0,nan,-0.00165889,-0.212907
15081,3.15597,0,nan,-0.00197016,-0.466604
15082,3.15597,0,nan,-0.00219541,-0.304423
15083,3.15597,0,nan,-0.0024348,-0.12865
15084,3.15597,0,nan,-0.00267513,0.0473094
15085,3.15597,0,nan,-0.00240585,-0.294787
15086,3.15597,0,nan,-0.00221944,-0.306108
15087,3.15588,0,nan,-0.0019853,-0.0954945
15088,3.15588,0,nan,-0.0018035,-0.0235735
15089,3.15588,0,nan,-0.00170299,-0.174138
15090,3.15588,0,nan,-0.00151575,-0.212967
15091,3.15588,0,nan,-0.00163567,-0.0350977
15092,3.15588,0,nan,-0.0013623,-0.00330002
15093,3.15588,-0.00523599,nan,-0.00147391,-0.00490963
15094,3.15588,0,nan,-0.00150767,-0.116219
15095,3.15588,0,nan,-0.00175461,-0.382898
15096,3.15588,0,nan,-0.00144219,0.0641122
15097,3.15588,-0.00174533,nan,-0.00139195,-0.350434
15098,3.15588,0,nan,-0.00135495,-0.0733521
15099,3.15588,0,nan,-0.00179589,-0.0384466
15100,3.15588,0,nan,-0.00193844,-0.0822196
15101,3.15588,0,nan,-0.00217256,-0.0305756
15102,3.15588,0,nan,-0.00247957,-0.14592
15103,3.15588,0,nan,-0.00218746,-0.238315
15104,3.15578,0,nan,-0.0022287,-0.211567
15105,3.15578,0,nan,-0.00209474,-0.237672
15106,3.15578,0,nan,-0.00199543,0.151392
15107,3.15578,0,nan,-0.00255812,-0.479477
15108,3.15578,0,nan,-0.00245555,-0.0487989
15109,3.15578,0,nan,-0.00209592,-0.11285
15110,3.15578,0,nan,-0.00212885,0.0247018
15111,3.15578,-0.015708,nan,-0.00235866,-0.130663
15112,3.15578,0,nan,-0.00244841,0.034433
15113,3.15578,0,nan,-0.00242001,-0.20038
15114,3.15578,0,nan,-0.0021658,-0.15522
15115,3.15569,0,nan,-0.00223672,-0.0596139
15116,3.15569,-0.00872665,nan,-0.00188819,0.152737
15117,3.15569,0,nan,-0.00173969,-0.218719
15118,3.15569,0,nan,-0.00159938,-0.244321
15119,3.15569,-0.00872665,nan,-0.00162759,0.0316742
15120,3.15569,0,nan,-0.00138836,-0.0617355
15121,3.15569,0,nan,-0.00124243,-0.40537
15122,3.15569,0,nan,-0.00143808,-0.104083
15123,3.15559,0,nan,-0.00156269,-0.161504
15124,3.15559,0,nan,-0.00130422,-0.157914
15125,3.15559,0,nan,-0.00150895,-0.285759
15126,3.15559,0,nan,-0.0013051,-0.144182
15127,3.15559,0,nan,-0.00145597,-0.105079
15128,3.15559,-0.00872665,nan,-0.0016245,-0.287305
15129,3.15559,-0.00174533,nan,-0.00194591,-0.180692
15130,3.15559,0,nan,-0.00155648,-0.0642893
15131,3.15549,0,nan,-0.00164311,-0.0657777
15132,3.15549,-0.00349066,nan,-0.00145754,0.0889813
15133,3.15549,0,nan,-0.00149905,0.0468338
15134,3.15549,0,nan,-0.0013682,0.0624873
15135,3.15549,-0.0174533,nan,-0.00083046,0.112074
15136,3.15549,0,nan,-0.00107025,-0.334146
15137,3.15549,0,nan,-0.0010671,-0.0300481
15138,3.15549,0,nan,-0.000790771,0.0568138
15139,3.1554,0,nan,-0.000728903,0.0576514
15140,3.1554,0,nan,-0.00053204,-0.257638
15141,3.1554,-0.00698132,nan,-0.000463063,-0.00761194
15142,3.1554,0,nan,-0.00033165,-0.116408
15143,3.1554,0,nan,-0.000399795,-0.117504
15144,3.1554,-0.0174533,nan,-0.000398649,-0.186833
15145,3.1554,0,nan,-0.000123585,-0.182924
15146,3.1553,0,nan,-0.00013129,0.218193
15147,3.1553,-0.0139626,nan,-5.69227e-05,0.191579
15148,3.1553,0,nan,6.3441e-05,-0.193776
15149,3.1553,0,nan,0.000148038,-0.220292
15150,3.1553,0,nan,0.000495637,-0.118326
15151,3.1553,0,nan,0.000305322,-0.17635
15152,3.1553,0,nan,0.000219766,-0.205303
15153,3.1553,0,nan,0.000415238,-0.133089
15154,3.1553,-0.010472,nan,0.000225015,-0.0251953
15155,3.1553,0,nan,0.00015895,-0.0262182
15156,3.15521,0,nan,0.000278829,-0.176846
15157,3.15521,0,nan,0.0003852,0.00455368
15158,3.15521,0,nan,0.000288137,-0.370249
15159,3.15521,-0.00872665,nan,0.000159274,-0.219793
15160,3.15521,0,nan,-1.67269e-05,-0.305329
15161,3.15521,0,nan,0.000204412,-0.0943847
15162,3.15521,-0.00872665,nan,0.000393165,-0.21613
15163,3.15521,0,nan,0.000515668,-0.186518
15164,3.15521,0,nan,0.000861706,-0.278402
15165,3.15521,0,nan,0.000915073,-0.166661
15166,3.15521,0,nan,0.000913653,-0.166669
15167,3.15521,0,nan,0.00128535,0.0327734
15168,3.15521,0,nan,0.000925489,-0.138685
15169,3.15521,0,nan,0.00104351,0.0844168
15170,3.15521,-0.00872665,nan,0.000806106,-0.0434741
15171,3.15521,0,nan,0.000630144,-0.17084
15172,3.15521,0,nan,0.000954453,0.0833254
15173,3.15521,0,nan,0.00126805,0.0745332
15174,3.15521,0,nan,0.00107278,-0.0802891
15175,3.15511,0,nan,0.00109075,0.1414
15176,3.15511,0,nan,0.00124295,0.0608051
15177,3.15511,0,nan,0.00124451,-0.0912357
15178,3.15511,0,nan,0.00171346,-0.070369
15179,3.15511,0,nan,0.00190659,-0.24741
15180,3.15511,0,nan,0.00142437,-0.171429
15181,3.15511,0,nan,0.00140868,-0.143956
15182,3.15511,0,nan,0.00146026,-0.0325135
15183,3.15511,0,nan,0.00183338,0.166819
15184,3.15511,0,nan,0.00166735,-0.222831
15185,3.15511,0,nan,0.00164763,-0.153975
15186,3.15511,0,nan,0.00154019,-0.0725696
15187,3.15511,0,nan,0.00123672,-0.146077
15188,3.15511,0,nan,0.00123986,-0.104621
15189,3.15511,0,nan,0.00128957,0.00709664
15190,3.15511,0,nan,0.00191306,-0.066241
15191,3.15511,0,nan,0.00161213,-0.236735
15192,3.15511,0,nan,0.00171627,0.0691388
15193,3.15511,0,nan,0.00153419,-0.16884
15194,3.15511,0,nan,0.00129573,-0.172433
15195,3.15511,0,nan,0.00171072,-0.110725
15196,3.15511,0,nan,0.00153749,-0.182536
15197,3.15511,0,nan,0.00161802,-0.222617
15198,3.15511,0,nan,0.00197894,-0.0373418
15199,3.15511,0,nan,0.00205754,-0.188257
15200,3.15511,0,nan,0.00195729,-0.0375205
15201,3.15511,0,nan,0.00206,-0.298446
15202,3.15511,0,nan,0.00190075,-0.176366
15203,3.15511,0,nan,0.00151789,-0.140497
15204,3.15511,0,nan,0.00148524,-0.154766
15205,3.15511,0,nan,0.00161354,-0.124935
15206,3.15511,0,nan,0.00176155,-0.108618
15207,3.15511,0,nan,0.00163591,0.111115
15208,3.15511,0,nan,0.00178541,0.141371
15209,3.15511,0,nan,0.00184861,-0.120278
15210,3.15511,0,nan,0.0016871,-0.24716
15211,3.15511,0,nan,0.0017212,-0.121815
15212,3.15511,0,nan,0.00157542,-0.0824164
15213,3.15511,0,nan,0.00125608,-0.432896
15214,3.15511,0,nan,0.000955003,-0.367985
15215,3.15511,0,nan,0.000956268,-0.00851944
15216,3.15511,0,nan,0.000565514,0.0134631
15217,3.15511,0,nan,0.000520948,0.123556
15218,3.15511,0,nan,0.000360261,-0.390652
15219,3.15511,0,nan,0.000515085,-0.0700349
15220,3.15511,0,nan,0.000460681,-0.444397
15221,3.15511,0,nan,0.000494913,0.0402983
15222,3.15511,0,nan,0.000389223,-0.0163711
15223,3.15511,0,nan,0.000940147,-0.077249
15224,3.15511,0,nan,0.000948656,-0.0911772
15225,3.15511,0,nan,0.00119443,0.120203
15226,3.15511,0,nan,0.00120844,0.0100057
15227,3.15511,0,nan,0.000786433,-0.0794308
15228,3.15511,0,nan,0.000885184,-0.0640866
15229,3.15511,0,nan,0.000489693,-0.0559909
15230,3.15511,0,nan,0.000670673,-0.0807827
15231,3.15511,0,nan,0.000946252,-0.0627756
15232,3.15511,0,nan,0.000979077,-0.269985
15233,3.15511,0,nan,0.000628625,0.070493
15234,3.15511,0,nan,0.000949637,-0.270744
15235,3.15511,0,nan,0.000823345,-0.189611
15236,3.15511,0,nan,0.00063697,-0.109352
15237,3.15511,0,nan,0.000314471,-0.0173285
15238,3.15511,0,nan,0.000377865,-0.0578837
15239,3.15511,0,nan,0.000322757,-0.0448212
15240,3.15511,0,nan,0.000189551,0.202365
15241,3.15511,0,nan,0.000159084,-0.185472
15242,3.15511,0,nan,0.000429626,0.0537253
15243,3.15511,0,nan,0.00027228,0.0101679
15244,3.15511,0,nan,0.000354153,-0.196144
15245,3.15511,0,nan,-9.18715e-05,-0.244438
15246,3.15511,0,nan,5.65e-06,0.0890809
15247,3.15511,0,nan,-7.61142e-05,-0.00882594
15248,3.15511,0,nan,-6.33591e-05,-0.0499871
15249,3.15511,0,nan,-0.00014376,0.0595979
15250,3.15511,0,nan,-4.08968e-05,-0.00783466
15251,3.15511,0,nan,-0.000382548,-0.165097
15252,3.15511,0,nan,-9.95995e-05,-0.35482
15253,3.15511,0,nan,-0.000341642,-0.178565
15254,3.15511,0,nan,-0.000219923,0.26585
15255,3.15511,0,nan,0.000121715,0.105081
15256,3.15511,0,nan,0.000127904,-0.143851
15257,3.15511,0,nan,0.000298615,-0.113697
15258,3.15511,0,nan,0.00030349,-0.0997836
15259,3.15511,0,nan,0.000112674,0.00816435
15260,3.15511,0,nan,6.99466e-05,0.0627949
15261,3.15511,0,nan,-0.000286438,-0.385085
15262,3.15511,0,nan,-0.000220658,-0.301193
15263,3.15511,0,nan,-0.000219464,-0.0798329
15264,3.15511,0,nan,-5.81722e-05,-0.0498501
15265,3.15511,0,nan,-6.84576e-05,-0.298985
15266,3.15511,0,nan,6.022e-05,-0.144631
15267,3.15511,0,nan,-0.0001495,0.0323145
15268,3.15511,0,nan,-0.000252409,-0.163203
15269,3.15511,0,nan,-0.000171599,-0.0651523
15270,3.15511,0,nan,-0.000225839,-0.065813
15271,3.15511,0,nan,nan,nan
15272,3.15521,0.0314159,nan,nan,nan
15273,3.1553,0.020944,nan,nan,nan
15274,3.15549,0.020944,nan,nan,nan
15275,3.15549,0,nan,nan,nan
15276,3.15549,0,nan,nan,nan
15277,3.15549,0,nan,nan,nan
15278,3.15549,-0.00872665,nan,nan,nan
15279,3.15549,0,nan,nan,nan
15280,3.1554,0,nan,nan,nan
15281,3.15549,0.00872665,nan,nan,nan
15282,3.15549,0.0174533,nan,nan,nan
15283,3.15559,0.00523599,nan,nan,nan
15284,3.15569,0.0174533,nan,nan,nan
15285,3.15578,0,nan,nan,nan
15286,3.15578,0.0174533,nan,nan,nan
15287,3.15559,-0.0715585,nan,nan,nan
15288,3.1553,-0.0610865,nan,nan,nan
15289,3.15521,0,nan,nan,nan
15290,3.15511,-0.0506145,nan,nan,nan
15291,3.15454,-0.0855211,nan,nan,nan
15292,3.15425,-0.0785398,nan,nan,nan
15293,3.15386,-0.0663225,nan,nan,nan
15294,3.15358,-0.0523599,nan,nan,nan
15295,3.15339,-0.0314159,nan,nan,nan
15296,3.15329,-0.0261799,nan,nan,nan
15297,3.1531,-0.0191986,nan,nan,nan
15298,3.153,-0.00872665,nan,nan,nan
15299,3.153,0,nan,nan,nan
15300,3.153,-0.00349066,nan,nan,nan
15301,3.15291,0,nan,nan,nan
15302,3.15291,-0.010472,nan,nan,nan
15303,3.15291,0,nan,nan,nan
15304,3.15291,0,nan,nan,nan
15305,3.15291,0,nan,nan,nan
15306,3.15291,0,nan,nan,nan
15307,3.15291,0,nan,nan,nan
15308,3.15291,0,nan,nan,nan
15309,3.15291,0,nan,nan,nan
15310,3.15291,0,nan,nan,nan
15311,3.15291,0,nan,nan,nan
15312,3.15291,0,nan,nan,nan
15313,3.15291,0,nan,nan,nan
15314,3.15291,0,nan,nan,nan
15315,3.15291,0,nan,nan,nan
15316,3.15291,0,nan,nan,nan
15317,3.15291,0,nan,nan,nan
15318,3.15291,0,nan,nan,nan
15319,3.15291,0,nan,nan,nan
15320,3.15291,0,nan,nan,nan
15321,3.15291,0,nan,nan,nan
15322,3.15291,0,nan,nan,nan
15323,3.15291,0,nan,nan,nan
15324,3.15291,0,nan,nan,nan
15325,3.15291,0,nan,nan,nan
15326,3.15291,0,nan,nan,nan
15327,3.15291,0,nan,nan,nan
15328,3.15291,0,nan,nan,nan
15329,3.15291,0,nan,nan,nan
15330,3.15291,0,nan,nan,nan
15331,3.15291,0,nan,nan,nan
15332,3.15291,0,nan,nan,nan
15333,3.15291,0,nan,nan,nan
15334,3.15291,0,nan,nan,nan
15335,3.15291,0,nan,nan,nan
15336,3.15291,0,nan,nan,nan
15337,3.15291,0,nan,nan,nan
15338,3.15291,0,nan,nan,nan
15339,3.15291,0,nan,nan,nan
15340,3.15291,0,nan,nan,nan
15341,3.15291,0,nan,nan,nan
15342,3.15291,0,nan,nan,nan
15343,3.15291,0,nan,nan,nan
15344,3.15291,0,nan,nan,nan
15345,3.15291,0,nan,nan,nan
15346,3.15291,0,nan,nan,nan
15347,3.15291,0,nan,nan,nan
15348,3.15291,0,nan,nan,nan
15349,3.15291,0,nan,nan,nan
15350,3.15291,0,nan,nan,nan
15351,3.15291,0,nan,nan,nan
15352,3.15291,0,nan,nan,nan
15353,3.15291,0,nan,nan,nan
15354,3.15291,0,nan,nan,nan
15355,3.15291,0,nan,nan,nan
15356,3.15291,0,nan,nan,nan
15357,3.15291,0,nan,nan,nan
15358,3.15291,0,nan,nan,nan
15359,3.15291,0,nan,nan,nan
15360,3.15291,0,nan,nan,nan
15361,3.15291,0,nan,nan,nan
15362,3.15291,0,nan,nan,nan
15363,3.15291,0,nan,nan,nan
15364,3.15291,0,nan,nan,nan
15365,3.15291,0,nan,nan,nan
15366,3.15291,0,nan,nan,nan
15367,3.15291,0,nan,nan,nan
15368,3.15291,0,nan,nan,nan
15369,3.15291,0,nan,nan,nan
15370,3.15291,0,nan,nan,nan
15371,3.15291,0,nan,nan,nan
15372,3.15291,0,nan,nan,nan
15373,3.15291,0,nan,nan,nan
15374,3.15291,0,nan,nan,nan
15375,3.15291,0,nan,nan,nan
15376,3.15291,0,nan,nan,nan
15377,3.15291,0,nan,nan,nan
15378,3.15291,0,nan,nan,nan
15379,3.15291,0,nan,nan,nan
15380,3.15291,0,nan,nan,nan
15381,3.15291,0,nan,nan,nan
15382,3.15291,0,nan,nan,nan
15383,3.15291,0,nan,nan,nan
15384,3.15291,0,nan,nan,nan
15385,3.15291,0,nan,nan,nan
15386,3.15291,0,nan,nan,nan
15387,3.15291,0,nan,nan,nan
15388,3.15291,0,nan,nan,nan
15389,3.15291,0,nan,nan,nan
15390,3.15291,0,nan,nan,nan
15391,3.15291,0,nan,nan,nan
15392,3.15291,0,nan,nan,nan
15393,3.15291,0,nan,nan,nan
15394,3.15291,0,nan,nan,nan
15395,3.15291,0,nan,nan,nan
15396,3.15291,0,nan,nan,nan
15397,3.15291,0,nan,nan,nan
15398,3.15291,0,nan,nan,nan
15399,3.15291,0,nan,nan,nan
15400,3.15291,0,nan,nan,nan
15401,3.15291,0,nan,nan,nan
15402,3.15291,0,nan,nan,nan
15403,3.15291,0,nan,nan,nan
15404,3.15291,0,nan,nan,nan
15405,3.15291,0,nan,nan,nan
15406,3.15291,0,nan,nan,nan
15407,3.15291,0,nan,nan,nan
15408,3.15291,0,nan,nan,nan
15409,3.15291,0,nan,nan,nan
15410,3.15291,0,nan,nan,nan
15411,3.15291,0,nan,nan,nan
15412,3.15291,0,nan,nan,nan
15413,3.15291,0,nan,nan,nan
15414,3.15291,0,nan,nan,nan
15415,3.15291,0,nan,nan,nan
15416,3.15291,0,nan,nan,nan
15417,3.15291,0,nan,nan,nan
15418,3.15291,0,nan,nan,nan
15419,3.15291,0,nan,nan,nan
15420,3.15291,0,nan,nan,nan
15421,3.15291,0,nan,nan,nan
15422,3.15291,0,nan,nan,nan
15423,3.15291,0,nan,nan,nan
15424,3.15291,0,nan,nan,nan
15425,3.15291,0,nan,nan,nan
15426,3.15291,0,nan,nan,nan
15427,3.15291,0,nan,nan,nan
15428,3.15291,0,nan,nan,nan
15429,3.15291,0,nan,nan,nan
15430,3.15291,0,nan,nan,nan
15431,3.15291,0,nan,nan,nan
15432,3.15291,0,nan,nan,nan
15433,3.15291,0,nan,nan,nan
15434,3.15291,0,nan,nan,nan
15435,3.15291,0,nan,nan,nan
15436,3.15291,0,nan,nan,nan
15437,3.15291,0,nan,nan,nan
15438,3.15291,0,nan,nan,nan
15439,3.15291,0,nan,nan,nan
15440,3.15291,0,nan,nan,nan
15441,3.15291,0,nan,nan,nan
15442,3.15291,0,nan,nan,nan
15443,3.15291,0,nan,nan,nan
15444,3.15291,0,nan,nan,nan
15445,3.15291,0,nan,nan,nan
15446,3.15291,0,nan,nan,nan
15447,3.15291,0,nan,nan,nan
15448,3.15291,0,nan,nan,nan
15449,3.15291,0,nan,nan,nan
15450,3.15291,0,nan,nan,nan
15451,3.15291,0,nan,nan,nan
15452,3.15291,0,nan,nan,nan
15453,3.15291,0,nan,nan,nan
15454,3.15291,0,nan,nan,nan
15455,3.15291,0,nan,nan,nan
15456,3.15291,0,nan,nan,nan
15457,3.15291,0,nan,nan,nan
15458,3.15291,0,nan,nan,nan
15459,3.15291,0,nan,nan,nan
15460,3.15291,0,nan,nan,nan
15461,3.15291,0,nan,nan,nan
15462,3.15291,0,nan,nan,nan
15463,3.15291,0,nan,nan,nan
15464,3.15291,0,nan,nan,nan
15465,3.15291,0,nan,nan,nan
15466,3.15291,0,nan,nan,nan
15467,3.15291,0,nan,nan,nan
15468,3.15291,0,nan,nan,nan
15469,3.15291,0,nan,nan,nan
15470,3.15291,0,nan,nan,nan
15471,3.15291,0,nan,nan,nan
15472,3.15291,0,nan,nan,nan
15473,3.15291,0,nan,nan,nan
15474,3.15291,0,nan,nan,nan
15475,3.15291,0,nan,nan,nan
15476,3.15291,0,nan,nan,nan
15477,3.15291,0,nan,nan,nan
15478,3.15291,0,nan,nan,nan
15479,3.15291,0,nan,nan,nan
15480,3.15291,0,nan,nan,nan
15481,3.15291,0,nan,nan,nan
15482,3.15291,0,nan,nan,nan
15483,3.15291,0,nan,nan,nan
15484,3.15291,0,nan,nan,nan
15485,3.15291,0,nan,nan,nan
15486,3.15291,0,nan,nan,nan
15487,3.15291,0,nan,nan,nan
15488,3.15291,0,nan,nan,nan
15489,3.15291,0,nan,nan,nan
15490,3.15291,0,nan,nan,nan
15491,3.15291,0,nan,nan,nan
15492,3.15291,0,nan,nan,nan
15493,3.15291,0,nan,nan,nan
15494,3.15291,0,nan,nan,nan
15495,3.15291,0,nan,nan,nan
15496,3.15291,0,nan,nan,nan
15497,3.15291,0,nan,nan,nan
15498,3.15291,0,nan,nan,nan
15499,3.15291,0,nan,nan,nan
15500,3.15291,0,nan,nan,nan
15501,3.15291,0,nan,nan,nan
15502,3.15291,0,nan,nan,nan
15503,3.15291,0,nan,nan,nan
15504,3.15291,0,nan,nan,nan
15505,3.15291,0,nan,nan,nan
15506,3.15291,0,nan,nan,nan
15507,3.15291,0,nan,nan,nan
15508,3.15291,0,nan,nan,nan
15509,3.15291,0,nan,nan,nan
15510,3.15291,0,nan,nan,nan
15511,3.15291,0,nan,nan,nan
15512,3.15291,0,nan,nan,nan
15513,3.15291,0,nan,nan,nan
15514,3.15291,0,nan,nan,nan
15515,3.15291,0,nan,nan,nan
15516,3.15291,0,nan,nan,nan
15517,3.15291,0,nan,nan,nan
15518,3.15291,0,nan,nan,nan
15519,3.15291,0,nan,nan,nan
15520,3.15291,0,nan,nan,nan
15521,3.15291,0,nan,nan,nan
15522,3.15291,0,nan,nan,nan
15523,3.15291,0,nan,nan,nan
15524,3.15291,0,nan,nan,nan
15525,3.15291,0,nan,nan,nan
15526,3.15291,0,nan,nan,nan
15527,3.15291,0,nan,nan,nan
15528,3.15291,0,nan,nan,nan
15529,3.15291,0,nan,nan,nan
15530,3.15291,0,nan,nan,nan
15531,3.15291,0,nan,nan,nan
15532,3.15291,0,nan,nan,nan
15533,3.15291,0,nan,nan,nan
15534,3.15291,0,nan,nan,nan
15535,3.15291,0,nan,nan,nan
15536,3.15291,0,nan,nan,nan
15537,3.15291,0,nan,nan,nan
15538,3.15291,0,nan,nan,nan
15539,3.15291,0,nan,nan,nan
15540,3.15291,0,nan,nan,nan
15541,3.15291,0,nan,nan,nan
15542,3.15291,0,nan,nan,nan
15543,3.15291,0,nan,nan,nan
15544,3.15291,0,nan,nan,nan
15545,3.15291,0,nan,nan,nan
15546,3.15291,0,nan,nan,nan
15547,3.15291,0,nan,nan,nan
15548,3.15291,0,nan,nan,nan
15549,3.15291,0,nan,nan,nan
15550,3.15291,0,nan,nan,nan
15551,3.15291,0,nan,nan,nan
15552,3.15291,0,nan,nan,nan
15553,3.15291,0,nan,nan,nan
15554,3.15291,0,nan,nan,nan
15555,3.15291,0,nan,nan,nan
15556,3.15291,0,nan,nan,nan
15557,3.15291,0,nan,nan,nan
15558,3.15291,0,nan,nan,nan
15559,3.15291,0,nan,nan,nan
15560,3.15291,0,nan,nan,nan
15561,3.15291,0,nan,nan,nan
15562,3.15291,0,nan,nan,nan
15563,3.15291,0,nan,nan,nan
15564,3.15291,0,nan,nan,nan
15565,3.15291,0,nan,nan,nan
15566,3.15291,0,nan,nan,nan
15567,3.15291,0,nan,nan,nan
15568,3.15291,0,nan,nan,nan
15569,3.15291,0,nan,nan,nan
15570,3.15291,0,nan,nan,nan
15571,3.15291,0,nan,nan,nan
15572,3.15291,0,nan,nan,nan
15573,3.15291,0,nan,nan,nan
15574,3.15291,0,nan,nan,nan
15575,3.15291,0,nan,nan,nan
15576,3.15291,0,nan,nan,nan
15577,3.15291,0,nan,nan,nan
15578,3.15291,0,nan,nan,nan
15579,3.15291,0,nan,nan,nan
15580,3.15291,0,nan,nan,nan
15581,3.15291,0,nan,nan,nan
15582,3.15291,0,nan,nan,nan
15583,3.15291,0,nan,nan,nan
15584,3.15291,0,nan,nan,nan
15585,3.15291,0,nan,nan,nan
15586,3.15291,0,nan,nan,nan
15587,3.15291,0,nan,nan,nan
15588,3.15291,0,nan,nan,nan
15589,3.15291,0,nan,nan,nan
15590,3.15291,0,nan,nan,nan
15591,3.15291,0,nan,nan,nan
15592,3.15291,0,nan,nan,nan
15593,3.15291,0,nan,nan,nan
15594,3.15291,0,nan,nan,nan
15595,3.15291,0,nan,nan,nan
15596,3.15291,0,nan,nan,nan
15597,3.15291,0,nan,nan,nan
15598,3.15291,0,nan,nan,nan
15599,3.15291,0,nan,nan,nan
15600,3.15291,0,nan,nan,nan
15601,3.15291,0,nan,nan,nan
15602,3.15291,0,nan,nan,nan
15603,3.15291,0,nan,nan,nan
15604,3.15291,0,nan,nan,nan
15605,3.15291,0,nan,nan,nan
15606,3.15291,0,nan,nan,nan
15607,3.15291,0,nan,nan,nan
15608,3.15291,0,nan,nan,nan
15609,3.15291,0,nan,nan,nan
15610,3.15291,0,nan,nan,nan
15611,3.15291,0,nan,nan,nan
15612,3.15291,0,nan,nan,nan
15613,3.15291,0,nan,nan,nan
15614,3.15291,0,nan,nan,nan
15615,3.15291,0,nan,nan,nan
15616,3.15291,0,nan,nan,nan
15617,3.15291,0,nan,nan,nan
15618,3.15291,0,nan,nan,nan
15619,3.15291,0,nan,nan,nan
15620,3.15291,0,nan,nan,nan
15621,3.15291,0,nan,nan,nan
15622,3.15291,0,nan,nan,nan
15623,3.15291,0,nan,nan,nan
15624,3.15291,0,nan,nan,nan
15625,3.15291,0,nan,nan,nan
15626,3.15291,0,nan,nan,nan
15627,3.15291,0,nan,nan,nan
15628,3.15291,0,nan,nan,nan
15629,3.15291,0,nan,nan,nan
15630,3.15291,0,nan,nan,nan
15631,3.15291,0,nan,nan,nan
15632,3.15291,0,nan,nan,nan
15633,3.15291,0,nan,nan,nan
15634,3.15291,0,nan,nan,nan
15635,3.15291,0,nan,nan,nan
15636,3.15291,0,nan,nan,nan
15637,3.15291,0,nan,nan,nan
15638,3.15291,0,nan,nan,nan
15639,3.15291,0,nan,nan,nan
15640,3.15291,0,nan,nan,nan
15641,3.15291,0,nan,nan,nan
15642,3.15291,0,nan,nan,nan
15643,3.15291,0,nan,nan,nan
15644,3.15291,0,nan,nan,nan
15645,3.15291,0,nan,nan,nan
15646,3.15291,0,nan,nan,nan
15647,3.15291,0,nan,nan,nan
15648,3.15291,0,nan,nan,nan
15649,3.15291,0,nan,nan,nan
15650,3.15291,0,nan,nan,nan
15651,3.15291,0,nan,nan,nan
15652,3.15291,0,nan,nan,nan
15653,3.15291,0,nan,nan,nan
15654,3.15291,0,nan,nan,nan
15655,3.15291,0,nan,nan,nan
15656,3.15291,0,nan,nan,nan
15657,3.15291,0,nan,nan,nan
15658,3.15291,0,nan,nan,nan
15659,3.15291,0,nan,nan,nan
15660,3.15291,0,nan,nan,nan
15661,3.15291,0,nan,nan,nan
15662,3.15291,0,nan,nan,nan
15663,3.15291,0,nan,nan,nan
15664,3.15291,0,nan,nan,nan
15665,3.15291,0,nan,nan,nan
15666,3.15291,0,nan,nan,nan
15667,3.15291,0,nan,nan,nan
15668,3.15291,0,nan,nan,nan
15669,3.15291,0,nan,nan,nan
15670,3.15291,0,nan,nan,nan
15671,3.15291,0,nan,nan,nan
15672,3.15291,0,nan,nan,nan
15673,3.15291,0,nan,nan,nan
15674,3.15291,0,nan,nan,nan
15675,3.15291,0,nan,nan,nan
15676,3.15291,0,nan,nan,nan
15677,3.15291,0,nan,nan,nan
15678,3.15291,0,nan,nan,nan
15679,3.15291,0,nan,nan,nan
15680,3.15291,0,nan,nan,nan
15681,3.15291,0,nan,nan,nan
15682,3.15291,0,nan,nan,nan
15683,3.15291,0,nan,nan,nan
15684,3.15291,0,nan,nan,nan
15685,3.15291,0,nan,nan,nan
15686,3.15291,0,nan,nan,nan
15687,3.15291,0,nan,nan,nan
15688,3.15291,0,nan,nan,nan
15689,3.15291,0,nan,nan,nan
15690,3.15291,0,nan,nan,nan
15691,3.15291,0,nan,nan,nan
15692,3.15291,0,nan,nan,nan
15693,3.15291,0,nan,nan,nan
15694,3.15291,0,nan,nan,nan
15695,3.15291,0,nan,nan,nan
15696,3.15291,0,nan,nan,nan
15697,3.15291,0,nan,nan,nan
15698,3.15291,0,nan,nan,nan
15699,3.15291,0,nan,nan,nan
15700,3.15291,0,nan,nan,nan
15701,3.15291,0,nan,nan,nan
15702,3.15291,0,nan,nan,nan
15703,3.15291,0,nan,nan,nan
15704,3.15291,0,nan,nan,nan
15705,3.15291,0,nan,nan,nan
15706,3.15291,0,nan,nan,nan
15707,3.15291,0,nan,nan,nan
15708,3.15291,0,nan,nan,nan
15709,3.15291,0,nan,nan,nan
15710,3.15291,0,nan,nan,nan
15711,3.15291,0,nan,nan,nan
15712,3.15291,0,nan,nan,nan
15713,3.15291,0,nan,nan,nan
15714,3.15291,0,nan,nan,nan
15715,3.15291,0,nan,nan,nan
15716,3.15291,0,nan,nan,nan
15717,3.15291,0,nan,nan,nan
15718,3.15291,0,nan,nan,nan
15719,3.15291,0,nan,nan,nan
15720,3.15291,0,nan,nan,nan
15721,3.15291,0,nan,nan,nan
15722,3.15291,0,nan,nan,nan
15723,3.15291,0,nan,nan,nan
15724,3.15291,0,nan,nan,nan
15725,3.15291,0,nan,nan,nan
15726,3.15291,0,nan,nan,nan
15727,3.15291,0,nan,nan,nan
15728,3.15291,0,nan,nan,nan
15729,3.15291,0,nan,nan,nan
15730,3.15291,0,nan,nan,nan
15731,3.15291,0,nan,nan,nan
15732,3.15291,0,nan,nan,nan
15733,3.15291,0,nan,nan,nan
15734,3.15291,0,nan,nan,nan
15735,3.15291,0,nan,nan,nan
15736,3.15291,0,nan,nan,nan
15737,3.15291,0,nan,nan,nan
15738,3.15291,0,nan,nan,nan
15739,3.15291,0,nan,nan,nan
15740,3.15291,0,nan,nan,nan
15741,3.15291,0,nan,nan,nan
15742,3.15291,0,nan,nan,nan
15743,3.15291,0,nan,nan,nan
15744,3.15291,0,nan,nan,nan
15745,3.15291,0,nan,nan,nan
15746,3.15291,0,nan,nan,nan
15747,3.15291,0,nan,nan,nan
15748,3.15291,0,nan,nan,nan
15749,3.15291,0,nan,nan,nan
15750,3.15291,0,nan,nan,nan
15751,3.15291,0,nan,nan,nan
15752,3.15291,0,nan,nan,nan
15753,3.15291,0,nan,nan,nan
15754,3.15291,0,nan,nan,nan
15755,3.15291,0,nan,nan,nan
15756,3.15291,0,nan,nan,nan
15757,3.15291,0,nan,nan,nan
15758,3.15291,0,nan,nan,nan
15759,3.15291,0,nan,nan,nan
15760,3.15291,0,nan,nan,nan
15761,3.15291,0,nan,nan,nan
15762,3.15291,0,nan,nan,nan
15763,3.15291,0,nan,nan,nan
15764,3.15291,0,nan,nan,nan
15765,3.15291,0,nan,nan,nan
15766,3.15291,0,nan,nan,nan
15767,3.15291,0,nan,nan,nan
15768,3.15291,0,nan,nan,nan
15769,3.15291,0,nan,nan,nan
15770,3.15291,0,nan,nan,nan
15771,3.15291,0,nan,nan,nan
15772,3.15291,0,nan,nan,nan
15773,3.15291,0,nan,nan,nan
15774,3.15291,0,nan,nan,nan
15775,3.15291,0,nan,nan,nan
15776,3.15291,0,nan,nan,nan
15777,3.15291,0,nan,nan,nan
15778,3.15291,0,nan,nan,nan
15779,3.15291,0,nan,nan,nan
15780,3.15291,0,nan,nan,nan
15781,3.15291,0,nan,nan,nan
15782,3.15291,0,nan,nan,nan
15783,3.15291,0,nan,nan,nan
15784,3.15291,0,nan,nan,nan
15785,3.15291,0,nan,nan,nan
15786,3.15291,0,nan,nan,nan
15787,3.15291,0,nan,nan,nan
15788,3.15291,0,nan,nan,nan
15789,3.15291,0,nan,nan,nan
15790,3.15291,0,nan,nan,nan
15791,3.15291,0,nan,nan,nan
15792,3.15291,0,nan,nan,nan
15793,3.15291,0,nan,nan,nan
15794,3.15291,0,nan,nan,nan
15795,3.15291,0,nan,nan,nan
15796,3.15291,0,nan,nan,nan
15797,3.15291,0,nan,nan,nan
15798,3.15291,0,nan,nan,nan
15799,3.15291,0,nan,nan,nan
15800,3.15291,0,nan,nan,nan
15801,3.15291,0,nan,nan,nan
15802,3.15291,0,nan,nan,nan
15803,3.15291,0,nan,nan,nan
15804,3.15291,0,nan,nan,nan
15805,3.15291,0,nan,nan,nan
15806,3.15291,0,nan,nan,nan
15807,3.15291,0,nan,nan,nan
15808,3.15291,0,nan,nan,nan
15809,3.15291,0,nan,nan,nan
15810,3.15291,0,nan,nan,nan
15811,3.15291,0,nan,nan,nan
15812,3.15291,0,nan,nan,nan
15813,3.15291,0,nan,nan,nan
15814,3.15291,0,nan,nan,nan
15815,3.15291,0,nan,nan,nan
15816,3.15291,0,nan,nan,nan
15817,3.15291,0,nan,nan,nan
15818,3.15291,0,nan,nan,nan
15819,3.15291,0,nan,nan,nan
15820,3.15291,0,nan,nan,nan
15821,3.15291,0,nan,nan,nan
15822,3.15291,0,nan,nan,nan
15823,3.15291,0,nan,nan,nan
15824,3.15291,0,nan,nan,nan
15825,3.15291,0,nan,nan,nan
15826,3.15291,0,nan,nan,nan
15827,3.15291,0,nan,nan,nan
15828,3.15291,0,nan,nan,nan
15829,3.15291,0,nan,nan,nan
15830,3.15291,0,nan,nan,nan
15831,3.15291,0,nan,nan,nan
15832,3.15291,0,nan,nan,nan
15833,3.15291,0,nan,nan,nan
15834,3.15291,0,nan,nan,nan
15835,3.15291,0,nan,nan,nan
15836,3.15291,0,nan,nan,nan
15837,3.15291,0,nan,nan,nan
15838,3.15291,0,nan,nan,nan
15839,3.15291,0,nan,nan,nan
15840,3.15291,0,nan,nan,nan
15841,3.15291,0,nan,nan,nan
15842,3.15291,0,nan,nan,nan
15843,3.15291,0,nan,nan,nan
15844,3.15291,0,nan,nan,nan
15845,3.15291,0,nan,nan,nan
15846,3.15291,0,nan,nan,nan
15847,3.15291,0,nan,nan,nan
15848,3.15291,0,nan,nan,nan
15849,3.15291,0,nan,nan,nan
15850,3.15291,0,nan,nan,nan
15851,3.15291,0,nan,nan,nan
15852,3.15291,0,nan,nan,nan
15853,3.15291,0,nan,nan,nan
15854,3.15291,0,nan,nan,nan
15855,3.15291,0,nan,nan,nan
15856,3.15291,0,nan,nan,nan
15857,3.15291,0,nan,nan,nan
15858,3.15291,0,nan,nan,nan
15859,3.15291,0,nan,nan,nan
15860,3.15291,0,nan,nan,nan
15861,3.15291,0,nan,nan,nan
15862,3.15291,0,nan,nan,nan
15863,3.15291,0,nan,nan,nan
15864,3.15291,0,nan,nan,nan
15865,3.15291,0,nan,nan,nan
15866,3.15291,0,nan,nan,nan
15867,3.15291,0,nan,nan,nan
15868,3.15291,0,nan,nan,nan
15869,3.15291,0,nan,nan,nan
15870,3.15291,0,nan,nan,nan
15871,3.15291,0,nan,nan,nan
15872,3.15291,0,nan,nan,nan
15873,3.15291,0,nan,nan,nan
15874,3.15291,0,nan,nan,nan
15875,3.15291,0,nan,nan,nan
15876,3.15291,0,nan,nan,nan
15877,3.15291,0,nan,nan,nan
15878,3.15291,0,nan,nan,nan
15879,3.15291,0,nan,nan,nan
15880,3.15291,0,nan,nan,nan
15881,3.15291,0,nan,nan,nan
15882,3.15291,0,nan,nan,nan
15883,3.15291,0,nan,nan,nan
15884,3.15291,0,nan,nan,nan
15885,3.15291,0,nan,nan,nan
15886,3.15291,0,nan,nan,nan
15887,3.15291,0,nan,nan,nan
15888,3.15291,0,nan,nan,nan
15889,3.15291,0,nan,nan,nan
15890,3.15291,0,nan,nan,nan
15891,3.15291,0,nan,nan,nan
15892,3.15291,0,nan,nan,nan
15893,3.15291,0,nan,nan,nan
15894,3.15291,0,nan,nan,nan
15895,3.15291,0,nan,nan,nan
15896,3.15291,0,nan,nan,nan
15897,3.15291,0,nan,nan,nan
15898,3.15291,0,nan,nan,nan
15899,3.15291,0,nan,nan,nan
15900,3.15291,0,nan,nan,nan
15901,3.15291,0,nan,nan,nan
15902,3.15291,0,nan,nan,nan
15903,3.15291,0,nan,nan,nan
15904,3.15291,0,nan,nan,nan
15905,3.15291,0,nan,nan,nan
15906,3.15291,0,nan,nan,nan
15907,3.15291,0,nan,nan,nan
15908,3.15291,0,nan,nan,nan
15909,3.15291,0,nan,nan,nan
15910,3.15291,0,nan,nan,nan
15911,3.15291,0,nan,nan,nan
15912,3.15291,0,nan,nan,nan
15913,3.15291,0,nan,nan,nan
15914,3.15291,0,nan,nan,nan
15915,3.15291,0,nan,nan,nan
15916,3.15291,0,nan,nan,nan
15917,3.15291,0,nan,nan,nan
15918,3.15291,0,nan,nan,nan
15919,3.15291,0,nan,nan,nan
15920,3.15291,0,nan,nan,nan
15921,3.15291,0,nan,nan,nan
15922,3.15291,0,nan,nan,nan
15923,3.15291,0,nan,nan,nan
15924,3.15291,0,nan,nan,nan
15925,3.15291,0,nan,nan,nan
15926,3.15291,0,nan,nan,nan
15927,3.15291,0,nan,nan,nan
15928,3.15291,0,nan,nan,nan
15929,3.15291,0,nan,nan,nan
15930,3.15291,0,nan,nan,nan
15931,3.15291,0,nan,nan,nan
15932,3.15291,0,nan,nan,nan
15933,3.15291,0,nan,nan,nan
15934,3.15291,0,nan,nan,nan
15935,3.15291,0,nan,nan,nan
15936,3.15291,0,nan,nan,nan
15937,3.15291,0,nan,nan,nan
15938,3.15291,0,nan,nan,nan
15939,3.15291,0,nan,nan,nan
15940,3.15291,0,nan,nan,nan
15941,3.15291,0,nan,nan,nan
15942,3.15291,0,nan,nan,nan
15943,3.15291,0,nan,nan,nan
15944,3.15291,0,nan,nan,nan
15945,3.15291,0,nan,nan,nan
15946,3.15291,0,nan,nan,nan
15947,3.15291,0,nan,nan,nan
15948,3.15291,0,nan,nan,nan
15949,3.15291,0,nan,nan,nan
15950,3.15291,0,nan,nan,nan
15951,3.15291,0,nan,nan,nan
15952,3.15291,0,nan,nan,nan
15953,3.15291,0,nan,nan,nan
15954,3.15291,0,nan,nan,nan
15955,3.15291,0,nan,nan,nan
15956,3.15291,0,nan,nan,nan
15957,3.15291,0,nan,nan,nan
15958,3.15291,0,nan,nan,nan
15959,3.15291,0,nan,nan,nan
15960,3.15291,0,nan,nan,nan
15961,3.15291,0,nan,nan,nan
15962,3.15291,0,nan,nan,nan
15963,3.15291,0,nan,nan,nan
15964,3.15291,0,nan,nan,nan
15965,3.15291,0,nan,nan,nan
15966,3.15291,0,nan,nan,nan
15967,3.15291,0,nan,nan,nan
15968,3.15291,0,nan,nan,nan
15969,3.15291,0,nan,nan,nan
15970,3.15291,0,nan,nan,nan
15971,3.15291,0,nan,nan,nan
15972,3.15291,0,nan,nan,nan
15973,3.15291,0,nan,nan,nan
15974,3.15291,0,nan,nan,nan
15975,3.15291,0,nan,nan,nan
15976,3.15291,0,nan,nan,nan
15977,3.15291,0,nan,nan,nan
15978,3.15291,0,nan,nan,nan
15979,3.15291,0,nan,nan,nan
15980,3.15291,0,nan,nan,nan
15981,3.15291,0,nan,nan,nan
15982,3.15291,0,nan,nan,nan
15983,3.15291,0,nan,nan,nan
15984,3.15291,0,nan,nan,nan
15985,3.15291,0,nan,nan,nan
15986,3.15291,0,nan,nan,nan
15987,3.15291,0,nan,nan,nan
15988,3.15291,0,nan,nan,nan
15989,3.15291,0,nan,nan,nan
15990,3.15291,0,nan,nan,nan
15991,3.15291,0,nan,nan,nan
15992,3.15291,0,nan,nan,nan
15993,3.15291,0,nan,nan,nan
15994,3.15291,0,nan,nan,nan
15995,3.15291,0,nan,nan,nan
15996,3.15291,0,nan,nan,nan
15997,3.15291,0,nan,nan,nan
15998,3.15291,0,nan,nan,nan
15999,3.15291,0,nan,nan,nan
16000,3.15291,0,nan,nan,nan
16001,3.15291,0,nan,nan,nan
16002,3.15291,0,nan,nan,nan
16003,3.15291,0,nan,nan,nan
16004,3.15291,0,nan,nan,nan
16005,3.15291,0,nan,nan,nan
16006,3.15291,0,nan,nan,nan
16007,3.15291,0,nan,nan,nan
16008,3.15291,0,nan,nan,nan
16009,3.15291,0,nan,nan,nan
16010,3.15291,0,nan,nan,nan
16011,3.15291,0,nan,nan,nan
16012,3.15291,0,nan,nan,nan
16013,3.15291,0,nan,nan,nan
16014,3.15291,0,nan,nan,nan
16015,3.15291,0,nan,nan,nan
16016,3.15291,0,nan,nan,nan
16017,3.15291,0,nan,nan,nan
16018,3.15291,0,nan,nan,nan
16019,3.15291,0,nan,nan,nan
16020,3.15291,0,nan,nan,nan
16021,3.15291,0,nan,nan,nan
16022,3.15291,0,nan,nan,nan
16023,3.15291,0,nan,nan,nan
16024,3.15291,0,nan,nan,nan
16025,3.15291,0,nan,nan,nan
16026,3.15291,0,nan,nan,nan
16027,3.15291,0,nan,nan,nan
16028,3.15291,0,nan,nan,nan
16029,3.15291,0,nan,nan,nan
16030,3.15291,0,nan,nan,nan
16031,3.15291,0,nan,nan,nan
16032,3.15291,0,nan,nan,nan
16033,3.15291,0,nan,nan,nan
16034,3.15291,0,nan,nan,nan
16035,3.15291,0,nan,nan,nan
16036,3.15291,0,nan,nan,nan
16037,3.15291,0,nan,nan,nan
16038,3.15291,0,nan,nan,nan
16039,3.15291,0,nan,nan,nan
16040,3.15291,0,nan,nan,nan
16041,3.15291,0,nan,nan,nan
16042,3.15291,0,nan,nan,nan
16043,3.15291,0,nan,nan,nan
16044,3.15291,0,nan,nan,nan
16045,3.15291,0,nan,nan,nan
16046,3.15291,0,nan,nan,nan
16047,3.15291,0,nan,nan,nan
16048,3.15291,0,nan,nan,nan
16049,3.15291,0,nan,nan,nan
16050,3.15291,0,nan,nan,nan
16051,3.15291,0,nan,nan,nan
16052,3.15291,0,nan,nan,nan
16053,3.15291,0,nan,nan,nan
16054,3.15291,0,nan,nan,nan
16055,3.15291,0,nan,nan,nan
16056,3.15291,0,nan,nan,nan
16057,3.15291,0,nan,nan,nan
16058,3.15291,0,nan,nan,nan
16059,3.15291,0,nan,nan,nan
16060,3.15291,0,nan,nan,nan
16061,3.15291,0,nan,nan,nan
16062,3.15291,0,nan,nan,nan
16063,3.15291,0,nan,nan,nan
16064,3.15291,0,nan,nan,nan
16065,3.15291,0,nan,nan,nan
16066,3.15291,0,nan,nan,nan
16067,3.15291,0,nan,nan,nan
16068,3.15291,0,nan,nan,nan
16069,3.15291,0,nan,nan,nan
16070,3.15291,0,nan,nan,nan
16071,3.15291,0,nan,nan,nan
16072,3.15291,0,nan,nan,nan
16073,3.15291,0,nan,nan,nan
16074,3.15291,0,nan,nan,nan
16075,3.15291,0,nan,nan,nan
16076,3.15291,0,nan,nan,nan
16077,3.15291,0,nan,nan,nan
16078,3.15291,0,nan,nan,nan
16079,3.15291,0,nan,nan,nan
16080,3.15291,0,nan,nan,nan
16081,3.15291,0,nan,nan,nan
16082,3.15291,0,nan,nan,nan
16083,3.15291,0,nan,nan,nan
16084,3.15291,0,nan,nan,nan
16085,3.15291,0,nan,nan,nan
16086,3.15291,0,nan,nan,nan
16087,3.15291,0,nan,nan,nan
16088,3.15291,0,nan,nan,nan
16089,3.15291,0,nan,nan,nan
16090,3.15291,0,nan,nan,nan
16091,3.15291,0,nan,nan,nan
16092,3.15291,0,nan,nan,nan
16093,3.15291,0,nan,nan,nan
16094,3.15291,0,nan,nan,nan
16095,3.15291,0,nan,nan,nan
16096,3.15291,0,nan,nan,nan
16097,3.15291,0,nan,nan,nan
16098,3.15291,0,nan,nan,nan
16099,3.15291,0,nan,nan,nan
16100,3.15291,0,nan,nan,nan
16101,3.15291,0,nan,nan,nan
16102,3.15291,0,nan,nan,nan
16103,3.15291,0,nan,nan,nan
16104,3.15291,0,nan,nan,nan
16105,3.15291,0,nan,nan,nan
16106,3.15291,0,nan,nan,nan
16107,3.15291,0,nan,nan,nan
16108,3.15291,0,nan,nan,nan
16109,3.15291,0,nan,nan,nan
16110,3.15291,0,nan,nan,nan
16111,3.15291,0,nan,nan,nan
16112,3.15291,0,nan,nan,nan
16113,3.15291,0,nan,nan,nan
16114,3.15291,0,nan,nan,nan
16115,3.15291,0,nan,nan,nan
16116,3.15291,0,nan,nan,nan
16117,3.15291,0,nan,nan,nan
16118,3.15291,0,nan,nan,nan
16119,3.15291,0,nan,nan,nan
16120,3.15291,0,nan,nan,nan
16121,3.15291,0,nan,nan,nan
16122,3.15291,0,nan,nan,nan
16123,3.15291,0,nan,nan,nan
16124,3.15291,0,nan,nan,nan
16125,3.15291,0,nan,nan,nan
16126,3.15291,0,nan,nan,nan
16127,3.15291,0,nan,nan,nan
16128,3.15291,0,nan,nan,nan
16129,3.15291,0,nan,nan,nan
16130,3.15291,0,nan,nan,nan
16131,3.15291,0,nan,nan,nan
16132,3.15291,0,nan,nan,nan
16133,3.15291,0,nan,nan,nan
16134,3.15291,0,nan,nan,nan
16135,3.15291,0,nan,nan,nan
16136,3.15291,0,nan,nan,nan
16137,3.15291,0,nan,nan,nan
16138,3.15291,0,nan,nan,nan
16139,3.15291,0,nan,nan,nan
16140,3.15291,0,nan,nan,nan
16141,3.15291,0,nan,nan,nan
16142,3.15291,0,nan,nan,nan
16143,3.15291,0,nan,nan,nan
16144,3.15291,0,nan,nan,nan
16145,3.15291,0,nan,nan,nan
16146,3.15291,0,nan,nan,nan
16147,3.15291,0,nan,nan,nan
16148,3.15291,0,nan,nan,nan
16149,3.15291,0,nan,nan,nan
16150,3.15291,0,nan,nan,nan
16151,3.15291,0,nan,nan,nan
16152,3.15291,0,nan,nan,nan
16153,3.15291,0,nan,nan,nan
16154,3.15291,0,nan,nan,nan
16155,3.15291,0,nan,nan,nan
16156,3.15291,0,nan,nan,nan
16157,3.15291,0,nan,nan,nan
16158,3.15291,0,nan,nan,nan
16159,3.15291,0,nan,nan,nan
16160,3.15291,0,nan,nan,nan
16161,3.15291,0,nan,nan,nan
16162,3.15291,0,nan,nan,nan
16163,3.15291,0,nan,nan,nan
16164,3.15291,0,nan,nan,nan
16165,3.15291,0,nan,nan,nan
16166,3.15291,0,nan,nan,nan
16167,3.15291,0,nan,nan,nan
16168,3.15291,0,nan,nan,nan
16169,3.15291,0,nan,nan,nan
16170,3.15291,0,nan,nan,nan
16171,3.15291,0,nan,nan,nan
16172,3.15291,0,nan,nan,nan
16173,3.15291,0,nan,nan,nan
16174,3.15291,0,nan,nan,nan
16175,3.15291,0,nan,nan,nan
16176,3.15291,0,nan,nan,nan
16177,3.15291,0,nan,nan,nan
16178,3.15291,0,nan,nan,nan
16179,3.15291,0,nan,nan,nan
16180,3.15291,0,nan,nan,nan
16181,3.15291,0,nan,nan,nan
16182,3.15291,0,nan,nan,nan
16183,3.15291,0,nan,nan,nan
16184,3.15291,0,nan,nan,nan
16185,3.15291,0,nan,nan,nan
16186,3.15291,0,nan,nan,nan
16187,3.15291,0,nan,nan,nan
16188,3.15291,0,nan,nan,nan
16189,3.15291,0,nan,nan,nan
16190,3.15291,0,nan,nan,nan
16191,3.15291,0,nan,nan,nan
16192,3.15291,0,nan,nan,nan
16193,3.15291,0,nan,nan,nan
16194,3.15291,0,nan,nan,nan
16195,3.15291,0,nan,nan,nan
16196,3.15291,0,nan,nan,nan
16197,3.15291,0,nan,nan,nan
16198,3.15291,0,nan,nan,nan
16199,3.15291,0,nan,nan,nan
16200,3.15291,0,nan,nan,nan
16201,3.15291,0,nan,nan,nan
16202,3.15291,0,nan,nan,nan
16203,3.15291,0,nan,nan,nan
16204,3.15291,0,nan,nan,nan
16205,3.15291,0,nan,nan,nan
16206,3.15291,0,nan,nan,nan
16207,3.15291,0,nan,nan,nan
16208,3.15291,0,nan,nan,nan
16209,3.15291,0,nan,nan,nan
16210,3.15291,0,nan,nan,nan
16211,3.15291,0,nan,nan,nan
16212,3.15291,0,nan,nan,nan
16213,3.15291,0,nan,nan,nan
16214,3.15291,0,nan,nan,nan
16215,3.15291,0,nan,nan,nan
16216,3.15291,0,nan,nan,nan
16217,3.15291,0,nan,nan,nan
16218,3.15291,0,nan,nan,nan
16219,3.15291,0,nan,nan,nan
16220,3.15291,0,nan,nan,nan
16221,3.15291,0,nan,nan,nan
16222,3.15291,0,nan,nan,nan
16223,3.15291,0,nan,nan,nan
16224,3.15291,0,nan,nan,nan
16225,3.15291,0,nan,nan,nan
16226,3.15291,0,nan,nan,nan
16227,3.15291,0,nan,nan,nan
16228,3.15291,0,nan,nan,nan
16229,3.15291,0,nan,nan,nan
16230,3.15291,0,nan,nan,nan
16231,3.15291,0,nan,nan,nan
16232,3.15291,0,nan,nan,nan
16233,3.15291,0,nan,nan,nan
16234,3.15291,0,nan,nan,nan
16235,3.15291,0,nan,nan,nan
16236,3.15291,0,nan,nan,nan
16237,3.15291,0,nan,nan,nan
16238,3.15291,0,nan,nan,nan
16239,3.15291,0,nan,nan,nan
16240,3.15291,0,nan,nan,nan
16241,3.15291,0,nan,nan,nan
16242,3.15291,0,nan,nan,nan
16243,3.15291,0,nan,nan,nan
16244,3.15291,0,nan,nan,nan
16245,3.15291,0,nan,nan,nan
16246,3.15291,0,nan,nan,nan
16247,3.15291,0,nan,nan,nan
16248,3.15291,0,nan,nan,nan
16249,3.15291,0,nan,nan,nan
16250,3.15291,0,nan,nan,nan
16251,3.15291,0,nan,nan,nan
16252,3.15291,0,nan,nan,nan
16253,3.15291,0,nan,nan,nan
16254,3.15291,0,nan,nan,nan
16255,3.15291,0,nan,nan,nan
16256,3.15291,0,nan,nan,nan
16257,3.15291,0,nan,nan,nan
16258,3.15291,0,nan,nan,nan
16259,3.15291,0,nan,nan,nan
16260,3.15291,0,nan,nan,nan
16261,3.15291,0,nan,nan,nan
16262,3.15291,0,nan,nan,nan
16263,3.15291,0,nan,nan,nan
16264,3.15291,0,nan,nan,nan
16265,3.15291,0,nan,nan,nan
16266,3.15291,0,nan,nan,nan
16267,3.15291,0,nan,nan,nan
16268,3.15291,0,nan,nan,nan
16269,3.15291,0,nan,nan,nan
16270,3.15291,0,nan,nan,nan
16271,3.15291,0,nan,nan,nan
16272,3.15291,0,nan,nan,nan
16273,3.15291,0,nan,nan,nan
16274,3.15291,0,nan,nan,nan
16275,3.15291,0,nan,nan,nan
16276,3.15291,0,nan,nan,nan
16277,3.15291,0,nan,nan,nan
16278,3.15291,0,nan,nan,nan
16279,3.15291,0,nan,nan,nan
16280,3.15291,0,nan,nan,nan
16281,3.15291,0,nan,nan,nan
16282,3.15291,0,nan,nan,nan
16283,3.15291,0,nan,nan,nan
16284,3.15291,0,nan,nan,nan
16285,3.15291,0,nan,nan,nan
16286,3.15291,0,nan,nan,nan
16287,3.15291,0,nan,nan,nan
16288,3.15291,0,nan,nan,nan
16289,3.15291,0,nan,nan,nan
16290,3.15291,0,nan,nan,nan
16291,3.15291,0,nan,nan,nan
16292,3.15291,0,nan,nan,nan
16293,3.15291,0,nan,nan,nan
16294,3.15291,0,nan,nan,nan
16295,3.15291,0,nan,nan,nan
16296,3.15291,0,nan,nan,nan
16297,3.15291,0,nan,nan,nan
16298,3.15291,0,nan,nan,nan
16299,3.15291,0,nan,nan,nan
16300,3.15291,0,nan,nan,nan
16301,3.15291,0,nan,nan,nan
16302,3.15291,0,nan,nan,nan
16303,3.15291,0,nan,nan,nan
16304,3.15291,0,nan,nan,nan
16305,3.15291,0,nan,nan,nan
16306,3.15291,0,nan,nan,nan
16307,3.15291,0,nan,nan,nan
16308,3.15291,0,nan,nan,nan
16309,3.15291,0,nan,nan,nan
16310,3.15291,0,nan,nan,nan
16311,3.15291,0,nan,nan,nan
16312,3.15291,0,nan,nan,nan
16313,3.15291,0,nan,nan,nan
16314,3.15291,0,nan,nan,nan
16315,3.15291,0,nan,nan,nan
16316,3.15291,0,nan,nan,nan
16317,3.15291,0,nan,nan,nan
16318,3.15291,0,nan,nan,nan
16319,3.15291,0,nan,nan,nan
16320,3.15291,0,nan,nan,nan
16321,3.15291,0,nan,nan,nan
16322,3.15291,0,nan,nan,nan
16323,3.15291,0,nan,nan,nan
16324,3.15291,0,nan,nan,nan
16325,3.15291,0,nan,nan,nan
16326,3.15291,0,nan,nan,nan
16327,3.15291,0,nan,nan,nan
16328,3.15291,0,nan,nan,nan
16329,3.15291,0,nan,nan,nan
16330,3.15291,0,nan,nan,nan
16331,3.15291,0,nan,nan,nan
16332,3.15291,0,nan,nan,nan
16333,3.15291,0,nan,nan,nan
16334,3.15291,0,nan,nan,nan
16335,3.15291,0,nan,nan,nan
16336,3.15291,0,nan,nan,nan
16337,3.15291,0,nan,nan,nan
16338,3.15291,0,nan,nan,nan
16339,3.15291,0,nan,nan,nan
16340,3.15291,0,nan,nan,nan
16341,3.15291,0,nan,nan,nan
16342,3.15291,0,nan,nan,nan
16343,3.15291,0,nan,nan,nan
16344,3.15291,0,nan,nan,nan
16345,3.15291,0,nan,nan,nan
16346,3.15291,0,nan,nan,nan
16347,3.15291,0,nan,nan,nan
16348,3.15291,0,nan,nan,nan
16349,3.15291,0,nan,nan,nan
16350,3.15291,0,nan,nan,nan
16351,3.15291,0,nan,nan,nan
16352,3.15291,0,nan,nan,nan
16353,3.15291,0,nan,nan,nan
16354,3.15291,0,nan,nan,nan
16355,3.15291,0,nan,nan,nan
16356,3.15291,0,nan,nan,nan
16357,3.15291,0,nan,nan,nan
16358,3.15291,0,nan,nan,nan
16359,3.15291,0,nan,nan,nan
16360,3.15291,0,nan,nan,nan
16361,3.15291,0,nan,nan,nan
16362,3.15291,0,nan,nan,nan
16363,3.15291,0,nan,nan,nan
16364,3.15291,0,nan,nan,nan
16365,3.15291,0,nan,nan,nan
16366,3.15291,0,nan,nan,nan
16367,3.15291,0,nan,nan,nan
16368,3.15291,0,nan,nan,nan
16369,3.15291,0,nan,nan,nan
16370,3.15291,0,nan,nan,nan
16371,3.15291,0,nan,nan,nan
16372,3.15291,0,nan,nan,nan
16373,3.15291,0,nan,nan,nan
16374,3.15291,0,nan,nan,nan
16375,3.15291,0,nan,nan,nan
16376,3.15291,0,nan,nan,nan
16377,3.15291,0,nan,nan,nan
16378,3.15291,0,nan,nan,nan
16379,3.15291,0,nan,nan,nan
16380,3.15291,0,nan,nan,nan
16381,3.15291,0,nan,nan,nan
16382,3.15291,0,nan,nan,nan
16383,3.15291,0,nan,nan,nan
16384,3.15291,0,nan,nan,nan
16385,3.15291,0,nan,nan,nan
16386,3.15291,0,nan,nan,nan
16387,3.15291,0,nan,nan,nan
16388,3.15291,0,nan,nan,nan
16389,3.15291,0,nan,nan,nan
16390,3.15291,0,nan,nan,nan
16391,3.15291,0,nan,nan,nan
16392,3.15291,0,nan,nan,nan
16393,3.15291,0,nan,nan,nan
16394,3.15291,0,nan,nan,nan
16395,3.15291,0,nan,nan,nan
16396,3.15291,0,nan,nan,nan
16397,3.15291,0,nan,nan,nan
16398,3.15291,0,nan,nan,nan
16399,3.15291,0,nan,nan,nan
16400,3.15291,0,nan,nan,nan
16401,3.15291,0,nan,nan,nan
16402,3.15291,0,nan,nan,nan
16403,3.15291,0,nan,nan,nan
16404,3.15291,0,nan,nan,nan
16405,3.15291,0,nan,nan,nan
16406,3.15291,0,nan,nan,nan
16407,3.15291,0,nan,nan,nan
16408,3.15291,0,nan,nan,nan
16409,3.15291,0,nan,nan,nan
16410,3.15291,0,nan,nan,nan
16411,3.15291,0,nan,nan,nan
16412,3.15291,0,nan,nan,nan
16413,3.15291,0,nan,nan,nan
16414,3.15291,0,nan,nan,nan
16415,3.15291,0,nan,nan,nan
16416,3.15291,0,nan,nan,nan
16417,3.15291,0,nan,nan,nan
16418,3.15291,0,nan,nan,nan
16419,3.15291,0,nan,nan,nan
16420,3.15291,0,nan,nan,nan
16421,3.15291,0,nan,nan,nan
16422,3.15291,0,nan,nan,nan
16423,3.15291,0,nan,nan,nan
16424,3.15291,0,nan,nan,nan
16425,3.15291,0,nan,nan,nan
16426,3.15291,0,nan,nan,nan
16427,3.15291,0,nan,nan,nan
16428,3.15291,0,nan,nan,nan
16429,3.15291,0,nan,nan,nan
16430,3.15291,0,nan,nan,nan
16431,3.15291,0,nan,nan,nan
16432,3.15291,0,nan,nan,nan
16433,3.15291,0,nan,nan,nan
16434,3.15291,0,nan,nan,nan
16435,3.15291,0,nan,nan,nan
16436,3.15291,0,nan,nan,nan
16437,3.15291,0,nan,nan,nan
16438,3.15291,0,nan,nan,nan
16439,3.15291,0,nan,nan,nan
16440,3.15291,0,nan,nan,nan
16441,3.15291,0,nan,nan,nan
16442,3.15291,0,nan,nan,nan
16443,3.15291,0,nan,nan,nan
16444,3.15291,0,nan,nan,nan
16445,3.15291,0,nan,nan,nan
16446,3.15291,0,nan,nan,nan
16447,3.15291,0,nan,nan,nan
16448,3.15291,0,nan,nan,nan
16449,3.15291,0,nan,nan,nan
16450,3.15291,0,nan,nan,nan
16451,3.15291,0,nan,nan,nan
16452,3.15291,0,nan,nan,nan
16453,3.15291,0,nan,nan,nan
16454,3.15291,0,nan,nan,nan
16455,3.15291,0,nan,nan,nan
16456,3.15291,0,nan,nan,nan
16457,3.15291,0,nan,nan,nan
16458,3.15291,0,nan,nan,nan
16459,3.15291,0,nan,nan,nan
16460,3.15291,0,nan,nan,nan
16461,3.15291,0,nan,nan,nan
16462,3.15291,0,nan,nan,nan
16463,3.15291,0,nan,nan,nan
16464,3.15291,0,nan,nan,nan
16465,3.15291,0,nan,nan,nan
16466,3.15291,0,nan,nan,nan
16467,3.15291,0,nan,nan,nan
16468,3.15291,0,nan,nan,nan
16469,3.15291,0,nan,nan,nan
16470,3.15291,0,nan,nan,nan
16471,3.15291,0,nan,nan,nan
16472,3.15291,0,nan,nan,nan
16473,3.15291,0,nan,nan,nan
16474,3.15291,0,nan,nan,nan
16475,3.15291,0,nan,nan,nan
16476,3.15291,0,nan,nan,nan
16477,3.15291,0,nan,nan,nan
16478,3.15291,0,nan,nan,nan
16479,3.15291,0,nan,nan,nan
16480,3.15291,0,nan,nan,nan
16481,3.15291,0,nan,nan,nan
16482,3.15291,0,nan,nan,nan
16483,3.15291,0,nan,nan,nan
16484,3.15291,0,nan,nan,nan
16485,3.15291,0,nan,nan,nan
16486,3.15291,0,nan,nan,nan
16487,3.15291,0,nan,nan,nan
16488,3.15291,0,nan,nan,nan
16489,3.15291,0,nan,nan,nan
16490,3.15291,0,nan,nan,nan
16491,3.15291,0,nan,nan,nan
16492,3.15291,0,nan,nan,nan
16493,3.15291,0,nan,nan,nan
16494,3.15291,0,nan,nan,nan
16495,3.15291,0,nan,nan,nan
16496,3.15291,0,nan,nan,nan
16497,3.15291,0,nan,nan,nan
16498,3.15291,0,nan,nan,nan
16499,3.15291,0,nan,nan,nan
16500,3.15291,0,nan,nan,nan
16501,3.15291,0,nan,nan,nan
16502,3.15291,0,nan,nan,nan
16503,3.15291,0,nan,nan,nan
16504,3.15291,0,nan,nan,nan
16505,3.15291,0,nan,nan,nan
16506,3.15291,0,nan,nan,nan
16507,3.15291,0,nan,nan,nan
16508,3.15291,0,nan,nan,nan
16509,3.15291,0,nan,nan,nan
16510,3.15291,0,nan,nan,nan
16511,3.15291,0,nan,nan,nan
16512,3.15291,0,nan,nan,nan
16513,3.15291,0,nan,nan,nan
16514,3.15291,0,nan,nan,nan
16515,3.15291,0,nan,nan,nan
16516,3.15291,0,nan,nan,nan
16517,3.15291,0,nan,nan,nan
16518,3.15291,0,nan,nan,nan
16519,3.15291,0,nan,nan,nan
16520,3.15291,0,nan,nan,nan
16521,3.15291,0,nan,nan,nan
16522,3.15291,0,nan,nan,nan
16523,3.15291,0,nan,nan,nan
16524,3.15291,0,nan,nan,nan
16525,3.15291,0,nan,nan,nan
16526,3.15291,0,nan,nan,nan
16527,3.15291,0,nan,nan,nan
16528,3.15291,0,nan,nan,nan
16529,3.15291,0,nan,nan,nan
16530,3.15291,0,nan,nan,nan
16531,3.15291,0,nan,nan,nan
16532,3.15291,0,nan,nan,nan
16533,3.15291,0,nan,nan,nan
16534,3.15291,0,nan,nan,nan
16535,3.15291,0,nan,nan,nan
16536,3.15291,0,nan,nan,nan
16537,3.15291,0,nan,nan,nan
16538,3.15291,0,nan,nan,nan
16539,3.15291,0,nan,nan,nan
16540,3.15291,0,nan,nan,nan
16541,3.15291,0,nan,nan,nan
16542,3.15291,0,nan,nan,nan
16543,3.15291,0,nan,nan,nan
16544,3.15291,0,nan,nan,nan
16545,3.15291,0,nan,nan,nan
16546,3.15291,0,nan,nan,nan
16547,3.15291,0,nan,nan,nan
16548,3.15291,0,nan,nan,nan
16549,3.15291,0,nan,nan,nan
16550,3.15291,0,nan,nan,nan
16551,3.15291,0,nan,nan,nan
16552,3.15291,0,nan,nan,nan
16553,3.15291,0,nan,nan,nan
16554,3.15291,0,nan,nan,nan
16555,3.15291,0,nan,nan,nan
16556,3.15291,0,nan,nan,nan
16557,3.15291,0,nan,nan,nan
16558,3.15291,0,nan,nan,nan
16559,3.15291,0,nan,nan,nan
16560,3.15291,0,nan,nan,nan
16561,3.15291,0,nan,nan,nan
16562,3.15291,0,nan,nan,nan
16563,3.15291,0,nan,nan,nan
16564,3.15291,0,nan,nan,nan
16565,3.15291,0,nan,nan,nan
16566,3.15291,0,nan,nan,nan
16567,3.15291,0,nan,nan,nan
16568,3.15291,0,nan,nan,nan
16569,3.15291,0,nan,nan,nan
16570,3.15291,0,nan,nan,nan
16571,3.15291,0,nan,nan,nan
16572,3.15291,0,nan,nan,nan
16573,3.15291,0,nan,nan,nan
16574,3.15291,0,nan,nan,nan
16575,3.15291,0,nan,nan,nan
16576,3.15291,0,nan,nan,nan
16577,3.15291,0,nan,nan,nan
16578,3.15291,0,nan,nan,nan
16579,3.15291,0,nan,nan,nan
16580,3.15291,0,nan,nan,nan
16581,3.15291,0,nan,nan,nan
16582,3.15291,0,nan,nan,nan
16583,3.15291,0,nan,nan,nan
16584,3.15291,0,nan,nan,nan
16585,3.15291,0,nan,nan,nan
16586,3.15291,0,nan,nan,nan
16587,3.15291,0,nan,nan,nan
16588,3.15291,0,nan,nan,nan
16589,3.15291,0,nan,nan,nan
16590,3.15291,0,nan,nan,nan
16591,3.15291,0,nan,nan,nan
16592,3.15291,0,nan,nan,nan
16593,3.15291,0,nan,nan,nan
16594,3.15291,0,nan,nan,nan
16595,3.15291,0,nan,nan,nan
16596,3.15291,0,nan,nan,nan
16597,3.15291,0,nan,nan,nan
16598,3.15291,0,nan,nan,nan
16599,3.15291,0,nan,nan,nan
16600,3.15291,0,nan,nan,nan
16601,3.15291,0,nan,nan,nan
16602,3.15291,0,nan,nan,nan
16603,3.15291,0,nan,nan,nan
16604,3.15291,0,nan,nan,nan
16605,3.15291,0,nan,nan,nan
16606,3.15291,0,nan,nan,nan
16607,3.15291,0,nan,nan,nan
16608,3.15291,0,nan,nan,nan
16609,3.15291,0,nan,nan,nan
16610,3.15291,0,nan,nan,nan
16611,3.15291,0,nan,nan,nan
16612,3.15291,0,nan,nan,nan
16613,3.15291,0,nan,nan,nan
16614,3.15291,0,nan,nan,nan
16615,3.15291,0,nan,nan,nan
16616,3.15291,0,nan,nan,nan
16617,3.15291,0,nan,nan,nan
16618,3.15291,0,nan,nan,nan
16619,3.15291,0,nan,nan,nan
16620,3.15291,0,nan,nan,nan
16621,3.15291,0,nan,nan,nan
16622,3.15291,0,nan,nan,nan
16623,3.15291,0,nan,nan,nan
16624,3.15291,0,nan,nan,nan
16625,3.15291,0,nan,nan,nan
16626,3.15291,0,nan,nan,nan
16627,3.15291,0,nan,nan,nan
16628,3.15291,0,nan,nan,nan
16629,3.15291,0,nan,nan,nan
16630,3.15291,0,nan,nan,nan
16631,3.15291,0,nan,nan,nan
16632,3.15291,0,nan,nan,nan
16633,3.15291,0,nan,nan,nan
16634,3.15291,0,nan,nan,nan
16635,3.15291,0,nan,nan,nan
16636,3.15291,0,nan,nan,nan
16637,3.15291,0,nan,nan,nan
16638,3.15291,0,nan,nan,nan
16639,3.15291,0,nan,nan,nan
16640,3.15291,0,nan,nan,nan
16641,3.15291,0,nan,nan,nan
16642,3.15291,0,nan,nan,nan
16643,3.15291,0,nan,nan,nan
16644,3.15291,0,nan,nan,nan
16645,3.15291,0,nan,nan,nan
16646,3.15291,0,nan,nan,nan
16647,3.15291,0,nan,nan,nan
16648,3.15291,0,nan,nan,nan
16649,3.15291,0,nan,nan,nan
16650,3.15291,0,nan,nan,nan
16651,3.15291,0,nan,nan,nan
16652,3.15291,0,nan,nan,nan
16653,3.15291,0,nan,nan,nan
16654,3.15291,0,nan,nan,nan
16655,3.15291,0,nan,nan,nan
16656,3.15291,0,nan,nan,nan
16657,3.15291,0,nan,nan,nan
16658,3.15291,0,nan,nan,nan
16659,3.15291,0,nan,nan,nan
16660,3.15291,0,nan,nan,nan
16661,3.15291,0,nan,nan,nan
16662,3.15291,0,nan,nan,nan
16663,3.15291,0,nan,nan,nan
16664,3.15291,0,nan,nan,nan
16665,3.15291,0,nan,nan,nan
16666,3.15291,0,nan,nan,nan
16667,3.15291,0,nan,nan,nan
16668,3.15291,0,nan,nan,nan
16669,3.15291,0,nan,nan,nan
16670,3.15291,0,nan,nan,nan
16671,3.15291,0,nan,nan,nan
16672,3.15291,0,nan,nan,nan
16673,3.15291,0,nan,nan,nan
16674,3.15291,0,nan,nan,nan
16675,3.15291,0,nan,nan,nan
16676,3.15291,0,nan,nan,nan
16677,3.15291,0,nan,nan,nan
16678,3.15291,0,nan,nan,nan
16679,3.15291,0,nan,nan,nan
16680,3.15291,0,nan,nan,nan
16681,3.15291,0,nan,nan,nan
16682,3.15291,0,nan,nan,nan
16683,3.15291,0,nan,nan,nan
16684,3.15291,0,nan,nan,nan
16685,3.15291,0,nan,nan,nan
16686,3.15291,0,nan,nan,nan
16687,3.15291,0,nan,nan,nan
16688,3.15291,0,nan,nan,nan
16689,3.15291,0,nan,nan,nan
16690,3.15291,0,nan,nan,nan
16691,3.15291,0,nan,nan,nan
16692,3.15291,0,nan,nan,nan
16693,3.15291,0,nan,nan,nan
16694,3.15291,0,nan,nan,nan
16695,3.15291,0,nan,nan,nan
16696,3.15291,0,nan,nan,nan
16697,3.15291,0,nan,nan,nan
16698,3.15291,0,nan,nan,nan
16699,3.15291,0,nan,nan,nan
16700,3.15291,0,nan,nan,nan
16701,3.15291,0,nan,nan,nan
16702,3.15291,0,nan,nan,nan
16703,3.15291,0,nan,nan,nan
16704,3.15291,0,nan,nan,nan
16705,3.15291,0,nan,nan,nan
16706,3.15291,0,nan,nan,nan
16707,3.15291,0,nan,nan,nan
16708,3.15291,0,nan,nan,nan
16709,3.15291,0,nan,nan,nan
16710,3.15291,0,nan,nan,nan
16711,3.15291,0,nan,nan,nan
16712,3.15291,0,nan,nan,nan
16713,3.15291,0,nan,nan,nan
16714,3.15291,0,nan,nan,nan
16715,3.15291,0,nan,nan,nan
16716,3.15291,0,nan,nan,nan
16717,3.15291,0,nan,nan,nan
16718,3.15291,0,nan,nan,nan
16719,3.15291,0,nan,nan,nan
16720,3.15291,0,nan,nan,nan
16721,3.15291,0,nan,nan,nan
16722,3.15291,0,nan,nan,nan
16723,3.15291,0,nan,nan,nan
16724,3.15291,0,nan,nan,nan
16725,3.15291,0,nan,nan,nan
16726,3.15291,0,nan,nan,nan
16727,3.15291,0,nan,nan,nan
16728,3.15291,0,nan,nan,nan
16729,3.15291,0,nan,nan,nan
16730,3.15291,0,nan,nan,nan
16731,3.15291,0,nan,nan,nan
16732,3.15291,0,nan,nan,nan
16733,3.15291,0,nan,nan,nan
16734,3.15291,0,nan,nan,nan
16735,3.15291,0,nan,nan,nan
16736,3.15291,0,nan,nan,nan
16737,3.15291,0,nan,nan,nan
16738,3.15291,0,nan,nan,nan
16739,3.15291,0,nan,nan,nan
16740,3.15291,0,nan,nan,nan
16741,3.15291,0,nan,nan,nan
16742,3.15291,0,nan,nan,nan
16743,3.15291,0,nan,nan,nan
16744,3.15291,0,nan,nan,nan
16745,3.15291,0,nan,nan,nan
16746,3.15291,0,nan,nan,nan
16747,3.15291,0,nan,nan,nan
16748,3.15291,0,nan,nan,nan
16749,3.15291,0,nan,nan,nan
16750,3.15291,0,nan,nan,nan
16751,3.15291,0,nan,nan,nan
16752,3.15291,0,nan,nan,nan
16753,3.15291,0,nan,nan,nan
16754,3.15291,0,nan,nan,nan
16755,3.15291,0,nan,nan,nan
16756,3.15291,0,nan,nan,nan
16757,3.15291,0,nan,nan,nan
16758,3.15291,0,nan,nan,nan
16759,3.15291,0,nan,nan,nan
16760,3.15291,0,nan,nan,nan
16761,3.15291,0,nan,nan,nan
16762,3.15291,0,nan,nan,nan
16763,3.15291,0,nan,nan,nan
16764,3.15291,0,nan,nan,nan
16765,3.15291,0,nan,nan,nan
16766,3.15291,0,nan,nan,nan
16767,3.15291,0,nan,nan,nan
16768,3.15291,0,nan,nan,nan
16769,3.15291,0,nan,nan,nan
16770,3.15291,0,nan,nan,nan
16771,3.15291,0,nan,nan,nan
16772,3.15291,0,nan,nan,nan
16773,3.15291,0,nan,nan,nan
16774,3.15291,0,nan,nan,nan
16775,3.15291,0,nan,nan,nan
16776,3.15291,0,nan,nan,nan
16777,3.15291,0,nan,nan,nan
16778,3.15291,0,nan,nan,nan
16779,3.15291,0,nan,nan,nan
16780,3.15291,0,nan,nan,nan
16781,3.15291,0,nan,nan,nan
16782,3.15291,0,nan,nan,nan
16783,3.15291,0,nan,nan,nan
16784,3.15291,0,nan,nan,nan
16785,3.15291,0,nan,nan,nan
16786,3.15291,0,nan,nan,nan
16787,3.15291,0,nan,nan,nan
16788,3.15291,0,nan,nan,nan
16789,3.15291,0,nan,nan,nan
16790,3.15291,0,nan,nan,nan
16791,3.15291,0,nan,nan,nan
16792,3.15291,0,nan,nan,nan
16793,3.15291,0,nan,nan,nan
16794,3.15291,0,nan,nan,nan
16795,3.15291,0,nan,nan,nan
16796,3.15291,0,nan,nan,nan
16797,3.15291,0,nan,nan,nan
16798,3.15291,0,nan,nan,nan
16799,3.15291,0,nan,nan,nan
16800,3.15291,0,nan,nan,nan
16801,3.15291,0,nan,nan,nan
16802,3.15291,0,nan,nan,nan
16803,3.15291,0,nan,nan,nan
16804,3.15291,0,nan,nan,nan
16805,3.15291,0,nan,nan,nan
16806,3.15291,0,nan,nan,nan
16807,3.15291,0,nan,nan,nan
16808,3.15291,0,nan,nan,nan
16809,3.15291,0,nan,nan,nan
16810,3.15291,0,nan,nan,nan
16811,3.15291,0,nan,nan,nan
16812,3.15291,0,nan,nan,nan
16813,3.15291,0,nan,nan,nan
16814,3.15291,0,nan,nan,nan
16815,3.15291,0,nan,nan,nan
16816,3.15291,0,nan,nan,nan
16817,3.15291,0,nan,nan,nan
16818,3.15291,0,nan,nan,nan
16819,3.15291,0,nan,nan,nan
16820,3.15291,0,nan,nan,nan
16821,3.15291,0,nan,nan,nan
16822,3.15291,0,nan,nan,nan
16823,3.15291,0,nan,nan,nan
16824,3.15291,0,nan,nan,nan
16825,3.15291,0,nan,nan,nan
16826,3.15291,0,nan,nan,nan
16827,3.15291,0,nan,nan,nan
16828,3.15291,0,nan,nan,nan
16829,3.15291,0,nan,nan,nan
16830,3.15291,0,nan,nan,nan
16831,3.15291,0,nan,nan,nan
16832,3.15291,0,nan,nan,nan
16833,3.15291,0,nan,nan,nan
16834,3.15291,0,nan,nan,nan
16835,3.15291,0,nan,nan,nan
16836,3.15291,0,nan,nan,nan
16837,3.15291,0,nan,nan,nan
16838,3.15291,0,nan,nan,nan
16839,3.15291,0,nan,nan,nan
16840,3.15291,0,nan,nan,nan
16841,3.15291,0,nan,nan,nan
16842,3.15291,0,nan,nan,nan
16843,3.15291,0,nan,nan,nan
16844,3.15291,0,nan,nan,nan
16845,3.15291,0,nan,nan,nan
16846,3.15291,0,nan,nan,nan
16847,3.15291,0,nan,nan,nan
16848,3.15291,0,nan,nan,nan
16849,3.15291,0,nan,nan,nan
16850,3.15291,0,nan,nan,nan
16851,3.15291,0,nan,nan,nan
16852,3.15291,0,nan,nan,nan
16853,3.15291,0,nan,nan,nan
16854,3.15291,0,nan,nan,nan
16855,3.15291,0,nan,nan,nan
16856,3.15291,0,nan,nan,nan
16857,3.15291,0,nan,nan,nan
16858,3.15291,0,nan,nan,nan
16859,3.15291,0,nan,nan,nan
16860,3.15291,0,nan,nan,nan
16861,3.15291,0,nan,nan,nan
16862,3.15291,0,nan,nan,nan
16863,3.15291,0,nan,nan,nan
16864,3.15291,0,nan,nan,nan
16865,3.15291,0,nan,nan,nan
16866,3.15291,0,nan,nan,nan
16867,3.15291,0,nan,nan,nan
16868,3.15291,0,nan,nan,nan
16869,3.15291,0,nan,nan,nan
16870,3.15291,0,nan,nan,nan
16871,3.15291,0,nan,nan,nan
16872,3.15291,0,nan,nan,nan
16873,3.15291,0,nan,nan,nan
16874,3.15291,0,nan,nan,nan
16875,3.15291,0,nan,nan,nan
16876,3.15291,0,nan,nan,nan
16877,3.15291,0,nan,nan,nan
16878,3.15291,0,nan,nan,nan
16879,3.15291,0,nan,nan,nan
16880,3.15291,0,nan,nan,nan
16881,3.15291,0,nan,nan,nan
16882,3.15291,0,nan,nan,nan
16883,3.15291,0,nan,nan,nan
16884,3.15291,0,nan,nan,nan
16885,3.15291,0,nan,nan,nan
16886,3.15291,0,nan,nan,nan
16887,3.15291,0,nan,nan,nan
16888,3.15291,0,nan,nan,nan
16889,3.15291,0,nan,nan,nan
16890,3.15291,0,nan,nan,nan
16891,3.15291,0,nan,nan,nan
16892,3.15291,0,nan,nan,nan
16893,3.15291,0,nan,nan,nan
16894,3.15291,0,nan,nan,nan
16895,3.15291,0,nan,nan,nan
16896,3.15291,0,nan,nan,nan
16897,3.15291,0,nan,nan,nan
16898,3.15291,0,nan,nan,nan
16899,3.15291,0,nan,nan,nan
16900,3.15291,0,nan,nan,nan
16901,3.15291,0,nan,nan,nan
16902,3.15291,0,nan,nan,nan
16903,3.15291,0,nan,nan,nan
16904,3.15291,0,nan,nan,nan
16905,3.15291,0,nan,nan,nan
16906,3.15291,0,nan,nan,nan
16907,3.15291,0,nan,nan,nan
16908,3.15291,0,nan,nan,nan
16909,3.15291,0,nan,nan,nan
16910,3.15291,0,nan,nan,nan
16911,3.15291,0,nan,nan,nan
16912,3.15291,0,nan,nan,nan
16913,3.15291,0,nan,nan,nan
16914,3.15291,0,nan,nan,nan
16915,3.15291,0,nan,nan,nan
16916,3.15291,0,nan,nan,nan
16917,3.15291,0,nan,nan,nan
16918,3.15291,0,nan,nan,nan
16919,3.15291,0,nan,nan,nan
16920,3.15291,0,nan,nan,nan
16921,3.15291,0,nan,nan,nan
16922,3.15291,0,nan,nan,nan
16923,3.15291,0,nan,nan,nan
16924,3.15291,0,nan,nan,nan
16925,3.15291,0,nan,nan,nan
16926,3.15291,0,nan,nan,nan
16927,3.15291,0,nan,nan,nan
16928,3.15291,0,nan,nan,nan
16929,3.15291,0,nan,nan,nan
16930,3.15291,0,nan,nan,nan
16931,3.15291,0,nan,nan,nan
16932,3.15291,0,nan,nan,nan
16933,3.15291,0,nan,nan,nan
16934,3.15291,0,nan,nan,nan
16935,3.15291,0,nan,nan,nan
16936,3.15291,0,nan,nan,nan
16937,3.15291,0,nan,nan,nan
16938,3.15291,0,nan,nan,nan
16939,3.15291,0,nan,nan,nan
16940,3.15291,0,nan,nan,nan
16941,3.15291,0,nan,nan,nan
16942,3.15291,0,nan,nan,nan
16943,3.15291,0,nan,nan,nan
16944,3.15291,0,nan,nan,nan
16945,3.15291,0,nan,nan,nan
16946,3.15291,0,nan,nan,nan
16947,3.15291,0,nan,nan,nan
16948,3.15291,0,nan,nan,nan
16949,3.15291,0,nan,nan,nan
16950,3.15291,0,nan,nan,nan
16951,3.15291,0,nan,nan,nan
16952,3.15291,0,nan,nan,nan
16953,3.15291,0,nan,nan,nan
16954,3.15291,0,nan,nan,nan
16955,3.15291,0,nan,nan,nan
16956,3.15291,0,nan,nan,nan
16957,3.15291,0,nan,nan,nan
16958,3.15291,0,nan,nan,nan
16959,3.15291,0,nan,nan,nan
16960,3.15291,0,nan,nan,nan
16961,3.15291,0,nan,nan,nan
16962,3.15291,0,nan,nan,nan
16963,3.15291,0,nan,nan,nan
16964,3.15291,0,nan,nan,nan
16965,3.15291,0,nan,nan,nan
16966,3.15291,0,nan,nan,nan
16967,3.15291,0,nan,nan,nan
16968,3.15291,0,nan,nan,nan
16969,3.15291,0,nan,nan,nan
16970,3.15291,0,nan,nan,nan
16971,3.15291,0,nan,nan,nan
16972,3.15291,0,nan,nan,nan
16973,3.15291,0,nan,nan,nan
16974,3.15291,0,nan,nan,nan
16975,3.15291,0,nan,nan,nan
16976,3.15291,0,nan,nan,nan
16977,3.15291,0,nan,nan,nan
16978,3.15291,0,nan,nan,nan
16979,3.15291,0,nan,nan,nan
16980,3.15291,0,nan,nan,nan
16981,3.15291,0,nan,nan,nan
16982,3.15291,0,nan,nan,nan
16983,3.15291,0,nan,nan,nan
16984,3.15291,0,nan,nan,nan
16985,3.15291,0,nan,nan,nan
16986,3.15291,0,nan,nan,nan
16987,3.15291,0,nan,nan,nan
16988,3.15291,0,nan,nan,nan
16989,3.15291,0,nan,nan,nan
16990,3.15291,0,nan,nan,nan
16991,3.15291,0,nan,nan,nan
16992,3.15291,0,nan,nan,nan
16993,3.15291,0,nan,nan,nan
16994,3.15291,0,nan,nan,nan
16995,3.15291,0,nan,nan,nan
16996,3.15291,0,nan,nan,nan
16997,3.15291,0,nan,nan,nan
16998,3.15291,0,nan,nan,nan
16999,3.15291,0,nan,nan,nan
17000,3.15291,0,nan,nan,nan
17001,3.15291,0,nan,nan,nan
17002,3.15291,0,nan,nan,nan
17003,3.15291,0,nan,nan,nan
17004,3.15291,0,nan,nan,nan
17005,3.15291,0,nan,nan,nan
17006,3.15291,0,nan,nan,nan
17007,3.15291,0,nan,nan,nan
17008,3.15291,0,nan,nan,nan
17009,3.15291,0,nan,nan,nan
17010,3.15291,0,nan,nan,nan
17011,3.15291,0,nan,nan,nan
17012,3.15291,0,nan,nan,nan
17013,3.15291,0,nan,nan,nan
17014,3.15291,0,nan,nan,nan
17015,3.15291,0,nan,nan,nan
17016,3.15291,0,nan,nan,nan
17017,3.15291,0,nan,nan,nan
17018,3.15291,0,nan,nan,nan
17019,3.15291,0,nan,nan,nan
17020,3.15291,0,nan,nan,nan
17021,3.15291,0,nan,nan,nan
17022,3.15291,0,nan,nan,nan
17023,3.15291,0,nan,nan,nan
17024,3.15291,0,nan,nan,nan
17025,3.15291,0,nan,nan,nan
17026,3.15291,0,nan,nan,nan
17027,3.15291,0,nan,nan,nan
17028,3.15291,0,nan,nan,nan
17029,3.15291,0,nan,nan,nan
17030,3.15291,0,nan,nan,nan
17031,3.15291,0,nan,nan,nan
17032,3.15291,0,nan,nan,nan
17033,3.15291,0,nan,nan,nan
17034,3.15291,0,nan,nan,nan
17035,3.15291,0,nan,nan,nan
17036,3.15291,0,nan,nan,nan
17037,3.15291,0,nan,nan,nan
17038,3.15291,0,nan,nan,nan
17039,3.15291,0,nan,nan,nan
17040,3.15291,0,nan,nan,nan
17041,3.15291,0,nan,nan,nan
17042,3.15291,0,nan,nan,nan
17043,3.15291,0,nan,nan,nan
17044,3.15291,0,nan,nan,nan
17045,3.15291,0,nan,nan,nan
17046,3.15291,0,nan,nan,nan
17047,3.15291,0,nan,nan,nan
17048,3.15291,0,nan,nan,nan
17049,3.15291,0,nan,nan,nan
17050,3.15291,0,nan,nan,nan
17051,3.15291,0,nan,nan,nan
17052,3.15291,0,nan,nan,nan
17053,3.15291,0,nan,nan,nan
17054,3.15291,0,nan,nan,nan
17055,3.15291,0,nan,nan,nan
17056,3.15291,0,nan,nan,nan
17057,3.15291,0,nan,nan,nan
17058,3.15291,0,nan,nan,nan
17059,3.15291,0,nan,nan,nan
17060,3.15291,0,nan,nan,nan
17061,3.15291,0,nan,nan,nan
17062,3.15291,0,nan,nan,nan
17063,3.15291,0,nan,nan,nan
17064,3.15291,0,nan,nan,nan
17065,3.15291,0,nan,nan,nan
17066,3.15291,0,nan,nan,nan
17067,3.15291,0,nan,nan,nan
17068,3.15291,0,nan,nan,nan
17069,3.15291,0,nan,nan,nan
17070,3.15291,0,nan,nan,nan
17071,3.15291,0,nan,nan,nan
17072,3.15291,0,nan,nan,nan
17073,3.15291,0,nan,nan,nan
17074,3.15291,0,nan,nan,nan
17075,3.15291,0,nan,nan,nan
17076,3.15291,0,nan,nan,nan
17077,3.15291,0,nan,nan,nan
17078,3.15291,0,nan,nan,nan
17079,3.15291,0,nan,nan,nan
17080,3.15291,0,nan,nan,nan
17081,3.15291,0,nan,nan,nan
17082,3.15291,0,nan,nan,nan
17083,3.15291,0,nan,nan,nan
17084,3.15291,0,nan,nan,nan
17085,3.15291,0,nan,nan,nan
17086,3.15291,0,nan,nan,nan
17087,3.15291,0,nan,nan,nan
17088,3.15291,0,nan,nan,nan
17089,3.15291,0,nan,nan,nan
17090,3.15291,0,nan,nan,nan
17091,3.15291,0,nan,nan,nan
17092,3.15291,0,nan,nan,nan
17093,3.15291,0,nan,nan,nan
17094,3.15291,0,nan,nan,nan
17095,3.15291,0,nan,nan,nan
17096,3.15291,0,nan,nan,nan
17097,3.15291,0,nan,nan,nan
17098,3.15291,0,nan,nan,nan
17099,3.15291,0,nan,nan,nan
17100,3.15291,0,nan,nan,nan
17101,3.15291,0,nan,nan,nan
17102,3.15291,0,nan,nan,nan
17103,3.15291,0,nan,nan,nan
17104,3.15291,0,nan,nan,nan
17105,3.15291,0,nan,nan,nan
17106,3.15291,0,nan,nan,nan
17107,3.15291,0,nan,nan,nan
17108,3.15291,0,nan,nan,nan
17109,3.15291,0,nan,nan,nan
17110,3.15291,0,nan,nan,nan
17111,3.15291,0,nan,nan,nan
17112,3.15291,0,nan,nan,nan
17113,3.15291,0,nan,nan,nan
17114,3.15291,0,nan,nan,nan
17115,3.15291,0,nan,nan,nan
17116,3.15291,0,nan,nan,nan
17117,3.15291,0,nan,nan,nan
17118,3.15291,0,nan,nan,nan
17119,3.15291,0,nan,nan,nan
17120,3.15291,0,nan,nan,nan
17121,3.15291,0,nan,nan,nan
17122,3.15291,0,nan,nan,nan
17123,3.15291,0,nan,nan,nan
17124,3.15291,0,nan,nan,nan
17125,3.15291,0,nan,nan,nan
17126,3.15291,0,nan,nan,nan
17127,3.15291,0,nan,nan,nan
17128,3.15291,0,nan,nan,nan
17129,3.15291,0,nan,nan,nan
17130,3.15291,0,nan,nan,nan
17131,3.15291,0,nan,nan,nan
17132,3.15291,0,nan,nan,nan
17133,3.15291,0,nan,nan,nan
17134,3.15291,0,nan,nan,nan
17135,3.15291,0,nan,nan,nan
17136,3.15291,0,nan,nan,nan
17137,3.15291,0,nan,nan,nan
17138,3.15291,0,nan,nan,nan
17139,3.15291,0,nan,nan,nan
17140,3.15291,0,nan,nan,nan
17141,3.15291,0,nan,nan,nan
17142,3.15291,0,nan,nan,nan
17143,3.15291,0,nan,nan,nan
17144,3.15291,0,nan,nan,nan
17145,3.15291,0,nan,nan,nan
17146,3.15291,0,nan,nan,nan
17147,3.15291,0,nan,nan,nan
17148,3.15291,0,nan,nan,nan
17149,3.15291,0,nan,nan,nan
17150,3.15291,0,nan,nan,nan
17151,3.15291,0,nan,nan,nan
17152,3.15291,0,nan,nan,nan
17153,3.15291,0,nan,nan,nan
17154,3.15291,0,nan,nan,nan
17155,3.15291,0,nan,nan,nan
17156,3.15291,0,nan,nan,nan
17157,3.15291,0,nan,nan,nan
17158,3.15291,0,nan,nan,nan
17159,3.15291,0,nan,nan,nan
17160,3.15291,0,nan,nan,nan
17161,3.15291,0,nan,nan,nan
17162,3.15291,0,nan,nan,nan
17163,3.15291,0,nan,nan,nan
17164,3.15291,0,nan,nan,nan
17165,3.15291,0,nan,nan,nan
17166,3.15291,0,nan,nan,nan
17167,3.15291,0,nan,nan,nan
17168,3.15291,0,nan,nan,nan
17169,3.15291,0,nan,nan,nan
17170,3.15291,0,nan,nan,nan
17171,3.15291,0,nan,nan,nan
17172,3.15291,0,nan,nan,nan
17173,3.15291,0,nan,nan,nan
17174,3.15291,0,nan,nan,nan
17175,3.15291,0,nan,nan,nan
17176,3.15291,0,nan,nan,nan
17177,3.15291,0,nan,nan,nan
17178,3.15291,0,nan,nan,nan
17179,3.15291,0,nan,nan,nan
17180,3.15291,0,nan,nan,nan
17181,3.15291,0,nan,nan,nan
17182,3.15291,0,nan,nan,nan
17183,3.15291,0,nan,nan,nan
17184,3.15291,0,nan,nan,nan
17185,3.15291,0,nan,nan,nan
17186,3.15291,0,nan,nan,nan
17187,3.15291,0,nan,nan,nan
17188,3.15291,0,nan,nan,nan
17189,3.15291,0,nan,nan,nan
17190,3.15291,0,nan,nan,nan
17191,3.15291,0,nan,nan,nan
17192,3.15291,0,nan,nan,nan
17193,3.15291,0,nan,nan,nan
17194,3.15291,0,nan,nan,nan
17195,3.15291,0,nan,nan,nan
17196,3.15291,0,nan,nan,nan
17197,3.15291,0,nan,nan,nan
17198,3.15291,0,nan,nan,nan
17199,3.15291,-0.00698132,nan,nan,nan
17200,3.15291,0,nan,nan,nan
17201,3.15291,0,nan,nan,nan
17202,3.15291,0,nan,nan,nan
17203,3.15291,0,nan,nan,nan
17204,3.15291,0,nan,nan,nan
17205,3.15291,0,nan,nan,nan
17206,3.15291,0,nan,nan,nan
17207,3.15291,0,nan,nan,nan
17208,3.15291,0,nan,nan,nan
17209,3.15291,0,nan,nan,nan
17210,3.15291,0,nan,nan,nan
17211,3.15291,0,nan,nan,nan
17212,3.15291,0,nan,nan,nan
17213,3.15291,0,nan,nan,nan
17214,3.15291,0,nan,nan,nan
17215,3.15291,0,nan,nan,nan
17216,3.15291,0,nan,nan,nan
17217,3.15291,0,nan,nan,nan
17218,3.15291,0,nan,nan,nan
17219,3.15291,0,nan,nan,nan
17220,3.15291,0,nan,nan,nan
17221,3.15291,0,nan,nan,nan
17222,3.15291,0,nan,nan,nan
17223,3.15291,0,nan,nan,nan
17224,3.15291,0,nan,nan,nan
17225,3.15291,0,nan,nan,nan
17226,3.15291,0,nan,nan,nan
17227,3.15291,0,nan,nan,nan
17228,3.15291,0,nan,nan,nan
17229,3.15291,0,nan,nan,nan
17230,3.15291,0,nan,nan,nan
17231,3.15291,0,nan,nan,nan
17232,3.15291,0,nan,nan,nan
17233,3.15291,0,nan,nan,nan
17234,3.15291,0,nan,nan,nan
17235,3.15291,0,nan,nan,nan
17236,3.15291,0,nan,nan,nan
17237,3.15291,0,nan,nan,nan
17238,3.15291,0,nan,nan,nan
17239,3.15291,0,nan,nan,nan
17240,3.15291,0,nan,nan,nan
17241,3.15291,0,nan,nan,nan
17242,3.15291,0,nan,nan,nan
17243,3.15291,0,nan,nan,nan
17244,3.15291,0,nan,nan,nan
17245,3.15291,0,nan,nan,nan
17246,3.15291,0,nan,nan,nan
17247,3.15291,0,nan,nan,nan
17248,3.15291,0,nan,nan,nan
17249,3.15291,0,nan,nan,nan
17250,3.15291,0,nan,nan,nan
17251,3.15291,0,nan,nan,nan
17252,3.15291,0,nan,nan,nan
17253,3.15291,0,nan,nan,nan
17254,3.15291,0,nan,nan,nan
17255,3.15291,0,nan,nan,nan
17256,3.15291,0,nan,nan,nan
17257,3.15291,0,nan,nan,nan
17258,3.15291,0,nan,nan,nan
17259,3.15291,0,nan,nan,nan
17260,3.15291,0,nan,nan,nan
17261,3.15291,0,nan,nan,nan
17262,3.15291,0,nan,nan,nan
17263,3.15291,0,nan,nan,nan
17264,3.15291,0,nan,nan,nan
17265,3.15291,0,nan,nan,nan
17266,3.15291,0,nan,nan,nan
17267,3.15291,0,nan,nan,nan
17268,3.15291,0,nan,nan,nan
17269,3.15291,0,nan,nan,nan
17270,3.15291,0,nan,nan,nan
17271,3.15291,0,nan,nan,nan
17272,3.15291,0,nan,nan,nan
17273,3.15291,0,nan,nan,nan
17274,3.15291,0,nan,nan,nan
17275,3.15291,0,nan,nan,nan
17276,3.15291,0,nan,nan,nan
17277,3.15291,0,nan,nan,nan
17278,3.15291,0,nan,nan,nan
17279,3.15291,0,nan,nan,nan
17280,3.15291,0,nan,nan,nan
17281,3.15291,0,nan,nan,nan
17282,3.15291,0,nan,nan,nan
17283,3.15291,0,nan,nan,nan
17284,3.15291,0,nan,nan,nan
17285,3.15291,0,nan,nan,nan
17286,3.15291,0,nan,nan,nan
17287,3.15291,0,nan,nan,nan
17288,3.15291,0,nan,nan,nan
17289,3.15291,0,nan,nan,nan
17290,3.15291,0,nan,nan,nan
17291,3.15291,0,nan,nan,nan
17292,3.15291,0,nan,nan,nan
17293,3.15291,0,nan,nan,nan
17294,3.15291,0,nan,nan,nan
17295,3.15291,0,nan,nan,nan
17296,3.15291,0,nan,nan,nan
17297,3.15291,0,nan,nan,nan
17298,3.15291,0,nan,nan,nan
17299,3.15291,0,nan,nan,nan
17300,3.15291,0,nan,nan,nan
17301,3.15291,0,nan,nan,nan
17302,3.15291,0,nan,nan,nan
17303,3.15291,0,nan,nan,nan
17304,3.15291,0,nan,nan,nan
17305,3.15291,0,nan,nan,nan
17306,3.15291,0,nan,nan,nan
17307,3.15291,0,nan,nan,nan
17308,3.15291,0,nan,nan,nan
17309,3.15291,0,nan,nan,nan
17310,3.15291,0,nan,nan,nan
17311,3.15291,0,nan,nan,nan
17312,3.15291,0,nan,nan,nan
17313,3.15291,0,nan,nan,nan
17314,3.15291,0,nan,nan,nan
17315,3.15291,0,nan,nan,nan
17316,3.15291,0,nan,nan,nan
17317,3.15291,0,nan,nan,nan
17318,3.15291,0,nan,nan,nan
17319,3.15291,0,nan,nan,nan
17320,3.15291,0,nan,nan,nan
17321,3.15291,0,nan,nan,nan
17322,3.15291,0,nan,nan,nan
17323,3.15291,0,nan,nan,nan
17324,3.15291,0,nan,nan,nan
17325,3.15291,0,nan,nan,nan
17326,3.15291,0,nan,nan,nan
17327,3.15291,0,nan,nan,nan
17328,3.15291,0,nan,nan,nan
17329,3.15291,0,nan,nan,nan
17330,3.15291,0,nan,nan,nan
17331,3.15291,0,nan,nan,nan
17332,3.15291,0,nan,nan,nan
17333,3.15291,0,nan,nan,nan
17334,3.15291,0,nan,nan,nan
17335,3.15291,0,nan,nan,nan
17336,3.15291,0,nan,nan,nan
17337,3.15291,0,nan,nan,nan
17338,3.15291,0,nan,nan,nan
17339,3.15291,0,nan,nan,nan
17340,3.15291,0,nan,nan,nan
17341,3.15291,0,nan,nan,nan
17342,3.15291,0,nan,nan,nan
17343,3.15291,0,nan,nan,nan
17344,3.15291,0,nan,nan,nan
17345,3.15291,0,nan,nan,nan
17346,3.15291,0,nan,nan,nan
17347,3.15291,0,nan,nan,nan
17348,3.15291,0,nan,nan,nan
17349,3.15291,0,nan,nan,nan
17350,3.15291,0,nan,nan,nan
17351,3.15291,0,nan,nan,nan
17352,3.15291,0,nan,nan,nan
17353,3.15291,0,nan,nan,nan
17354,3.15291,0,nan,nan,nan
17355,3.15291,0,nan,nan,nan
17356,3.15291,0,nan,nan,nan
17357,3.15291,0,nan,nan,nan
17358,3.15291,0,nan,nan,nan
17359,3.15291,0,nan,nan,nan
17360,3.15291,0,nan,nan,nan
17361,3.15291,0,nan,nan,nan
17362,3.15291,0,nan,nan,nan
17363,3.15291,0,nan,nan,nan
17364,3.15291,0,nan,nan,nan
17365,3.15291,0,nan,nan,nan
17366,3.15291,0,nan,nan,nan
17367,3.15291,0,nan,nan,nan
17368,3.15291,0,nan,nan,nan
17369,3.15291,0,nan,nan,nan
17370,3.15291,0,nan,nan,nan
17371,3.15291,0,nan,nan,nan
17372,3.15291,0,nan,nan,nan
17373,3.15291,0,nan,nan,nan
17374,3.15291,0,nan,nan,nan
17375,3.15291,0,nan,nan,nan
17376,3.15291,0,nan,nan,nan
17377,3.15291,0,nan,nan,nan
17378,3.15291,0,nan,nan,nan
17379,3.15291,0,nan,nan,nan
17380,3.15291,0,nan,nan,nan
17381,3.15291,0,nan,nan,nan
17382,3.15291,0,nan,nan,nan
17383,3.15291,0,nan,nan,nan
17384,3.15291,0,nan,nan,nan
17385,3.15291,0,nan,nan,nan
17386,3.15291,0,nan,nan,nan
17387,3.15291,0,nan,nan,nan
17388,3.15291,0,nan,nan,nan
17389,3.15291,0,nan,nan,nan
17390,3.15291,0,nan,nan,nan
17391,3.15291,0,nan,nan,nan
17392,3.15291,0,nan,nan,nan
17393,3.15291,0,nan,nan,nan
17394,3.15291,0,nan,nan,nan
17395,3.15291,0,nan,nan,nan
17396,3.15291,0,nan,nan,nan
17397,3.15291,0,nan,nan,nan
17398,3.15291,0,nan,nan,nan
17399,3.15291,0,nan,nan,nan
17400,3.15291,0,nan,nan,nan
17401,3.15291,0,nan,nan,nan
17402,3.15291,0,nan,nan,nan
17403,3.15291,0,nan,nan,nan
17404,3.15291,0,nan,nan,nan
17405,3.15291,0,nan,nan,nan
17406,3.15291,0,nan,nan,nan
17407,3.15291,0,nan,nan,nan
17408,3.15291,0,nan,nan,nan
17409,3.15291,0,nan,nan,nan
17410,3.15291,0,nan,nan,nan
17411,3.15291,0,nan,nan,nan
17412,3.15291,0,nan,nan,nan
17413,3.15291,0,nan,nan,nan
17414,3.15291,0,nan,nan,nan
17415,3.15291,0,nan,nan,nan
17416,3.15291,0,nan,nan,nan
17417,3.15291,0,nan,nan,nan
17418,3.15291,0,nan,nan,nan
17419,3.15291,0,nan,nan,nan
17420,3.15291,0,nan,nan,nan
17421,3.15291,0,nan,nan,nan
17422,3.15291,0,nan,nan,nan
17423,3.15291,0,nan,nan,nan
17424,3.15291,0,nan,nan,nan
17425,3.15291,0,nan,nan,nan
17426,3.15291,0,nan,nan,nan
17427,3.15291,0,nan,nan,nan
17428,3.15291,0,nan,nan,nan
17429,3.15291,0,nan,nan,nan
17430,3.15291,0,nan,nan,nan
17431,3.15291,0,nan,nan,nan
17432,3.15291,0,nan,nan,nan
17433,3.15291,0,nan,nan,nan
17434,3.15291,0,nan,nan,nan
17435,3.15291,0,nan,nan,nan
17436,3.15291,0,nan,nan,nan
17437,3.15291,0,nan,nan,nan
17438,3.15291,0,nan,nan,nan
17439,3.15291,0,nan,nan,nan
17440,3.15291,0,nan,nan,nan
17441,3.15291,0,nan,nan,nan
17442,3.15291,0,nan,nan,nan
17443,3.15291,0,nan,nan,nan
17444,3.15291,0,nan,nan,nan
17445,3.15291,0,nan,nan,nan
17446,3.15291,0,nan,nan,nan
17447,3.15291,0,nan,nan,nan
17448,3.15291,0,nan,nan,nan
17449,3.15291,0,nan,nan,nan
17450,3.15291,0,nan,nan,nan
17451,3.15291,0,nan,nan,nan
17452,3.15291,0,nan,nan,nan
17453,3.15291,0,nan,nan,nan
17454,3.15291,0,nan,nan,nan
17455,3.15291,0,nan,nan,nan
17456,3.15291,0,nan,nan,nan
17457,3.15291,0,nan,nan,nan
17458,3.15291,0,nan,nan,nan
17459,3.15291,0,nan,nan,nan
17460,3.15291,0,nan,nan,nan
17461,3.15291,0,nan,nan,nan
17462,3.15291,0,nan,nan,nan
17463,3.15291,0,nan,nan,nan
17464,3.15291,0,nan,nan,nan
17465,3.15291,0,nan,nan,nan
17466,3.15291,0,nan,nan,nan
17467,3.15291,0,nan,nan,nan
17468,3.15291,0,nan,nan,nan
17469,3.15291,0,nan,nan,nan
17470,3.15291,0,nan,nan,nan
17471,3.15291,0,nan,nan,nan
17472,3.15291,0,nan,nan,nan
17473,3.15291,0,nan,nan,nan
17474,3.15291,0,nan,nan,nan
17475,3.15291,0,nan,nan,nan
17476,3.15291,0,nan,nan,nan
17477,3.15291,0,nan,nan,nan
17478,3.15291,0,nan,nan,nan
17479,3.15291,0,nan,nan,nan
17480,3.15291,0,nan,nan,nan
17481,3.15291,0,nan,nan,nan
17482,3.15291,0,nan,nan,nan
17483,3.15291,0,nan,nan,nan
17484,3.15291,0,nan,nan,nan
17485,3.15291,0,nan,nan,nan
17486,3.15291,0,nan,nan,nan
17487,3.15291,0,nan,nan,nan
17488,3.15291,0,nan,nan,nan
17489,3.15291,0,nan,nan,nan
17490,3.15291,0,nan,nan,nan
17491,3.15291,0,nan,nan,nan
17492,3.15291,0,nan,nan,nan
17493,3.15291,0,nan,nan,nan
17494,3.15291,0,nan,nan,nan
17495,3.15291,0,nan,nan,nan
17496,3.15291,0,nan,nan,nan
17497,3.15291,0,nan,nan,nan
17498,3.15291,0,nan,nan,nan
17499,3.15291,0,nan,nan,nan
17500,3.15291,0,nan,nan,nan
17501,3.15291,0,nan,nan,nan
17502,3.15291,0,nan,nan,nan
17503,3.15291,0,nan,nan,nan
17504,3.15291,0,nan,nan,nan
17505,3.15291,0,nan,nan,nan
17506,3.15291,0,nan,nan,nan
17507,3.15291,0,nan,nan,nan
17508,3.15291,0,nan,nan,nan
17509,3.15291,0,nan,nan,nan
17510,3.15291,0,nan,nan,nan
17511,3.15291,0,nan,nan,nan
17512,3.15291,0,nan,nan,nan
17513,3.15291,0,nan,nan,nan
17514,3.15291,0,nan,nan,nan
17515,3.15291,0,nan,nan,nan
17516,3.15291,0,nan,nan,nan
17517,3.15291,0,nan,nan,nan
17518,3.15291,0,nan,nan,nan
17519,3.15291,0,nan,nan,nan
17520,3.15291,0,nan,nan,nan
17521,3.15291,0,nan,nan,nan
17522,3.15291,0,nan,nan,nan
17523,3.15291,0,nan,nan,nan
17524,3.15291,0,nan,nan,nan
17525,3.15291,0,nan,nan,nan
17526,3.15291,0,nan,nan,nan
17527,3.15291,0,nan,nan,nan
17528,3.15291,0,nan,nan,nan
17529,3.15291,0,nan,nan,nan
17530,3.15291,0,nan,nan,nan
17531,3.15291,0,nan,nan,nan
17532,3.15291,0,nan,nan,nan
17533,3.15291,0,nan,nan,nan
17534,3.15291,0,nan,nan,nan
17535,3.15291,0,nan,nan,nan
17536,3.15291,0,nan,nan,nan
17537,3.15291,0,nan,nan,nan
17538,3.15291,0,nan,nan,nan
17539,3.15291,0,nan,nan,nan
17540,3.15291,0,nan,nan,nan
17541,3.15291,0,nan,nan,nan
17542,3.15291,0,nan,nan,nan
17543,3.15291,0,nan,nan,nan
17544,3.15291,0,nan,nan,nan
17545,3.15291,0,nan,nan,nan
17546,3.15291,0,nan,nan,nan
17547,3.15291,0,nan,nan,nan
17548,3.15291,0,nan,nan,nan
17549,3.15291,0,nan,nan,nan
17550,3.15291,0,nan,nan,nan
17551,3.15291,0,nan,nan,nan
17552,3.15291,0,nan,nan,nan
17553,3.15291,0,nan,nan,nan
17554,3.15291,0,nan,nan,nan
17555,3.15291,0,nan,nan,nan
17556,3.15291,0,nan,nan,nan
17557,3.15291,0,nan,nan,nan
17558,3.15291,0,nan,nan,nan
17559,3.15291,0,nan,nan,nan
17560,3.15291,0,nan,nan,nan
17561,3.15291,0,nan,nan,nan
17562,3.15291,0,nan,nan,nan
17563,3.15291,0,nan,nan,nan
17564,3.15291,0,nan,nan,nan
17565,3.15291,0,nan,nan,nan
17566,3.15291,0,nan,nan,nan
17567,3.15291,0,nan,nan,nan
17568,3.15291,0,nan,nan,nan
17569,3.15291,0,nan,nan,nan
17570,3.15291,0,nan,nan,nan
17571,3.15291,0,nan,nan,nan
17572,3.15291,0,nan,nan,nan
17573,3.15291,0,nan,nan,nan
17574,3.15291,0,nan,nan,nan
17575,3.15291,0,nan,nan,nan
17576,3.15291,0,nan,nan,nan
17577,3.15291,0,nan,nan,nan
17578,3.15291,0,nan,nan,nan
17579,3.15291,0,nan,nan,nan
17580,3.15291,0,nan,nan,nan
17581,3.15291,0,nan,nan,nan
17582,3.15291,0,nan,nan,nan
17583,3.15291,0,nan,nan,nan
17584,3.15291,0,nan,nan,nan
17585,3.15291,0,nan,nan,nan
17586,3.15291,0,nan,nan,nan
17587,3.15291,0,nan,nan,nan
17588,3.15291,0,nan,nan,nan
17589,3.15291,0,nan,nan,nan
17590,3.15291,0,nan,nan,nan
17591,3.15291,0,nan,nan,nan
17592,3.15291,0,nan,nan,nan
17593,3.15291,0,nan,nan,nan
17594,3.15291,0,nan,nan,nan
17595,3.15291,0,nan,nan,nan
17596,3.15291,0,nan,nan,nan
17597,3.15291,0,nan,nan,nan
17598,3.15291,0,nan,nan,nan
17599,3.15291,0,nan,nan,nan
17600,3.15291,0,nan,nan,nan
17601,3.15291,0,nan,nan,nan
17602,3.15291,0,nan,nan,nan
17603,3.15291,0,nan,nan,nan
17604,3.15291,0,nan,nan,nan
17605,3.15291,0,nan,nan,nan
17606,3.15291,0,nan,nan,nan
17607,3.15291,0,nan,nan,nan
17608,3.15291,0,nan,nan,nan
17609,3.15291,0,nan,nan,nan
17610,3.15291,0,nan,nan,nan
17611,3.15291,0,nan,nan,nan
17612,3.15291,0,nan,nan,nan
17613,3.15291,0,nan,nan,nan
17614,3.15291,0,nan,nan,nan
17615,3.15291,0,nan,nan,nan
17616,3.15291,0,nan,nan,nan
17617,3.15291,0,nan,nan,nan
17618,3.15291,0,nan,nan,nan
17619,3.15291,0,nan,nan,nan
17620,3.15291,0,nan,nan,nan
17621,3.15291,0,nan,nan,nan
17622,3.15291,0,nan,nan,nan
17623,3.15291,0,nan,nan,nan
17624,3.15291,0,nan,nan,nan
17625,3.15291,0,nan,nan,nan
17626,3.15291,0,nan,nan,nan
17627,3.15291,0,nan,nan,nan
17628,3.15291,0,nan,nan,nan
17629,3.15291,0,nan,nan,nan
17630,3.15291,0,nan,nan,nan
17631,3.15291,0,nan,nan,nan
17632,3.15291,0,nan,nan,nan
17633,3.15291,0,nan,nan,nan
17634,3.15291,0,nan,nan,nan
17635,3.15291,0,nan,nan,nan
17636,3.15291,0,nan,nan,nan
17637,3.15291,0,nan,nan,nan
17638,3.15291,0,nan,nan,nan
17639,3.15291,0,nan,nan,nan
17640,3.15291,0,nan,nan,nan
17641,3.15291,0,nan,nan,nan
17642,3.15291,0,nan,nan,nan
17643,3.15291,0,nan,nan,nan
17644,3.15291,0,nan,nan,nan
17645,3.15291,0,nan,nan,nan
17646,3.15291,0,nan,nan,nan
17647,3.15291,0,nan,nan,nan
17648,3.15291,0,nan,nan,nan
17649,3.15291,0,nan,nan,nan
17650,3.15291,0,nan,nan,nan
17651,3.15291,0,nan,nan,nan
17652,3.15291,0,nan,nan,nan
17653,3.15291,0,nan,nan,nan
17654,3.15291,0,nan,nan,nan
17655,3.15291,0,nan,nan,nan
17656,3.15291,0,nan,nan,nan
17657,3.15291,0,nan,nan,nan
17658,3.15291,0,nan,nan,nan
17659,3.15291,0,nan,nan,nan
17660,3.15291,0,nan,nan,nan
17661,3.15291,0,nan,nan,nan
17662,3.15291,0,nan,nan,nan
17663,3.15291,0,nan,nan,nan
17664,3.15291,0,nan,nan,nan
17665,3.15291,0,nan,nan,nan
17666,3.15291,0,nan,nan,nan
17667,3.15291,0,nan,nan,nan
17668,3.15291,0,nan,nan,nan
17669,3.15291,0,nan,nan,nan
17670,3.15291,0,nan,nan,nan
17671,3.15291,0,nan,nan,nan
17672,3.15291,0,nan,nan,nan
17673,3.15291,0,nan,nan,nan
17674,3.15291,0,nan,nan,nan
17675,3.15291,0,nan,nan,nan
17676,3.15291,0,nan,nan,nan
17677,3.15291,0,nan,nan,nan
17678,3.15291,0,nan,nan,nan
17679,3.15291,0,nan,nan,nan
17680,3.15291,0,nan,nan,nan
17681,3.15291,0,nan,nan,nan
17682,3.15291,0,nan,nan,nan
17683,3.15291,0,nan,nan,nan
17684,3.15291,0,nan,nan,nan
17685,3.15291,0,nan,nan,nan
17686,3.15291,0,nan,nan,nan
17687,3.15291,0,nan,nan,nan
17688,3.15291,0,nan,nan,nan
17689,3.15291,0,nan,nan,nan
17690,3.15291,0,nan,nan,nan
17691,3.15291,0,nan,nan,nan
17692,3.15291,0,nan,nan,nan
17693,3.15291,0,nan,nan,nan
17694,3.15291,0,nan,nan,nan
17695,3.15291,0,nan,nan,nan
17696,3.15291,0,nan,nan,nan
17697,3.15291,0,nan,nan,nan
17698,3.15291,0,nan,nan,nan
17699,3.15291,0,nan,nan,nan
17700,3.15291,0,nan,nan,nan
17701,3.15291,0,nan,nan,nan
17702,3.15291,0,nan,nan,nan
17703,3.15291,0,nan,nan,nan
17704,3.15291,0,nan,nan,nan
17705,3.15291,0,nan,nan,nan
17706,3.15291,0,nan,nan,nan
17707,3.15291,0,nan,nan,nan
17708,3.15291,0,nan,nan,nan
17709,3.15291,0,nan,nan,nan
17710,3.15291,0,nan,nan,nan
17711,3.15291,0,nan,nan,nan
17712,3.15291,0,nan,nan,nan
17713,3.15291,0,nan,nan,nan
17714,3.15291,0,nan,nan,nan
17715,3.15291,0,nan,nan,nan
17716,3.15291,0,nan,nan,nan
17717,3.15291,0,nan,nan,nan
17718,3.15291,0,nan,nan,nan
17719,3.15291,0,nan,nan,nan
17720,3.15291,0,nan,nan,nan
17721,3.15291,0,nan,nan,nan
17722,3.15291,0,nan,nan,nan
17723,3.15291,0,nan,nan,nan
17724,3.15291,0,nan,nan,nan
17725,3.15291,0,nan,nan,nan
17726,3.15291,0,nan,nan,nan
17727,3.15291,0,nan,nan,nan
17728,3.15291,0,nan,nan,nan
17729,3.15291,0,nan,nan,nan
17730,3.15291,0,nan,nan,nan
17731,3.15291,0,nan,nan,nan
17732,3.15291,0,nan,nan,nan
17733,3.15291,0,nan,nan,nan
17734,3.15291,0,nan,nan,nan
17735,3.15291,0,nan,nan,nan
17736,3.15291,0,nan,nan,nan
17737,3.15291,0,nan,nan,nan
17738,3.15291,0,nan,nan,nan
17739,3.15291,0,nan,nan,nan
17740,3.15291,0,nan,nan,nan
17741,3.15291,0,nan,nan,nan
17742,3.15291,0,nan,nan,nan
17743,3.15291,0,nan,nan,nan
17744,3.15291,0,nan,nan,nan
17745,3.15291,0,nan,nan,nan
17746,3.15291,0,nan,nan,nan
17747,3.15291,0,nan,nan,nan
17748,3.15291,0,nan,nan,nan
17749,3.15291,0,nan,nan,nan
17750,3.15291,0,nan,nan,nan
17751,3.15291,0,nan,nan,nan
17752,3.15291,0,nan,nan,nan
17753,3.15291,0,nan,nan,nan
17754,3.15291,0,nan,nan,nan
17755,3.15291,0,nan,nan,nan
17756,3.15291,0,nan,nan,nan
17757,3.15291,0,nan,nan,nan
17758,3.15291,0,nan,nan,nan
17759,3.15291,0,nan,nan,nan
17760,3.15291,0,nan,nan,nan
17761,3.15291,0,nan,nan,nan
17762,3.15291,0,nan,nan,nan
17763,3.15291,0,nan,nan,nan
17764,3.15291,0,nan,nan,nan
17765,3.15291,0,nan,nan,nan
17766,3.15291,0,nan,nan,nan
17767,3.15291,0,nan,nan,nan
17768,3.15291,0,nan,nan,nan
17769,3.15291,0,nan,nan,nan
17770,3.15291,0,nan,nan,nan
17771,3.15291,0,nan,nan,nan
17772,3.15291,0,nan,nan,nan
17773,3.15291,0,nan,nan,nan
17774,3.15291,0,nan,nan,nan
17775,3.15291,0,nan,nan,nan
17776,3.15291,0,nan,nan,nan
17777,3.15291,0,nan,nan,nan
17778,3.15291,0,nan,nan,nan
17779,3.15291,0,nan,nan,nan
17780,3.15291,0,nan,nan,nan
17781,3.15291,0,nan,nan,nan
17782,3.15291,0,nan,nan,nan
17783,3.15291,0,nan,nan,nan
17784,3.15291,0,nan,nan,nan
17785,3.15291,0,nan,nan,nan
17786,3.15291,0,nan,nan,nan
17787,3.15291,0,nan,nan,nan
17788,3.15291,0,nan,nan,nan
17789,3.15291,0,nan,nan,nan
17790,3.15291,0,nan,nan,nan
17791,3.15291,0,nan,nan,nan
17792,3.15291,0,nan,nan,nan
17793,3.15291,0,nan,nan,nan
17794,3.15291,0,nan,nan,nan
17795,3.15291,0,nan,nan,nan
17796,3.15291,0,nan,nan,nan
17797,3.15291,0,nan,nan,nan
17798,3.15291,0,nan,nan,nan
17799,3.15291,0,nan,nan,nan
17800,3.15291,0,nan,nan,nan
17801,3.15291,0,nan,nan,nan
17802,3.15291,0,nan,nan,nan
17803,3.15291,0,nan,nan,nan
17804,3.15291,0,nan,nan,nan
17805,3.15291,0,nan,nan,nan
17806,3.15291,0,nan,nan,nan
17807,3.15291,0,nan,nan,nan
17808,3.15291,0,nan,nan,nan
17809,3.15291,0,nan,nan,nan
17810,3.15291,0,nan,nan,nan
17811,3.15291,0,nan,nan,nan
17812,3.15291,0,nan,nan,nan
17813,3.15291,0,nan,nan,nan
17814,3.15291,0,nan,nan,nan
17815,3.15291,0,nan,nan,nan
17816,3.15291,0,nan,nan,nan
17817,3.15291,0,nan,nan,nan
17818,3.15291,0,nan,nan,nan
17819,3.15291,0,nan,nan,nan
17820,3.15291,0,nan,nan,nan
17821,3.15291,0,nan,nan,nan
17822,3.15291,0,nan,nan,nan
17823,3.15291,0,nan,nan,nan
17824,3.15291,0,nan,nan,nan
17825,3.15291,0,nan,nan,nan
17826,3.15291,0,nan,nan,nan
17827,3.15291,0,nan,nan,nan
17828,3.15291,0,nan,nan,nan
17829,3.15291,0,nan,nan,nan
17830,3.15291,0,nan,nan,nan
17831,3.15291,0,nan,nan,nan
17832,3.15291,0,nan,nan,nan
17833,3.15291,0,nan,nan,nan
17834,3.15291,0,nan,nan,nan
17835,3.15291,0,nan,nan,nan
17836,3.15291,0,nan,nan,nan
17837,3.15291,0,nan,nan,nan
17838,3.15291,0,nan,nan,nan
17839,3.15291,0,nan,nan,nan
17840,3.15291,0,nan,nan,nan
17841,3.15291,0,nan,nan,nan
17842,3.15291,0,nan,nan,nan
17843,3.15291,0,nan,nan,nan
17844,3.15291,0,nan,nan,nan
17845,3.15291,0,nan,nan,nan
17846,3.15291,0,nan,nan,nan
17847,3.15291,0,nan,nan,nan
17848,3.15291,0,nan,nan,nan
17849,3.15291,0,nan,nan,nan
17850,3.15291,0,nan,nan,nan
17851,3.15291,0,nan,nan,nan
17852,3.15291,0,nan,nan,nan
17853,3.15291,0,nan,nan,nan
17854,3.15291,0,nan,nan,nan
17855,3.15291,0,nan,nan,nan
17856,3.15291,0,nan,nan,nan
17857,3.15291,0,nan,nan,nan
17858,3.15291,0,nan,nan,nan
17859,3.15291,0,nan,nan,nan
17860,3.15291,0,nan,nan,nan
17861,3.15291,0,nan,nan,nan
17862,3.15291,0,nan,nan,nan
17863,3.15291,0,nan,nan,nan
17864,3.15291,0,nan,nan,nan
17865,3.15291,0,nan,nan,nan
17866,3.15291,0,nan,nan,nan
17867,3.15291,0,nan,nan,nan
17868,3.15291,0,nan,nan,nan
17869,3.15291,0,nan,nan,nan
17870,3.15291,0,nan,nan,nan
17871,3.15291,0,nan,nan,nan
17872,3.15291,0,nan,nan,nan
17873,3.15291,0,nan,nan,nan
17874,3.15291,0,nan,nan,nan
17875,3.15291,0,nan,nan,nan
17876,3.15291,0,nan,nan,nan
17877,3.15291,0,nan,nan,nan
17878,3.15291,0,nan,nan,nan
17879,3.15291,0,nan,nan,nan
17880,3.15291,0,nan,nan,nan
17881,3.15291,0,nan,nan,nan
17882,3.15291,0,nan,nan,nan
17883,3.15291,0,nan,nan,nan
17884,3.15291,0,nan,nan,nan
17885,3.15291,0,nan,nan,nan
17886,3.15291,0,nan,nan,nan
17887,3.15291,0,nan,nan,nan
17888,3.15291,0,nan,nan,nan
17889,3.15291,0,nan,nan,nan
17890,3.15291,0,nan,nan,nan
17891,3.15291,0,nan,nan,nan
17892,3.15291,0,nan,nan,nan
17893,3.15291,0,nan,nan,nan
17894,3.15291,0,nan,nan,nan
17895,3.15291,0,nan,nan,nan
17896,3.15291,0,nan,nan,nan
17897,3.15291,0,nan,nan,nan
17898,3.15291,0,nan,nan,nan
17899,3.15291,0,nan,nan,nan
17900,3.15291,0,nan,nan,nan
17901,3.15291,0,nan,nan,nan
17902,3.15291,0,nan,nan,nan
17903,3.15291,0,nan,nan,nan
17904,3.15291,0,nan,nan,nan
17905,3.15291,0,nan,nan,nan
17906,3.15291,0,nan,nan,nan
17907,3.15291,0,nan,nan,nan
17908,3.15291,0,nan,nan,nan
17909,3.15291,0,nan,nan,nan
17910,3.15291,0,nan,nan,nan
17911,3.15291,0,nan,nan,nan
17912,3.15291,0,nan,nan,nan
17913,3.15291,0,nan,nan,nan
17914,3.15291,0,nan,nan,nan
17915,3.15291,0,nan,nan,nan
17916,3.15291,0,nan,nan,nan
17917,3.15291,0,nan,nan,nan
17918,3.15291,0,nan,nan,nan
17919,3.15291,0,nan,nan,nan
17920,3.15291,0,nan,nan,nan
17921,3.15291,0,nan,nan,nan
17922,3.15291,0,nan,nan,nan
17923,3.15291,0,nan,nan,nan
17924,3.15291,0,nan,nan,nan
17925,3.15291,0,nan,nan,nan
17926,3.15291,0,nan,nan,nan
17927,3.15291,0,nan,nan,nan
17928,3.15291,0,nan,nan,nan
17929,3.15291,0,nan,nan,nan
17930,3.15291,0,nan,nan,nan
17931,3.15291,0,nan,nan,nan
17932,3.15291,0,nan,nan,nan
17933,3.15291,0,nan,nan,nan
17934,3.15291,0,nan,nan,nan
17935,3.15291,0,nan,nan,nan
17936,3.15291,0,nan,nan,nan
17937,3.15291,0,nan,nan,nan
17938,3.15291,0,nan,nan,nan
17939,3.15291,0,nan,nan,nan
17940,3.15291,0,nan,nan,nan
17941,3.15291,0,nan,nan,nan
17942,3.15291,0,nan,nan,nan
17943,3.15291,0,nan,nan,nan
17944,3.15291,0,nan,nan,nan
17945,3.15291,0,nan,nan,nan
17946,3.15291,0,nan,nan,nan
17947,3.15291,0,nan,nan,nan
17948,3.15291,0,nan,nan,nan
17949,3.15291,0,nan,nan,nan
17950,3.15291,0,nan,nan,nan
17951,3.15291,0,nan,nan,nan
17952,3.15291,0,nan,nan,nan
17953,3.15291,0,nan,nan,nan
17954,3.15291,0,nan,nan,nan
17955,3.15291,0,nan,nan,nan
17956,3.15291,0,nan,nan,nan
17957,3.15291,0,nan,nan,nan
17958,3.15291,0,nan,nan,nan
17959,3.15291,0,nan,nan,nan
17960,3.15291,0,nan,nan,nan
17961,3.15291,0,nan,nan,nan
17962,3.15291,0,nan,nan,nan
17963,3.15291,0,nan,nan,nan
17964,3.15291,0,nan,nan,nan
17965,3.15291,0,nan,nan,nan
17966,3.15291,0,nan,nan,nan
17967,3.15291,0,nan,nan,nan
17968,3.15291,0,nan,nan,nan
17969,3.15291,0,nan,nan,nan
17970,3.15291,0,nan,nan,nan
17971,3.15291,0,nan,nan,nan
17972,3.15291,0,nan,nan,nan
17973,3.15291,0,nan,nan,nan
17974,3.15291,0,nan,nan,nan
17975,3.15291,0,nan,nan,nan
17976,3.15291,0,nan,nan,nan
17977,3.15291,0,nan,nan,nan
17978,3.15291,0,nan,nan,nan
17979,3.15291,0,nan,nan,nan
17980,3.15291,0,nan,nan,nan
17981,3.15291,0,nan,nan,nan
17982,3.15291,0,nan,nan,nan
17983,3.15291,0,nan,nan,nan
17984,3.15291,0,nan,nan,nan
17985,3.15291,0,nan,nan,nan
17986,3.15291,0,nan,nan,nan
17987,3.15291,0,nan,nan,nan
17988,3.15291,0,nan,nan,nan
17989,3.15291,0,nan,nan,nan
17990,3.15291,0,nan,nan,nan
17991,3.15291,0,nan,nan,nan
17992,3.15291,0,nan,nan,nan
17993,3.15291,0,nan,nan,nan
17994,3.15291,0,nan,nan,nan
17995,3.15291,0,nan,nan,nan
17996,3.15291,0,nan,nan,nan
17997,3.15291,0,nan,nan,nan
17998,3.15291,0,nan,nan,nan
17999,3.15291,0,nan,nan,nan
18000,3.15291,0,nan,nan,nan
18001,3.15291,0,nan,nan,nan
18002,3.15291,0,nan,nan,nan
18003,3.15291,0,nan,nan,nan
18004,3.15291,0,nan,nan,nan
18005,3.15291,0,nan,nan,nan
18006,3.15291,0,nan,nan,nan
18007,3.15291,0,nan,nan,nan
18008,3.15291,0,nan,nan,nan
18009,3.15291,0,nan,nan,nan
18010,3.15291,0,nan,nan,nan
18011,3.15291,0,nan,nan,nan
18012,3.15291,0,nan,nan,nan
18013,3.15291,0,nan,nan,nan
18014,3.15291,0,nan,nan,nan
18015,3.15291,0,nan,nan,nan
18016,3.15291,0,nan,nan,nan
18017,3.15291,0,nan,nan,nan
18018,3.15291,0,nan,nan,nan
18019,3.15291,0,nan,nan,nan
18020,3.15291,0,nan,nan,nan
18021,3.15291,0,nan,nan,nan
18022,3.15291,0,nan,nan,nan
18023,3.15291,0,nan,nan,nan
18024,3.15291,0,nan,nan,nan
18025,3.15291,0,nan,nan,nan
18026,3.15291,0,nan,nan,nan
18027,3.15291,0,nan,nan,nan
18028,3.15291,0,nan,nan,nan
18029,3.15291,0,nan,nan,nan
18030,3.15291,0,nan,nan,nan
18031,3.15291,0,nan,nan,nan
18032,3.15291,0,nan,nan,nan
18033,3.15291,0,nan,nan,nan
18034,3.15291,0,nan,nan,nan
18035,3.15291,0,nan,nan,nan
18036,3.15291,0,nan,nan,nan
18037,3.15291,0,nan,nan,nan
18038,3.15291,0,nan,nan,nan
18039,3.15291,0,nan,nan,nan
18040,3.15291,0,nan,nan,nan
18041,3.15291,0,nan,nan,nan
18042,3.15291,0,nan,nan,nan
18043,3.15291,0,nan,nan,nan
18044,3.15291,0,nan,nan,nan
18045,3.15291,0,nan,nan,nan
18046,3.15291,0,nan,nan,nan
18047,3.15291,0,nan,nan,nan
18048,3.15291,0,nan,nan,nan
18049,3.15291,0,nan,nan,nan
18050,3.15291,0,nan,nan,nan
18051,3.15291,0,nan,nan,nan
18052,3.15291,0,nan,nan,nan
18053,3.15291,0,nan,nan,nan
18054,3.15291,0,nan,nan,nan
18055,3.15291,0,nan,nan,nan
18056,3.15291,0,nan,nan,nan
18057,3.15291,0,nan,nan,nan
18058,3.15291,0,nan,nan,nan
18059,3.15291,0,nan,nan,nan
18060,3.15291,0,nan,nan,nan
18061,3.15291,0,nan,nan,nan
18062,3.15291,0,nan,nan,nan
18063,3.15291,0,nan,nan,nan
18064,3.15291,0,nan,nan,nan
18065,3.15291,0,nan,nan,nan
18066,3.15291,0,nan,nan,nan
18067,3.15291,0,nan,nan,nan
18068,3.15291,0,nan,nan,nan
18069,3.15291,0,nan,nan,nan
18070,3.15291,0,nan,nan,nan
18071,3.15291,0,nan,nan,nan
18072,3.15291,0,nan,nan,nan
18073,3.15291,0,nan,nan,nan
18074,3.15291,0,nan,nan,nan
18075,3.15291,0,nan,nan,nan
18076,3.15291,0,nan,nan,nan
18077,3.15291,0,nan,nan,nan
18078,3.15291,0,nan,nan,nan
18079,3.15291,0,nan,nan,nan
18080,3.15291,0,nan,nan,nan
18081,3.15291,0,nan,nan,nan
18082,3.15291,0,nan,nan,nan
18083,3.15291,0,nan,nan,nan
18084,3.15291,0,nan,nan,nan
18085,3.15291,0,nan,nan,nan
18086,3.15291,0,nan,nan,nan
18087,3.15291,0,nan,nan,nan
18088,3.15291,0,nan,nan,nan
18089,3.15291,0,nan,nan,nan
18090,3.15291,0,nan,nan,nan
18091,3.15291,0,nan,nan,nan
18092,3.15291,0,nan,nan,nan
18093,3.15291,0,nan,nan,nan
18094,3.15291,0,nan,nan,nan
18095,3.15291,0,nan,nan,nan
18096,3.15291,0,nan,nan,nan
18097,3.15291,0,nan,nan,nan
18098,3.15291,0,nan,nan,nan
18099,3.15291,0,nan,nan,nan
18100,3.15291,0,nan,nan,nan
18101,3.15291,0,nan,nan,nan
18102,3.15291,0,nan,nan,nan
18103,3.15291,0,nan,nan,nan
18104,3.15291,0,nan,nan,nan
18105,3.15291,0,nan,nan,nan
18106,3.15291,0,nan,nan,nan
18107,3.15291,0,nan,nan,nan
18108,3.15291,0,nan,nan,nan
18109,3.15291,0,nan,nan,nan
18110,3.15291,0,nan,nan,nan
18111,3.15291,0,nan,nan,nan
18112,3.15291,0,nan,nan,nan
18113,3.15291,0,nan,nan,nan
18114,3.15291,0,nan,nan,nan
18115,3.15291,0,nan,nan,nan
18116,3.15291,0,nan,nan,nan
18117,3.15291,0,nan,nan,nan
18118,3.15291,0,nan,nan,nan
18119,3.15291,0,nan,nan,nan
18120,3.15291,0,nan,nan,nan
18121,3.15291,0,nan,nan,nan
18122,3.15291,0,nan,nan,nan
18123,3.15291,0,nan,nan,nan
18124,3.15291,0,nan,nan,nan
18125,3.15291,0,nan,nan,nan
18126,3.15291,0,nan,nan,nan
18127,3.15291,0,nan,nan,nan
18128,3.15291,0,nan,nan,nan
18129,3.15291,0,nan,nan,nan
18130,3.15291,0,nan,nan,nan
18131,3.15291,0,nan,nan,nan
18132,3.15291,0,nan,nan,nan
18133,3.15291,0,nan,nan,nan
18134,3.15291,0,nan,nan,nan
18135,3.15291,0,nan,nan,nan
18136,3.15291,0,nan,nan,nan
18137,3.15291,0,nan,nan,nan
18138,3.15291,0,nan,nan,nan
18139,3.15291,0,nan,nan,nan
18140,3.15291,0,nan,nan,nan
18141,3.15291,0,nan,nan,nan
18142,3.15291,0,nan,nan,nan
18143,3.15291,0,nan,nan,nan
18144,3.15291,0,nan,nan,nan
18145,3.15291,0,nan,nan,nan
18146,3.15291,0,nan,nan,nan
18147,3.15291,0,nan,nan,nan
18148,3.15291,0,nan,nan,nan
18149,3.15291,0,nan,nan,nan
18150,3.15291,0,nan,nan,nan
18151,3.15291,0,nan,nan,nan
18152,3.15291,0,nan,nan,nan
18153,3.15291,0,nan,nan,nan
18154,3.15291,0,nan,nan,nan
18155,3.15291,0,nan,nan,nan
18156,3.15291,0,nan,nan,nan
18157,3.15291,0,nan,nan,nan
18158,3.15291,0,nan,nan,nan
18159,3.15291,0,nan,nan,nan
18160,3.15291,0,nan,nan,nan
18161,3.15291,0,nan,nan,nan
18162,3.15291,0,nan,nan,nan
18163,3.15291,0,nan,nan,nan
18164,3.15291,0,nan,nan,nan
18165,3.15291,0,nan,nan,nan
18166,3.15291,0,nan,nan,nan
18167,3.15291,0,nan,nan,nan
18168,3.15291,0,nan,nan,nan
18169,3.15291,0,nan,nan,nan
18170,3.15291,0,nan,nan,nan
18171,3.15291,0,nan,nan,nan
18172,3.15291,0,nan,nan,nan
18173,3.15291,0,nan,nan,nan
18174,3.15291,0,nan,nan,nan
18175,3.15291,0,nan,nan,nan
18176,3.15291,0,nan,nan,nan
18177,3.15291,0,nan,nan,nan
18178,3.15291,0,nan,nan,nan
18179,3.15291,0,nan,nan,nan
18180,3.15291,0,nan,nan,nan
18181,3.15291,0,nan,nan,nan
18182,3.15291,0,nan,nan,nan
18183,3.15291,0,nan,nan,nan
18184,3.15291,0,nan,nan,nan
18185,3.15291,0,nan,nan,nan
18186,3.15291,0,nan,nan,nan
18187,3.15291,0,nan,nan,nan
18188,3.15291,0,nan,nan,nan
18189,3.15291,0,nan,nan,nan
18190,3.15291,0,nan,nan,nan
18191,3.15291,0,nan,nan,nan
18192,3.15291,0,nan,nan,nan
18193,3.15291,0,nan,nan,nan
18194,3.15291,0,nan,nan,nan
18195,3.15291,0,nan,nan,nan
18196,3.15291,0,nan,nan,nan
18197,3.15291,0,nan,nan,nan
18198,3.15291,0,nan,nan,nan
18199,3.15291,0,nan,nan,nan
18200,3.15291,0,nan,nan,nan
18201,3.15291,0,nan,nan,nan
18202,3.15291,0,nan,nan,nan
18203,3.15291,0,nan,nan,nan
18204,3.15291,0,nan,nan,nan
18205,3.15291,0,nan,nan,nan
18206,3.15291,0,nan,nan,nan
18207,3.15291,0,nan,nan,nan
18208,3.15291,0,nan,nan,nan
18209,3.15291,0,nan,nan,nan
18210,3.15291,0,nan,nan,nan
18211,3.15291,0,nan,nan,nan
18212,3.15291,0,nan,nan,nan
18213,3.15291,0,nan,nan,nan
18214,3.15291,0,nan,nan,nan
18215,3.15291,0,nan,nan,nan
18216,3.15291,0,nan,nan,nan
18217,3.15291,0,nan,nan,nan
18218,3.15291,0,nan,nan,nan
18219,3.15291,0,nan,nan,nan
18220,3.15291,0,nan,nan,nan
18221,3.15291,0,nan,nan,nan
18222,3.15291,0,nan,nan,nan
18223,3.15291,0,nan,nan,nan
18224,3.15291,0,nan,nan,nan
18225,3.15291,0,nan,nan,nan
18226,3.15291,0,nan,nan,nan
18227,3.15291,0,nan,nan,nan
18228,3.15291,0,nan,nan,nan
18229,3.15291,0,nan,nan,nan
18230,3.15291,0,nan,nan,nan
18231,3.15291,0,nan,nan,nan
18232,3.15291,0,nan,nan,nan
18233,3.15291,0,nan,nan,nan
18234,3.15291,0,nan,nan,nan
18235,3.15291,0,nan,nan,nan
18236,3.15291,0,nan,nan,nan
18237,3.15291,0,nan,nan,nan
18238,3.15291,0,nan,nan,nan
18239,3.15291,0,nan,nan,nan
18240,3.15291,0,nan,nan,nan
18241,3.15291,0,nan,nan,nan
18242,3.15291,0,nan,nan,nan
18243,3.15291,0,nan,nan,nan
18244,3.15291,0,nan,nan,nan
18245,3.15291,0,nan,nan,nan
18246,3.15291,0,nan,nan,nan
18247,3.15291,0,nan,nan,nan
18248,3.15291,0,nan,nan,nan
18249,3.15291,0,nan,nan,nan
18250,3.15291,0,nan,nan,nan
18251,3.15291,0,nan,nan,nan
18252,3.15291,0,nan,nan,nan
18253,3.15291,0,nan,nan,nan
18254,3.15291,0,nan,nan,nan
18255,3.15291,0,nan,nan,nan
18256,3.15291,0,nan,nan,nan
18257,3.15291,0,nan,nan,nan
18258,3.15291,0,nan,nan,nan
18259,3.15291,0,nan,nan,nan
18260,3.15291,0,nan,nan,nan
18261,3.15291,0,nan,nan,nan
18262,3.15291,0,nan,nan,nan
18263,3.15291,0,nan,nan,nan
18264,3.15291,0,nan,nan,nan
18265,3.15291,0,nan,nan,nan
18266,3.15291,0,nan,nan,nan
18267,3.15291,0,nan,nan,nan
18268,3.15291,0,nan,nan,nan
18269,3.15291,0,nan,nan,nan
18270,3.15291,0,nan,nan,nan
18271,3.15291,0,nan,nan,nan
18272,3.15291,0,nan,nan,nan
18273,3.15291,0,nan,nan,nan
18274,3.15291,0,nan,nan,nan
18275,3.15291,0,nan,nan,nan
18276,3.15291,0,nan,nan,nan
18277,3.15291,0,nan,nan,nan
18278,3.15291,0,nan,nan,nan
18279,3.15291,0,nan,nan,nan
18280,3.15291,0,nan,nan,nan
18281,3.15291,0,nan,nan,nan
18282,3.15291,0,nan,nan,nan
18283,3.15291,0,nan,nan,nan
18284,3.15291,0,nan,nan,nan
18285,3.15291,0,nan,nan,nan
18286,3.15291,0,nan,nan,nan
18287,3.15291,0,nan,nan,nan
18288,3.15291,0,nan,nan,nan
18289,3.15291,0,nan,nan,nan
18290,3.15291,0,nan,nan,nan
18291,3.15291,0,nan,nan,nan
18292,3.15291,0,nan,nan,nan
18293,3.15291,0,nan,nan,nan
18294,3.15291,0,nan,nan,nan
18295,3.15291,0,nan,nan,nan
18296,3.15291,0,nan,nan,nan
18297,3.15291,0,nan,nan,nan
18298,3.15291,0,nan,nan,nan
18299,3.15291,0,nan,nan,nan
18300,3.15291,0,nan,nan,nan
18301,3.15291,0,nan,nan,nan
18302,3.15291,0,nan,nan,nan
18303,3.15291,0,nan,nan,nan
18304,3.15291,0,nan,nan,nan
18305,3.15291,0,nan,nan,nan
18306,3.15291,0,nan,nan,nan
18307,3.15291,0,nan,nan,nan
18308,3.15291,0,nan,nan,nan
18309,3.15291,0,nan,nan,nan
18310,3.15291,0,nan,nan,nan
18311,3.15291,0,nan,nan,nan
18312,3.15291,0,nan,nan,nan
18313,3.15291,0,nan,nan,nan
18314,3.15291,0,nan,nan,nan
18315,3.15291,0,nan,nan,nan
18316,3.15291,0,nan,nan,nan
18317,3.15291,0,nan,nan,nan
18318,3.15291,0,nan,nan,nan
18319,3.15291,0,nan,nan,nan
18320,3.15291,0,nan,nan,nan
18321,3.15291,0,nan,nan,nan
18322,3.15291,0,nan,nan,nan
18323,3.15291,0,nan,nan,nan
18324,3.15291,0,nan,nan,nan
18325,3.15291,0,nan,nan,nan
18326,3.15291,0,nan,nan,nan
18327,3.15291,0,nan,nan,nan
18328,3.15291,0,nan,nan,nan
18329,3.15291,0,nan,nan,nan
18330,3.15291,0,nan,nan,nan
18331,3.15291,0,nan,nan,nan
18332,3.15291,0,nan,nan,nan
18333,3.15291,0,nan,nan,nan
18334,3.15291,0,nan,nan,nan
18335,3.15291,0,nan,nan,nan
18336,3.15291,0,nan,nan,nan
18337,3.15291,0,nan,nan,nan
18338,3.15291,0,nan,nan,nan
18339,3.15291,0,nan,nan,nan
18340,3.15291,0,nan,nan,nan
18341,3.15291,0,nan,nan,nan
18342,3.15291,0,nan,nan,nan
18343,3.15291,0,nan,nan,nan
18344,3.15291,0,nan,nan,nan
18345,3.15291,0,nan,nan,nan
18346,3.15291,0,nan,nan,nan
18347,3.15291,0,nan,nan,nan
18348,3.15291,0,nan,nan,nan
18349,3.15291,0,nan,nan,nan
18350,3.15291,0,nan,nan,nan
18351,3.15291,0,nan,nan,nan
18352,3.15291,0,nan,nan,nan
18353,3.15291,0,nan,nan,nan
18354,3.15291,0,nan,nan,nan
18355,3.15291,0,nan,nan,nan
18356,3.15291,0,nan,nan,nan
18357,3.15291,0,nan,nan,nan
18358,3.15291,0,nan,nan,nan
18359,3.15291,0,nan,nan,nan
18360,3.15291,0,nan,nan,nan
18361,3.15291,0,nan,nan,nan
18362,3.15291,0,nan,nan,nan
18363,3.15291,0,nan,nan,nan
18364,3.15291,0,nan,nan,nan
18365,3.15291,0,nan,nan,nan
18366,3.15291,0,nan,nan,nan
18367,3.15291,0,nan,nan,nan
18368,3.15291,0,nan,nan,nan
18369,3.15291,0,nan,nan,nan
18370,3.15291,0,nan,nan,nan
18371,3.15291,0,nan,nan,nan
18372,3.15291,0,nan,nan,nan
18373,3.15291,0,nan,nan,nan
18374,3.15291,0,nan,nan,nan
18375,3.15291,0,nan,nan,nan
18376,3.15291,0,nan,nan,nan
18377,3.15291,0,nan,nan,nan
18378,3.15291,0,nan,nan,nan
18379,3.15291,0,nan,nan,nan
18380,3.15291,0,nan,nan,nan
18381,3.15291,0,nan,nan,nan
18382,3.15291,0,nan,nan,nan
18383,3.15291,0,nan,nan,nan
18384,3.15291,0,nan,nan,nan
18385,3.15291,0,nan,nan,nan
18386,3.15291,0,nan,nan,nan
18387,3.15291,0,nan,nan,nan
18388,3.15291,0,nan,nan,nan
18389,3.15291,0,nan,nan,nan
18390,3.15291,0,nan,nan,nan
18391,3.15291,0,nan,nan,nan
18392,3.15291,0,nan,nan,nan
18393,3.15291,0,nan,nan,nan
18394,3.15291,0,nan,nan,nan
18395,3.15291,0,nan,nan,nan
18396,3.15291,0,nan,nan,nan
18397,3.15291,0,nan,nan,nan
18398,3.15291,0,nan,nan,nan
18399,3.15291,0,nan,nan,nan
18400,3.15291,0,nan,nan,nan
18401,3.15291,0,nan,nan,nan
18402,3.15291,0,nan,nan,nan
18403,3.15291,0,nan,nan,nan
18404,3.15291,0,nan,nan,nan
18405,3.15291,0,nan,nan,nan
18406,3.15291,0,nan,nan,nan
18407,3.15291,0,nan,nan,nan
18408,3.15291,0,nan,nan,nan
18409,3.15291,0,nan,nan,nan
18410,3.15291,0,nan,nan,nan
18411,3.15291,0,nan,nan,nan
18412,3.15291,0,nan,nan,nan
18413,3.15291,0,nan,nan,nan
18414,3.15291,0,nan,nan,nan
18415,3.15291,0,nan,nan,nan
18416,3.15291,0,nan,nan,nan
18417,3.15291,0,nan,nan,nan
18418,3.15291,0,nan,nan,nan
18419,3.15291,0,nan,nan,nan
18420,3.15291,0,nan,nan,nan
18421,3.15291,0,nan,nan,nan
18422,3.15291,0,nan,nan,nan
18423,3.15291,0,nan,nan,nan
18424,3.15291,0,nan,nan,nan
18425,3.15291,0,nan,nan,nan
18426,3.15291,0,nan,nan,nan
18427,3.15291,0,nan,nan,nan
18428,3.15291,0,nan,nan,nan
18429,3.15291,0,nan,nan,nan
18430,3.15291,0,nan,nan,nan
18431,3.15291,0,nan,nan,nan
18432,3.15291,0,nan,nan,nan
18433,3.15291,0,nan,nan,nan
18434,3.15291,0,nan,nan,nan
18435,3.15291,0,nan,nan,nan
18436,3.15291,0,nan,nan,nan
18437,3.15291,0,nan,nan,nan
18438,3.15291,0,nan,nan,nan
18439,3.15291,0,nan,nan,nan
18440,3.15291,0,nan,nan,nan
18441,3.15291,0,nan,nan,nan
18442,3.15291,0,nan,nan,nan
18443,3.15291,0,nan,nan,nan
18444,3.15291,0,nan,nan,nan
18445,3.15291,0,nan,nan,nan
18446,3.15291,0,nan,nan,nan
18447,3.15291,0,nan,nan,nan
18448,3.15291,0,nan,nan,nan
18449,3.15291,0,nan,nan,nan
18450,3.15291,0,nan,nan,nan
18451,3.15291,0,nan,nan,nan
18452,3.15291,0,nan,nan,nan
18453,3.15291,0,nan,nan,nan
18454,3.15291,0,nan,nan,nan
18455,3.15291,0,nan,nan,nan
18456,3.15291,0,nan,nan,nan
18457,3.15291,0,nan,nan,nan
18458,3.15291,0,nan,nan,nan
18459,3.15291,0,nan,nan,nan
18460,3.15291,0,nan,nan,nan
18461,3.15291,0,nan,nan,nan
18462,3.15291,0,nan,nan,nan
18463,3.15291,0,nan,nan,nan
18464,3.15291,0,nan,nan,nan
18465,3.15291,0,nan,nan,nan
18466,3.15291,0,nan,nan,nan
18467,3.15291,0,nan,nan,nan
18468,3.15291,0,nan,nan,nan
18469,3.15291,0,nan,nan,nan
18470,3.15291,0,nan,nan,nan
18471,3.15291,0,nan,nan,nan
18472,3.15291,0,nan,nan,nan
18473,3.15291,0,nan,nan,nan
18474,3.15291,0,nan,nan,nan
18475,3.15291,0,nan,nan,nan
18476,3.15291,0,nan,nan,nan
18477,3.15291,0,nan,nan,nan
18478,3.15291,0,nan,nan,nan
18479,3.15291,0,nan,nan,nan
18480,3.15291,0,nan,nan,nan
18481,3.15291,0,nan,nan,nan
18482,3.15291,0,nan,nan,nan
18483,3.15291,0,nan,nan,nan
18484,3.15291,0,nan,nan,nan
18485,3.15291,0,nan,nan,nan
18486,3.15291,0,nan,nan,nan
18487,3.15291,0,nan,nan,nan
18488,3.15291,0,nan,nan,nan
18489,3.15291,0,nan,nan,nan
18490,3.15291,0,nan,nan,nan
18491,3.15291,0,nan,nan,nan
18492,3.15291,0,nan,nan,nan
18493,3.15291,0,nan,nan,nan
18494,3.15291,0,nan,nan,nan
18495,3.15291,0,nan,nan,nan
18496,3.15291,0,nan,nan,nan
18497,3.15291,0,nan,nan,nan
18498,3.15291,0,nan,nan,nan
18499,3.15291,0,nan,nan,nan
18500,3.15291,0,nan,nan,nan
18501,3.15291,0,nan,nan,nan
18502,3.15291,0,nan,nan,nan
18503,3.15291,0,nan,nan,nan
18504,3.15291,0,nan,nan,nan
18505,3.15291,0,nan,nan,nan
18506,3.15291,0,nan,nan,nan
18507,3.15291,0,nan,nan,nan
18508,3.15291,0,nan,nan,nan
18509,3.15291,0,nan,nan,nan
18510,3.15291,0,nan,nan,nan
18511,3.15291,0,nan,nan,nan
18512,3.15291,0,nan,nan,nan
18513,3.15291,0,nan,nan,nan
18514,3.15291,0,nan,nan,nan
18515,3.15291,0,nan,nan,nan
18516,3.15291,0,nan,nan,nan
18517,3.15291,0,nan,nan,nan
18518,3.15291,0,nan,nan,nan
18519,3.15291,0,nan,nan,nan
18520,3.15291,0,nan,nan,nan
18521,3.15291,0,nan,nan,nan
18522,3.15291,0,nan,nan,nan
18523,3.15291,0,nan,nan,nan
18524,3.15291,0,nan,nan,nan
18525,3.15291,0,nan,nan,nan
18526,3.15291,0,nan,nan,nan
18527,3.15291,0,nan,nan,nan
18528,3.15291,0,nan,nan,nan
18529,3.15291,0,nan,nan,nan
18530,3.15291,0,nan,nan,nan
18531,3.15291,0,nan,nan,nan
18532,3.15291,0,nan,nan,nan
18533,3.15291,0,nan,nan,nan
18534,3.15291,0,nan,nan,nan
18535,3.15291,0,nan,nan,nan
18536,3.15291,0,nan,nan,nan
18537,3.15291,0,nan,nan,nan
18538,3.15291,0,nan,nan,nan
18539,3.15291,0,nan,nan,nan
18540,3.15291,0,nan,nan,nan
18541,3.15291,0,nan,nan,nan
18542,3.15291,0,nan,nan,nan
18543,3.15291,0,nan,nan,nan
18544,3.15291,0,nan,nan,nan
18545,3.15291,0,nan,nan,nan
18546,3.15291,0,nan,nan,nan
18547,3.15291,0,nan,nan,nan
18548,3.15291,0,nan,nan,nan
18549,3.15291,0,nan,nan,nan
18550,3.15291,0,nan,nan,nan
18551,3.15291,0,nan,nan,nan
18552,3.15291,0,nan,nan,nan
18553,3.15291,0,nan,nan,nan
18554,3.15291,0,nan,nan,nan
18555,3.15291,0,nan,nan,nan
18556,3.15291,0,nan,nan,nan
18557,3.15291,0,nan,nan,nan
18558,3.15291,0,nan,nan,nan
18559,3.15291,0,nan,nan,nan
18560,3.15291,0,nan,nan,nan
18561,3.15291,0,nan,nan,nan
18562,3.15291,0,nan,nan,nan
18563,3.15291,0,nan,nan,nan
18564,3.15291,0,nan,nan,nan
18565,3.15291,0,nan,nan,nan
18566,3.15291,0,nan,nan,nan
18567,3.15291,0,nan,nan,nan
18568,3.15291,0,nan,nan,nan
18569,3.15291,0,nan,nan,nan
18570,3.15291,0,nan,nan,nan
18571,3.15291,0,nan,nan,nan
18572,3.15291,0,nan,nan,nan
18573,3.15291,0,nan,nan,nan
18574,3.15291,0,nan,nan,nan
18575,3.15291,0,nan,nan,nan
18576,3.15291,0,nan,nan,nan
18577,3.15291,0,nan,nan,nan
18578,3.15291,0,nan,nan,nan
18579,3.15291,0,nan,nan,nan
18580,3.15291,0,nan,nan,nan
18581,3.15291,0,nan,nan,nan
18582,3.15291,0,nan,nan,nan
18583,3.15291,0,nan,nan,nan
18584,3.15291,0,nan,nan,nan
18585,3.15291,0,nan,nan,nan
18586,3.15291,0,nan,nan,nan
18587,3.15291,0,nan,nan,nan
18588,3.15291,0,nan,nan,nan
18589,3.15291,0,nan,nan,nan
18590,3.15291,0,nan,nan,nan
18591,3.15291,0,nan,nan,nan
18592,3.15291,0,nan,nan,nan
18593,3.15291,0,nan,nan,nan
18594,3.15291,0,nan,nan,nan
18595,3.15291,0,nan,nan,nan
18596,3.15291,0,nan,nan,nan
18597,3.15291,0,nan,nan,nan
18598,3.15291,0,nan,nan,nan
18599,3.15291,0,nan,nan,nan
18600,3.15291,0,nan,nan,nan
18601,3.15291,0,nan,nan,nan
18602,3.15291,0,nan,nan,nan
18603,3.15291,0,nan,nan,nan
18604,3.15291,0,nan,nan,nan
18605,3.15291,0,nan,nan,nan
18606,3.15291,0,nan,nan,nan
18607,3.15291,0,nan,nan,nan
18608,3.15291,0,nan,nan,nan
18609,3.15291,0,nan,nan,nan
18610,3.15291,0,nan,nan,nan
18611,3.15291,0,nan,nan,nan
18612,3.15291,0,nan,nan,nan
18613,3.15291,0,nan,nan,nan
18614,3.15291,0,nan,nan,nan
18615,3.15291,0,nan,nan,nan
18616,3.15291,0,nan,nan,nan
18617,3.15291,0,nan,nan,nan
18618,3.15291,0,nan,nan,nan
18619,3.15291,0,nan,nan,nan
18620,3.15291,0,nan,nan,nan
18621,3.15291,0,nan,nan,nan
18622,3.15291,0,nan,nan,nan
18623,3.15291,0,nan,nan,nan
18624,3.15291,0,nan,nan,nan
18625,3.15291,0,nan,nan,nan
18626,3.15291,0,nan,nan,nan
18627,3.15291,0,nan,nan,nan
18628,3.15291,0,nan,nan,nan
18629,3.15291,0,nan,nan,nan
18630,3.15291,0,nan,nan,nan
18631,3.15291,0,nan,nan,nan
18632,3.15291,0,nan,nan,nan
18633,3.15291,0,nan,nan,nan
18634,3.15291,0,nan,nan,nan
18635,3.15291,0,nan,nan,nan
18636,3.15291,0,nan,nan,nan
18637,3.15291,0,nan,nan,nan
18638,3.15291,0,nan,nan,nan
18639,3.15291,0,nan,nan,nan
18640,3.15291,0,nan,nan,nan
18641,3.15291,0,nan,nan,nan
18642,3.15291,0,nan,nan,nan
18643,3.15291,0,nan,nan,nan
18644,3.15291,0,nan,nan,nan
18645,3.15291,0,nan,nan,nan
18646,3.15291,0,nan,nan,nan
18647,3.15291,0,nan,nan,nan
18648,3.15291,0,nan,nan,nan
18649,3.15291,0,nan,nan,nan
18650,3.15291,0,nan,nan,nan
18651,3.15291,0,nan,nan,nan
18652,3.15291,0,nan,nan,nan
18653,3.15291,0,nan,nan,nan
18654,3.15291,0,nan,nan,nan
18655,3.15291,0,nan,nan,nan
18656,3.15291,0,nan,nan,nan
18657,3.15291,0,nan,nan,nan
18658,3.15291,0,nan,nan,nan
18659,3.15291,0,nan,nan,nan
18660,3.15291,0,nan,nan,nan
18661,3.15291,0,nan,nan,nan
18662,3.15291,0,nan,nan,nan
18663,3.15291,0,nan,nan,nan
18664,3.15291,0,nan,nan,nan
18665,3.15291,0,nan,nan,nan
18666,3.15291,0,nan,nan,nan
18667,3.15291,0,nan,nan,nan
18668,3.15291,0,nan,nan,nan
18669,3.15291,0,nan,nan,nan
18670,3.15291,0,nan,nan,nan
18671,3.15291,0,nan,nan,nan
18672,3.15291,0,nan,nan,nan
18673,3.15291,0,nan,nan,nan
18674,3.15291,0,nan,nan,nan
18675,3.15291,0,nan,nan,nan
18676,3.15291,0,nan,nan,nan
18677,3.15291,0,nan,nan,nan
18678,3.15291,0,nan,nan,nan
18679,3.15291,0,nan,nan,nan
18680,3.15291,0,nan,nan,nan
18681,3.15291,0,nan,nan,nan
18682,3.15291,0,nan,nan,nan
18683,3.15291,0,nan,nan,nan
18684,3.15291,0,nan,nan,nan
18685,3.15291,0,nan,nan,nan
18686,3.15291,0,nan,nan,nan
18687,3.15291,0,nan,nan,nan
18688,3.15291,0,nan,nan,nan
18689,3.15291,0,nan,nan,nan
18690,3.15291,0,nan,nan,nan
18691,3.15291,0,nan,nan,nan
18692,3.15291,0,nan,nan,nan
18693,3.15291,0,nan,nan,nan
18694,3.15291,0,nan,nan,nan
18695,3.15291,0,nan,nan,nan
18696,3.15291,0,nan,nan,nan
18697,3.15291,0,nan,nan,nan
18698,3.15291,0,nan,nan,nan
18699,3.15291,0,nan,nan,nan
18700,3.15291,0,nan,nan,nan
18701,3.15291,0,nan,nan,nan
18702,3.15291,0,nan,nan,nan
18703,3.15291,0,nan,nan,nan
18704,3.15291,0,nan,nan,nan
18705,3.15291,0,nan,nan,nan
18706,3.15291,0,nan,nan,nan
18707,3.15291,0,nan,nan,nan
18708,3.15291,0,nan,nan,nan
18709,3.15291,0,nan,nan,nan
18710,3.15291,0,nan,nan,nan
18711,3.15291,0,nan,nan,nan
18712,3.15291,0,nan,nan,nan
18713,3.15291,0,nan,nan,nan
18714,3.15291,0,nan,nan,nan
18715,3.15291,0,nan,nan,nan
18716,3.15291,0,nan,nan,nan
18717,3.15291,0,nan,nan,nan
18718,3.15291,0,nan,nan,nan
18719,3.15291,0,nan,nan,nan
18720,3.15291,0,nan,nan,nan
18721,3.15291,0,nan,nan,nan
18722,3.15291,0,nan,nan,nan
18723,3.15291,0,nan,nan,nan
18724,3.15291,0,nan,nan,nan
18725,3.15291,0,nan,nan,nan
18726,3.15291,0,nan,nan,nan
18727,3.15291,0,nan,nan,nan
18728,3.15291,0,nan,nan,nan
18729,3.15291,0,nan,nan,nan
18730,3.15291,0,nan,nan,nan
18731,3.15291,0,nan,nan,nan
18732,3.15291,0,nan,nan,nan
18733,3.15291,0,nan,nan,nan
18734,3.15291,0,nan,nan,nan
18735,3.15291,0,nan,nan,nan
18736,3.15291,0,nan,nan,nan
18737,3.15291,0,nan,nan,nan
18738,3.15291,0,nan,nan,nan
18739,3.15291,0,nan,nan,nan
18740,3.15291,0,nan,nan,nan
18741,3.15291,0,nan,nan,nan
18742,3.15291,0,nan,nan,nan
18743,3.15291,0,nan,nan,nan
18744,3.15291,0,nan,nan,nan
18745,3.15291,0,nan,nan,nan
18746,3.15291,0,nan,nan,nan
18747,3.15291,0,nan,nan,nan
18748,3.15291,0,nan,nan,nan
18749,3.15291,0,nan,nan,nan
18750,3.15291,0,nan,nan,nan
18751,3.15291,0,nan,nan,nan
18752,3.15291,0,nan,nan,nan
18753,3.15291,0,nan,nan,nan
18754,3.15291,0,nan,nan,nan
18755,3.15291,0,nan,nan,nan
18756,3.15291,0,nan,nan,nan
18757,3.15291,0,nan,nan,nan
18758,3.15291,0,nan,nan,nan
18759,3.15291,0,nan,nan,nan
18760,3.15291,0,nan,nan,nan
18761,3.15291,0,nan,nan,nan
18762,3.15291,0,nan,nan,nan
18763,3.15291,0,nan,nan,nan
18764,3.15291,0,nan,nan,nan
18765,3.15291,0,nan,nan,nan
18766,3.15291,0,nan,nan,nan
18767,3.15291,0,nan,nan,nan
18768,3.15291,0,nan,nan,nan
18769,3.15291,0,nan,nan,nan
18770,3.15291,0,nan,nan,nan
18771,3.15291,0,nan,nan,nan
18772,3.15291,0,nan,nan,nan
18773,3.15291,0,nan,nan,nan
18774,3.15291,0,nan,nan,nan
18775,3.15291,0,nan,nan,nan
18776,3.15291,0,nan,nan,nan
18777,3.15291,0,nan,nan,nan
18778,3.15291,0,nan,nan,nan
18779,3.15291,0,nan,nan,nan
18780,3.15291,0,nan,nan,nan
18781,3.15291,0,nan,nan,nan
18782,3.15291,0,nan,nan,nan
18783,3.15291,0,nan,nan,nan
18784,3.15291,0,nan,nan,nan
18785,3.15291,0,nan,nan,nan
18786,3.15291,0,nan,nan,nan
18787,3.15291,0,nan,nan,nan
18788,3.15291,0,nan,nan,nan
18789,3.15291,0,nan,nan,nan
18790,3.15291,0,nan,nan,nan
18791,3.15291,0,nan,nan,nan
18792,3.15291,0,nan,nan,nan
18793,3.15291,0,nan,nan,nan
18794,3.15291,0,nan,nan,nan
18795,3.15291,0,nan,nan,nan
18796,3.15291,0,nan,nan,nan
18797,3.15291,0,nan,nan,nan
18798,3.15291,0,nan,nan,nan
18799,3.15291,0,nan,nan,nan
18800,3.15291,0,nan,nan,nan
18801,3.15291,0,nan,nan,nan
18802,3.15291,0,nan,nan,nan
18803,3.15291,0,nan,nan,nan
18804,3.15291,0,nan,nan,nan
18805,3.15291,0,nan,nan,nan
18806,3.15291,0,nan,nan,nan
18807,3.15291,0,nan,nan,nan
18808,3.15291,0,nan,nan,nan
18809,3.15291,0,nan,nan,nan
18810,3.15291,0,nan,nan,nan
18811,3.15291,0,nan,nan,nan
18812,3.15291,0,nan,nan,nan
18813,3.15291,0,nan,nan,nan
18814,3.15291,0,nan,nan,nan
18815,3.15291,0,nan,nan,nan
18816,3.15291,0,nan,nan,nan
18817,3.15291,0,nan,nan,nan
18818,3.15291,0,nan,nan,nan
18819,3.15291,0,nan,nan,nan
18820,3.15291,0,nan,nan,nan
18821,3.15291,0,nan,nan,nan
18822,3.15291,0,nan,nan,nan
18823,3.15291,0,nan,nan,nan
18824,3.15291,0,nan,nan,nan
18825,3.15291,0,nan,nan,nan
18826,3.15291,0,nan,nan,nan
18827,3.15291,0,nan,nan,nan
18828,3.15291,0,nan,nan,nan
18829,3.15291,0,nan,nan,nan
18830,3.15291,0,nan,nan,nan
18831,3.15291,0,nan,nan,nan
18832,3.15291,0,nan,nan,nan
18833,3.15291,0,nan,nan,nan
18834,3.15291,0,nan,nan,nan
18835,3.15291,0,nan,nan,nan
18836,3.15291,0,nan,nan,nan
18837,3.15291,0,nan,nan,nan
18838,3.15291,0,nan,nan,nan
18839,3.15291,0,nan,nan,nan
18840,3.15291,0,nan,nan,nan
18841,3.15291,0,nan,nan,nan
18842,3.15291,0,nan,nan,nan
18843,3.15291,0,nan,nan,nan
18844,3.15291,0,nan,nan,nan
18845,3.15291,0,nan,nan,nan
18846,3.15291,0,nan,nan,nan
18847,3.15291,0,nan,nan,nan
18848,3.15291,0,nan,nan,nan
18849,3.15291,0,nan,nan,nan
18850,3.15291,0,nan,nan,nan
18851,3.15291,0,nan,nan,nan
18852,3.15291,0,nan,nan,nan
18853,3.15291,0,nan,nan,nan
18854,3.15291,0,nan,nan,nan
18855,3.15291,0,nan,nan,nan
18856,3.15291,0,nan,nan,nan
18857,3.15291,0,nan,nan,nan
18858,3.15291,0,nan,nan,nan
18859,3.15291,0,nan,nan,nan
18860,3.15291,0,nan,nan,nan
18861,3.15291,0,nan,nan,nan
18862,3.15291,0,nan,nan,nan
18863,3.15291,0,nan,nan,nan
18864,3.15291,0,nan,nan,nan
18865,3.15291,0,nan,nan,nan
18866,3.15291,0,nan,nan,nan
18867,3.15291,0,nan,nan,nan
18868,3.15291,0,nan,nan,nan
18869,3.15291,0,nan,nan,nan
18870,3.15291,0,nan,nan,nan
18871,3.15291,0,nan,nan,nan
18872,3.15291,0,nan,nan,nan
18873,3.15291,0,nan,nan,nan
18874,3.15291,0,nan,nan,nan
18875,3.15291,0,nan,nan,nan
18876,3.15291,0,nan,nan,nan
18877,3.15291,0,nan,nan,nan
18878,3.15291,0,nan,nan,nan
18879,3.15291,0,nan,nan,nan
18880,3.15291,0,nan,nan,nan
18881,3.15291,0,nan,nan,nan
18882,3.15291,0,nan,nan,nan
18883,3.15291,0,nan,nan,nan
18884,3.15291,0,nan,nan,nan
18885,3.15291,0,nan,nan,nan
18886,3.15291,0,nan,nan,nan
18887,3.15291,0,nan,nan,nan
18888,3.15291,0,nan,nan,nan
18889,3.15291,0,nan,nan,nan
18890,3.15291,0,nan,nan,nan
18891,3.15291,0,nan,nan,nan
18892,3.15291,0,nan,nan,nan
18893,3.15291,0,nan,nan,nan
18894,3.15291,0,nan,nan,nan
18895,3.15291,0,nan,nan,nan
18896,3.15291,0,nan,nan,nan
18897,3.15291,0,nan,nan,nan
18898,3.15291,0,nan,nan,nan
18899,3.15291,0,nan,nan,nan
18900,3.15291,0,nan,nan,nan
18901,3.15291,0,nan,nan,nan
18902,3.15291,0,nan,nan,nan
18903,3.15291,0,nan,nan,nan
18904,3.15291,0,nan,nan,nan
18905,3.15291,0,nan,nan,nan
18906,3.15291,0,nan,nan,nan
18907,3.15291,0,nan,nan,nan
18908,3.15291,0,nan,nan,nan
18909,3.15291,0,nan,nan,nan
18910,3.15291,0,nan,nan,nan
18911,3.15291,0,nan,nan,nan
18912,3.15291,0,nan,nan,nan
18913,3.15291,0,nan,nan,nan
18914,3.15291,0,nan,nan,nan
18915,3.15291,0,nan,nan,nan
18916,3.15291,0,nan,nan,nan
18917,3.15291,0,nan,nan,nan
18918,3.15291,0,nan,nan,nan
18919,3.15291,0,nan,nan,nan
18920,3.15291,0,nan,nan,nan
18921,3.15291,0,nan,nan,nan
18922,3.15291,0,nan,nan,nan
18923,3.15291,0,nan,nan,nan
18924,3.15291,0,nan,nan,nan
18925,3.15291,0,nan,nan,nan
18926,3.15291,0,nan,nan,nan
18927,3.15291,0,nan,nan,nan
18928,3.15291,0,nan,nan,nan
18929,3.15291,0,nan,nan,nan
18930,3.15291,0,nan,nan,nan
18931,3.15291,0,nan,nan,nan
18932,3.15291,0,nan,nan,nan
18933,3.15291,0,nan,nan,nan
18934,3.15291,0,nan,nan,nan
18935,3.15291,0,nan,nan,nan
18936,3.15291,0,nan,nan,nan
18937,3.15291,0,nan,nan,nan
18938,3.15291,0,nan,nan,nan
18939,3.15291,0,nan,nan,nan
18940,3.15291,0,nan,nan,nan
18941,3.15291,0,nan,nan,nan
18942,3.15291,0,nan,nan,nan
18943,3.15291,0,nan,nan,nan
18944,3.15291,0,nan,nan,nan
18945,3.15291,0,nan,nan,nan
18946,3.15291,0,nan,nan,nan
18947,3.15291,0,nan,nan,nan
18948,3.15291,0,nan,nan,nan
18949,3.15291,0,nan,nan,nan
18950,3.15291,0,nan,nan,nan
18951,3.15291,0,nan,nan,nan
18952,3.15291,0,nan,nan,nan
18953,3.15291,0,nan,nan,nan
18954,3.15291,0,nan,nan,nan
18955,3.15291,0,nan,nan,nan
18956,3.15291,0,nan,nan,nan
18957,3.15291,0,nan,nan,nan
18958,3.15291,0,nan,nan,nan
18959,3.15291,0,nan,nan,nan
18960,3.15291,0,nan,nan,nan
18961,3.15291,0,nan,nan,nan
18962,3.15291,0,nan,nan,nan
18963,3.15291,0,nan,nan,nan
18964,3.15291,0,nan,nan,nan
18965,3.15291,0,nan,nan,nan
18966,3.15291,0,nan,nan,nan
18967,3.15291,0,nan,nan,nan
18968,3.15291,0,nan,nan,nan
18969,3.15291,0,nan,nan,nan
18970,3.15291,0,nan,nan,nan
18971,3.15291,0,nan,nan,nan
18972,3.15291,0,nan,nan,nan
18973,3.15291,0,nan,nan,nan
18974,3.15291,0,nan,nan,nan
18975,3.15291,0,nan,nan,nan
18976,3.15291,0,nan,nan,nan
18977,3.15291,0,nan,nan,nan
18978,3.15291,0,nan,nan,nan
18979,3.15291,0,nan,nan,nan
18980,3.15291,0,nan,nan,nan
18981,3.15291,0,nan,nan,nan
18982,3.15291,0,nan,nan,nan
18983,3.15291,0,nan,nan,nan
18984,3.15291,0,nan,nan,nan
18985,3.15291,0,nan,nan,nan
18986,3.15291,0,nan,nan,nan
18987,3.15291,0,nan,nan,nan
18988,3.15291,0,nan,nan,nan
18989,3.15291,0,nan,nan,nan
18990,3.15291,0,nan,nan,nan
18991,3.15291,0,nan,nan,nan
18992,3.15291,0,nan,nan,nan
18993,3.15291,0,nan,nan,nan
18994,3.15291,0,nan,nan,nan
18995,3.15291,0,nan,nan,nan
18996,3.15291,0,nan,nan,nan
18997,3.15291,0,nan,nan,nan
18998,3.15291,0,nan,nan,nan
18999,3.15291,0,nan,nan,nan
19000,3.15291,0,nan,nan,nan
19001,3.15291,0,nan,nan,nan
19002,3.15291,0,nan,nan,nan
19003,3.15291,0,nan,nan,nan
19004,3.15291,0,nan,nan,nan
19005,3.15291,0,nan,nan,nan
19006,3.15291,0,nan,nan,nan
19007,3.15291,0,nan,nan,nan
19008,3.15291,0,nan,nan,nan
19009,3.15291,0,nan,nan,nan
19010,3.15291,0,nan,nan,nan
19011,3.15291,0,nan,nan,nan
19012,3.15291,0,nan,nan,nan
19013,3.15291,0,nan,nan,nan
19014,3.15291,0,nan,nan,nan
19015,3.15291,0,nan,nan,nan
19016,3.15291,0,nan,nan,nan
19017,3.15291,0,nan,nan,nan
19018,3.15291,0,nan,nan,nan
19019,3.15291,0,nan,nan,nan
19020,3.15291,0,nan,nan,nan
19021,3.15291,0,nan,nan,nan
19022,3.15291,0,nan,nan,nan
19023,3.15291,0,nan,nan,nan
19024,3.15291,0,nan,nan,nan
19025,3.15291,0,nan,nan,nan
19026,3.15291,0,nan,nan,nan
19027,3.15291,0,nan,nan,nan
19028,3.15291,0,nan,nan,nan
19029,3.15291,0,nan,nan,nan
19030,3.15291,0,nan,nan,nan
19031,3.15291,0,nan,nan,nan
19032,3.15291,0,nan,nan,nan
19033,3.15291,0,nan,nan,nan
19034,3.15291,0,nan,nan,nan
19035,3.15291,0,nan,nan,nan
19036,3.15291,0,nan,nan,nan
19037,3.15291,0,nan,nan,nan
19038,3.15291,0,nan,nan,nan
19039,3.15291,0,nan,nan,nan
19040,3.15291,0,nan,nan,nan
19041,3.15291,0,nan,nan,nan
19042,3.15291,0,nan,nan,nan
19043,3.15291,0,nan,nan,nan
19044,3.15291,0,nan,nan,nan
19045,3.15291,0,nan,nan,nan
19046,3.15291,0,nan,nan,nan
19047,3.15291,0,nan,nan,nan
19048,3.15291,0,nan,nan,nan
19049,3.15291,0,nan,nan,nan
19050,3.15291,0,nan,nan,nan
19051,3.15291,0,nan,nan,nan
19052,3.15291,0,nan,nan,nan
19053,3.15291,0,nan,nan,nan
19054,3.15291,0,nan,nan,nan
19055,3.15291,0,nan,nan,nan
19056,3.15291,0,nan,nan,nan
19057,3.15291,0,nan,nan,nan
19058,3.15291,0,nan,nan,nan
19059,3.15291,0,nan,nan,nan
19060,3.15291,0,nan,nan,nan
19061,3.15291,0,nan,nan,nan
19062,3.15291,0,nan,nan,nan
19063,3.15291,0,nan,nan,nan
19064,3.15291,0,nan,nan,nan
19065,3.15291,0,nan,nan,nan
19066,3.15291,0,nan,nan,nan
19067,3.15291,0,nan,nan,nan
19068,3.15291,0,nan,nan,nan
19069,3.15291,0,nan,nan,nan
19070,3.15291,0,nan,nan,nan
19071,3.15291,0,nan,nan,nan
19072,3.15291,0,nan,nan,nan
19073,3.15291,0,nan,nan,nan
19074,3.15291,0,nan,nan,nan
19075,3.15291,0,nan,nan,nan
19076,3.15291,0,nan,nan,nan
19077,3.15291,0,nan,nan,nan
19078,3.15291,0,nan,nan,nan
19079,3.15291,0,nan,nan,nan
19080,3.15291,0,nan,nan,nan
19081,3.15291,0,nan,nan,nan
19082,3.15291,0,nan,nan,nan
19083,3.15291,0,nan,nan,nan
19084,3.15291,0,nan,nan,nan
19085,3.15291,0,nan,nan,nan
19086,3.15291,0,nan,nan,nan
19087,3.15291,0,nan,nan,nan
19088,3.15291,0,nan,nan,nan
19089,3.15291,0,nan,nan,nan
19090,3.15291,0,nan,nan,nan
19091,3.15291,0,nan,nan,nan
19092,3.15291,0,nan,nan,nan
19093,3.15291,0,nan,nan,nan
19094,3.15291,0,nan,nan,nan
19095,3.15291,0,nan,nan,nan
19096,3.15291,0,nan,nan,nan
19097,3.15291,0,nan,nan,nan
19098,3.15291,0,nan,nan,nan
19099,3.15291,0,nan,nan,nan
19100,3.15291,0,nan,nan,nan
19101,3.15291,0,nan,nan,nan
19102,3.15291,0,nan,nan,nan
19103,3.15291,0,nan,nan,nan
19104,3.15291,0,nan,nan,nan
19105,3.15291,0,nan,nan,nan
19106,3.15291,0,nan,nan,nan
19107,3.15291,0,nan,nan,nan
19108,3.15291,0,nan,nan,nan
19109,3.15291,0,nan,nan,nan
19110,3.15291,0,nan,nan,nan
19111,3.15291,0,nan,nan,nan
19112,3.15291,0,nan,nan,nan
19113,3.15291,0,nan,nan,nan
19114,3.15291,0,nan,nan,nan
19115,3.15291,0,nan,nan,nan
19116,3.15291,0,nan,nan,nan
19117,3.15291,0,nan,nan,nan
19118,3.15291,0,nan,nan,nan
19119,3.15291,0,nan,nan,nan
19120,3.15291,0,nan,nan,nan
19121,3.15291,0,nan,nan,nan
19122,3.15291,0,nan,nan,nan
19123,3.15291,0,nan,nan,nan
19124,3.15291,0,nan,nan,nan
19125,3.15291,0,nan,nan,nan
19126,3.15291,0,nan,nan,nan
19127,3.15291,0,nan,nan,nan
19128,3.15291,0,nan,nan,nan
19129,3.15291,0,nan,nan,nan
19130,3.15291,0,nan,nan,nan
19131,3.15291,0,nan,nan,nan
19132,3.15291,0,nan,nan,nan
19133,3.15291,0,nan,nan,nan
19134,3.15291,0,nan,nan,nan
19135,3.15291,0,nan,nan,nan
19136,3.15291,0,nan,nan,nan
19137,3.15291,0,nan,nan,nan
19138,3.15291,0,nan,nan,nan
19139,3.15291,0,nan,nan,nan
19140,3.15291,0,nan,nan,nan
19141,3.15291,0,nan,nan,nan
19142,3.15291,0,nan,nan,nan
19143,3.15291,0,nan,nan,nan
19144,3.15291,0,nan,nan,nan
19145,3.15291,0,nan,nan,nan
19146,3.15291,0,nan,nan,nan
19147,3.15291,0,nan,nan,nan
19148,3.15291,0,nan,nan,nan
19149,3.15291,0,nan,nan,nan
19150,3.15291,0,nan,nan,nan
19151,3.15291,0,nan,nan,nan
19152,3.15291,0,nan,nan,nan
19153,3.15291,0,nan,nan,nan
19154,3.15291,0,nan,nan,nan
19155,3.15291,0,nan,nan,nan
19156,3.15291,0,nan,nan,nan
19157,3.15291,0,nan,nan,nan
19158,3.15291,0,nan,nan,nan
19159,3.15291,0,nan,nan,nan
19160,3.15291,0,nan,nan,nan
19161,3.15291,0,nan,nan,nan
19162,3.15291,0,nan,nan,nan
19163,3.15291,0,nan,nan,nan
19164,3.15291,0,nan,nan,nan
19165,3.15291,0,nan,nan,nan
19166,3.15291,0,nan,nan,nan
19167,3.15291,0,nan,nan,nan
19168,3.15291,0,nan,nan,nan
19169,3.15291,0,nan,nan,nan
19170,3.15291,0,nan,nan,nan
19171,3.15291,0,nan,nan,nan
19172,3.15291,0,nan,nan,nan
19173,3.15291,0,nan,nan,nan
19174,3.15291,0,nan,nan,nan
19175,3.15291,0,nan,nan,nan
19176,3.15291,0,nan,nan,nan
19177,3.15291,0,nan,nan,nan
19178,3.15291,0,nan,nan,nan
19179,3.15291,0,nan,nan,nan
19180,3.15291,0,nan,nan,nan
19181,3.15291,0,nan,nan,nan
19182,3.15291,0,nan,nan,nan
19183,3.15291,0,nan,nan,nan
19184,3.15291,0,nan,nan,nan
19185,3.15291,0,nan,nan,nan
19186,3.15291,0,nan,nan,nan
19187,3.15291,0,nan,nan,nan
19188,3.15291,0,nan,nan,nan
19189,3.15291,0,nan,nan,nan
19190,3.15291,0,nan,nan,nan
19191,3.15291,0,nan,nan,nan
19192,3.15291,0,nan,nan,nan
19193,3.15291,0,nan,nan,nan
19194,3.15291,0,nan,nan,nan
19195,3.15291,0,nan,nan,nan
19196,3.15291,0,nan,nan,nan
19197,3.15291,0,nan,nan,nan
19198,3.15291,0,nan,nan,nan
19199,3.15291,0,nan,nan,nan
19200,3.15291,0,nan,nan,nan
19201,3.15291,0,nan,nan,nan
19202,3.15291,0,nan,nan,nan
19203,3.15291,0,nan,nan,nan
19204,3.15291,0,nan,nan,nan
19205,3.15291,0,nan,nan,nan
19206,3.15291,0,nan,nan,nan
19207,3.15291,0,nan,nan,nan
19208,3.15291,0,nan,nan,nan
19209,3.15291,0,nan,nan,nan
19210,3.15291,0,nan,nan,nan
19211,3.15291,0,nan,nan,nan
19212,3.15291,0,nan,nan,nan
19213,3.15291,0,nan,nan,nan
19214,3.15291,0,nan,nan,nan
19215,3.15291,0,nan,nan,nan
19216,3.15291,0,nan,nan,nan
19217,3.15291,0,nan,nan,nan
19218,3.15291,0,nan,nan,nan
19219,3.15291,0,nan,nan,nan
19220,3.15291,0,nan,nan,nan
19221,3.15291,0,nan,nan,nan
19222,3.15291,0,nan,nan,nan
19223,3.15291,0,nan,nan,nan
19224,3.15291,0,nan,nan,nan
19225,3.15291,0,nan,nan,nan
19226,3.15291,0,nan,nan,nan
19227,3.15291,0,nan,nan,nan
19228,3.15291,0,nan,nan,nan
19229,3.15291,0,nan,nan,nan
19230,3.15291,0,nan,nan,nan
19231,3.15291,0,nan,nan,nan
19232,3.15291,0,nan,nan,nan
19233,3.15291,0,nan,nan,nan
19234,3.15291,0,nan,nan,nan
19235,3.15291,0,nan,nan,nan
19236,3.15291,0,nan,nan,nan
19237,3.15291,0,nan,nan,nan
19238,3.15291,0,nan,nan,nan
19239,3.15291,0,nan,nan,nan
19240,3.15291,0,nan,nan,nan
19241,3.15291,0,nan,nan,nan
19242,3.15291,0,nan,nan,nan
19243,3.15291,0,nan,nan,nan
19244,3.15291,0,nan,nan,nan
19245,3.15291,0,nan,nan,nan
19246,3.15291,0,nan,nan,nan
19247,3.15291,0,nan,nan,nan
19248,3.15291,0,nan,nan,nan
19249,3.15291,0,nan,nan,nan
19250,3.15291,0,nan,nan,nan
19251,3.15291,0,nan,nan,nan
19252,3.15291,0,nan,nan,nan
19253,3.15291,0,nan,nan,nan
19254,3.15291,0,nan,nan,nan
19255,3.15291,0,nan,nan,nan
19256,3.15291,0,nan,nan,nan
19257,3.15291,0,nan,nan,nan
19258,3.15291,0,nan,nan,nan
19259,3.15291,0,nan,nan,nan
19260,3.15291,0,nan,nan,nan
19261,3.15291,0,nan,nan,nan
19262,3.15291,0,nan,nan,nan
19263,3.15291,0,nan,nan,nan
19264,3.15291,0,nan,nan,nan
19265,3.15291,0,nan,nan,nan
19266,3.15291,0,nan,nan,nan
19267,3.15291,0,nan,nan,nan
19268,3.15291,0,nan,nan,nan
19269,3.15291,0,nan,nan,nan
19270,3.15291,0,nan,nan,nan
19271,3.15291,0,nan,nan,nan
19272,3.15291,0,nan,nan,nan
19273,3.15291,0,nan,nan,nan
19274,3.15291,0,nan,nan,nan
19275,3.15291,0,nan,nan,nan
19276,3.15291,0,nan,nan,nan
19277,3.15291,0,nan,nan,nan
19278,3.15291,0,nan,nan,nan
19279,3.15291,0,nan,nan,nan
19280,3.15291,0,nan,nan,nan
19281,3.15291,0,nan,nan,nan
19282,3.15291,0,nan,nan,nan
19283,3.15291,0,nan,nan,nan
19284,3.15291,0,nan,nan,nan
19285,3.15291,0,nan,nan,nan
19286,3.15291,0,nan,nan,nan
19287,3.15291,0,nan,nan,nan
19288,3.15291,0,nan,nan,nan
19289,3.15291,0,nan,nan,nan
19290,3.15291,0,nan,nan,nan
19291,3.15291,0,nan,nan,nan
19292,3.15291,0,nan,nan,nan
19293,3.15291,0,nan,nan,nan
19294,3.15291,0,nan,nan,nan
19295,3.15291,0,nan,nan,nan
19296,3.15291,0,nan,nan,nan
19297,3.15291,0,nan,nan,nan
19298,3.15291,0,nan,nan,nan
19299,3.15291,0,nan,nan,nan
19300,3.15291,0,nan,nan,nan
19301,3.15291,0,nan,nan,nan
19302,3.15291,0,nan,nan,nan
19303,3.15291,0,nan,nan,nan
19304,3.15291,0,nan,nan,nan
19305,3.15291,0,nan,nan,nan
19306,3.15291,0,nan,nan,nan
19307,3.15291,0,nan,nan,nan
19308,3.15291,0,nan,nan,nan
19309,3.15291,0,nan,nan,nan
19310,3.15291,0,nan,nan,nan
19311,3.15291,0,nan,nan,nan
19312,3.15291,0,nan,nan,nan
19313,3.15291,0,nan,nan,nan
19314,3.15291,0,nan,nan,nan
19315,3.15291,0,nan,nan,nan
19316,3.15291,0,nan,nan,nan
19317,3.15291,0,nan,nan,nan
19318,3.15291,0,nan,nan,nan
19319,3.15291,0,nan,nan,nan
19320,3.15291,0,nan,nan,nan
19321,3.15291,0,nan,nan,nan
19322,3.15291,0,nan,nan,nan
19323,3.15291,0,nan,nan,nan
19324,3.15291,0,nan,nan,nan
19325,3.15291,0,nan,nan,nan
19326,3.15291,0,nan,nan,nan
19327,3.15291,0,nan,nan,nan
19328,3.15291,0,nan,nan,nan
19329,3.15291,0,nan,nan,nan
19330,3.15291,0,nan,nan,nan
19331,3.15291,0,nan,nan,nan
19332,3.15291,0,nan,nan,nan
19333,3.15291,0,nan,nan,nan
19334,3.15291,0,nan,nan,nan
19335,3.15291,0,nan,nan,nan
19336,3.15291,0,nan,nan,nan
19337,3.15291,0,nan,nan,nan
19338,3.15291,0,nan,nan,nan
19339,3.15291,0,nan,nan,nan
19340,3.15291,0,nan,nan,nan
19341,3.15291,0,nan,nan,nan
19342,3.15291,0,nan,nan,nan
19343,3.15291,0,nan,nan,nan
19344,3.15291,0,nan,nan,nan
19345,3.15291,0,nan,nan,nan
19346,3.15291,0,nan,nan,nan
19347,3.15291,0,nan,nan,nan
19348,3.15291,0,nan,nan,nan
19349,3.15291,0,nan,nan,nan
19350,3.15291,0,nan,nan,nan
19351,3.15291,0,nan,nan,nan
19352,3.15291,0,nan,nan,nan
19353,3.15291,0,nan,nan,nan
19354,3.15291,0,nan,nan,nan
19355,3.15291,0,nan,nan,nan
19356,3.15291,0,nan,nan,nan
19357,3.15291,0,nan,nan,nan
19358,3.15291,0,nan,nan,nan
19359,3.15291,0,nan,nan,nan
19360,3.15291,0,nan,nan,nan
19361,3.15291,0,nan,nan,nan
19362,3.15291,0,nan,nan,nan
19363,3.15291,0,nan,nan,nan
19364,3.15291,0,nan,nan,nan
19365,3.15291,0,nan,nan,nan
19366,3.15291,0,nan,nan,nan
19367,3.15291,0,nan,nan,nan
19368,3.15291,0,nan,nan,nan
19369,3.15291,0,nan,nan,nan
19370,3.15291,0,nan,nan,nan
19371,3.15291,0,nan,nan,nan
19372,3.15291,0,nan,nan,nan
19373,3.15291,0,nan,nan,nan
19374,3.15291,0,nan,nan,nan
19375,3.15291,0,nan,nan,nan
19376,3.15291,0,nan,nan,nan
19377,3.15291,0,nan,nan,nan
19378,3.15291,0,nan,nan,nan
19379,3.15291,0,nan,nan,nan
19380,3.15291,0,nan,nan,nan
19381,3.15291,0,nan,nan,nan
19382,3.15291,0,nan,nan,nan
19383,3.15291,0,nan,nan,nan
19384,3.15291,0,nan,nan,nan
19385,3.15291,0,nan,nan,nan
19386,3.15291,0,nan,nan,nan
19387,3.15291,0,nan,nan,nan
19388,3.15291,0,nan,nan,nan
19389,3.15291,0,nan,nan,nan
19390,3.15291,0,nan,nan,nan
19391,3.15291,0,nan,nan,nan
19392,3.15291,0,nan,nan,nan
19393,3.15291,0,nan,nan,nan
19394,3.15291,0,nan,nan,nan
19395,3.15291,0,nan,nan,nan
19396,3.15291,0,nan,nan,nan
19397,3.15291,0,nan,nan,nan
19398,3.15291,0,nan,nan,nan
19399,3.15291,0,nan,nan,nan
19400,3.15291,0,nan,nan,nan
19401,3.15291,0,nan,nan,nan
19402,3.15291,0,nan,nan,nan
19403,3.15291,0,nan,nan,nan
19404,3.15291,0,nan,nan,nan
19405,3.15291,0,nan,nan,nan
19406,3.15291,0,nan,nan,nan
19407,3.15291,0,nan,nan,nan
19408,3.15291,0,nan,nan,nan
19409,3.15291,0,nan,nan,nan
19410,3.15291,0,nan,nan,nan
19411,3.15291,0,nan,nan,nan
19412,3.15291,0,nan,nan,nan
19413,3.15291,0,nan,nan,nan
19414,3.15291,0,nan,nan,nan
19415,3.15291,0,nan,nan,nan
19416,3.15291,0,nan,nan,nan
19417,3.15291,0,nan,nan,nan
19418,3.15291,0,nan,nan,nan
19419,3.15291,0,nan,nan,nan
19420,3.15291,0,nan,nan,nan
19421,3.15291,0,nan,nan,nan
19422,3.15291,0,nan,nan,nan
19423,3.15291,0,nan,nan,nan
19424,3.15291,0,nan,nan,nan
19425,3.15291,0,nan,nan,nan
19426,3.15291,0,nan,nan,nan
19427,3.15291,0,nan,nan,nan
19428,3.15291,0,nan,nan,nan
19429,3.15291,0,nan,nan,nan
19430,3.15291,0,nan,nan,nan
19431,3.15291,0,nan,nan,nan
19432,3.15291,0,nan,nan,nan
19433,3.15291,0,nan,nan,nan
19434,3.15291,0,nan,nan,nan
19435,3.15291,0,nan,nan,nan
19436,3.15291,0,nan,nan,nan
19437,3.15291,0,nan,nan,nan
19438,3.15291,0,nan,nan,nan
19439,3.15291,0,nan,nan,nan
19440,3.15291,0,nan,nan,nan
19441,3.15291,0,nan,nan,nan
19442,3.15291,0,nan,nan,nan
19443,3.15291,0,nan,nan,nan
19444,3.15291,0,nan,nan,nan
19445,3.15291,0,nan,nan,nan
19446,3.15291,0,nan,nan,nan
19447,3.15291,0,nan,nan,nan
19448,3.15291,0,nan,nan,nan
19449,3.15291,0,nan,nan,nan
19450,3.15291,0,nan,nan,nan
19451,3.15291,0,nan,nan,nan
19452,3.15291,0,nan,nan,nan
19453,3.15291,0,nan,nan,nan
19454,3.15291,0,nan,nan,nan
19455,3.15291,0,nan,nan,nan
19456,3.15291,0,nan,nan,nan
19457,3.15291,0,nan,nan,nan
19458,3.15291,0,nan,nan,nan
19459,3.15291,0,nan,nan,nan
19460,3.15291,0,nan,nan,nan
19461,3.15291,0,nan,nan,nan
19462,3.15291,0,nan,nan,nan
19463,3.15291,0,nan,nan,nan
19464,3.15291,0,nan,nan,nan
19465,3.15291,0,nan,nan,nan
19466,3.15291,0,nan,nan,nan
19467,3.15291,0,nan,nan,nan
19468,3.15291,0,nan,nan,nan
19469,3.15291,0,nan,nan,nan
19470,3.15291,0,nan,nan,nan
19471,3.15291,0,nan,nan,nan
19472,3.15291,0,nan,nan,nan
19473,3.15291,0,nan,nan,nan
19474,3.15291,0,nan,nan,nan
19475,3.15291,0,nan,nan,nan
19476,3.15291,0,nan,nan,nan
19477,3.15291,0,nan,nan,nan
19478,3.15291,0,nan,nan,nan
19479,3.15291,0,nan,nan,nan
19480,3.15291,0,nan,nan,nan
19481,3.15291,0,nan,nan,nan
19482,3.15291,0,nan,nan,nan
19483,3.15291,0,nan,nan,nan
19484,3.15291,0,nan,nan,nan
19485,3.15291,0,nan,nan,nan
19486,3.15291,0,nan,nan,nan
19487,3.15291,0,nan,nan,nan
19488,3.15291,0,nan,nan,nan
19489,3.15291,0,nan,nan,nan
19490,3.15291,0,nan,nan,nan
19491,3.15291,0,nan,nan,nan
19492,3.15291,0,nan,nan,nan
19493,3.15291,0,nan,nan,nan
19494,3.15291,0,nan,nan,nan
19495,3.15291,0,nan,nan,nan
19496,3.15291,0,nan,nan,nan
19497,3.15291,0,nan,nan,nan
19498,3.15291,0,nan,nan,nan
19499,3.15291,0,nan,nan,nan
19500,3.15291,0,nan,nan,nan
19501,3.15291,0,nan,nan,nan
19502,3.15291,0,nan,nan,nan
19503,3.15291,0,nan,nan,nan
19504,3.15291,0,nan,nan,nan
19505,3.15291,0,nan,nan,nan
19506,3.15291,0,nan,nan,nan
19507,3.15291,0,nan,nan,nan
19508,3.15291,0,nan,nan,nan
19509,3.15291,0,nan,nan,nan
19510,3.15291,0,nan,nan,nan
19511,3.15291,0,nan,nan,nan
19512,3.15291,0,nan,nan,nan
19513,3.15291,0,nan,nan,nan
19514,3.15291,0,nan,nan,nan
19515,3.15291,0,nan,nan,nan
19516,3.15291,0,nan,nan,nan
19517,3.15291,0,nan,nan,nan
19518,3.15291,0,nan,nan,nan
19519,3.15291,0,nan,nan,nan
19520,3.15291,0,nan,nan,nan
19521,3.15291,0,nan,nan,nan
19522,3.15291,0,nan,nan,nan
19523,3.15291,0,nan,nan,nan
19524,3.15291,0,nan,nan,nan
19525,3.15291,0,nan,nan,nan
19526,3.15291,0,nan,nan,nan
19527,3.15291,0,nan,nan,nan
19528,3.15291,0,nan,nan,nan
19529,3.15291,0,nan,nan,nan
19530,3.15291,0,nan,nan,nan
19531,3.15291,0,nan,nan,nan
19532,3.15291,0,nan,nan,nan
19533,3.15291,0,nan,nan,nan
19534,3.15291,0,nan,nan,nan
19535,3.15291,0,nan,nan,nan
19536,3.15291,0,nan,nan,nan
19537,3.15291,0,nan,nan,nan
19538,3.15291,0,nan,nan,nan
19539,3.15291,0,nan,nan,nan
19540,3.15291,0,nan,nan,nan
19541,3.15291,0,nan,nan,nan
19542,3.15291,0,nan,nan,nan
19543,3.15291,0,nan,nan,nan
19544,3.15291,0,nan,nan,nan
19545,3.15291,0,nan,nan,nan
19546,3.15291,0,nan,nan,nan
19547,3.15291,0,nan,nan,nan
19548,3.15291,0,nan,nan,nan
19549,3.15291,0,nan,nan,nan
19550,3.15291,0,nan,nan,nan
19551,3.15291,0,nan,nan,nan
19552,3.15291,0,nan,nan,nan
19553,3.15291,0,nan,nan,nan
19554,3.15291,0,nan,nan,nan
19555,3.15291,0,nan,nan,nan
19556,3.15291,0,nan,nan,nan
19557,3.15291,0,nan,nan,nan
19558,3.15291,0,nan,nan,nan
19559,3.15291,0,nan,nan,nan
19560,3.15291,0,nan,nan,nan
19561,3.15291,0,nan,nan,nan
19562,3.15291,0,nan,nan,nan
19563,3.15291,0,nan,nan,nan
19564,3.15291,0,nan,nan,nan
19565,3.15291,0,nan,nan,nan
19566,3.15291,0,nan,nan,nan
19567,3.15291,0,nan,nan,nan
19568,3.15291,0,nan,nan,nan
19569,3.15291,0,nan,nan,nan
19570,3.15291,0,nan,nan,nan
19571,3.15291,0,nan,nan,nan
19572,3.15291,0,nan,nan,nan
19573,3.15291,0,nan,nan,nan
19574,3.15291,0,nan,nan,nan
19575,3.15291,0,nan,nan,nan
19576,3.15291,0,nan,nan,nan
19577,3.15291,0,nan,nan,nan
19578,3.15291,0,nan,nan,nan
19579,3.15291,0,nan,nan,nan
19580,3.15291,0,nan,nan,nan
19581,3.15291,0,nan,nan,nan
19582,3.15291,0,nan,nan,nan
19583,3.15291,0,nan,nan,nan
19584,3.15291,0,nan,nan,nan
19585,3.15291,0,nan,nan,nan
19586,3.15291,0,nan,nan,nan
19587,3.15291,0,nan,nan,nan
19588,3.15291,0,nan,nan,nan
19589,3.15291,0,nan,nan,nan
19590,3.15291,0,nan,nan,nan
19591,3.15291,0,nan,nan,nan
19592,3.15291,0,nan,nan,nan
19593,3.15291,0,nan,nan,nan
19594,3.15291,0,nan,nan,nan
19595,3.15291,0,nan,nan,nan
19596,3.15291,0,nan,nan,nan
19597,3.15291,0,nan,nan,nan
19598,3.15291,0,nan,nan,nan
19599,3.15291,0,nan,nan,nan
19600,3.15291,0,nan,nan,nan
19601,3.15291,0,nan,nan,nan
19602,3.15291,0,nan,nan,nan
19603,3.15291,0,nan,nan,nan
19604,3.15291,0,nan,nan,nan
19605,3.15291,0,nan,nan,nan
19606,3.15291,0,nan,nan,nan
19607,3.15291,0,nan,nan,nan
19608,3.15291,0,nan,nan,nan
19609,3.15291,0,nan,nan,nan
19610,3.15291,0,nan,nan,nan
19611,3.15291,0,nan,nan,nan
19612,3.15291,0,nan,nan,nan
19613,3.15291,0,nan,nan,nan
19614,3.15291,0,nan,nan,nan
19615,3.15291,0,nan,nan,nan
19616,3.15291,0,nan,nan,nan
19617,3.15291,0,nan,nan,nan
19618,3.15291,0,nan,nan,nan
19619,3.15291,0,nan,nan,nan
19620,3.15291,0,nan,nan,nan
19621,3.15291,0,nan,nan,nan
19622,3.15291,0,nan,nan,nan
19623,3.15291,0,nan,nan,nan
19624,3.15291,0,nan,nan,nan
19625,3.15291,0,nan,nan,nan
19626,3.15291,0,nan,nan,nan
19627,3.15291,0,nan,nan,nan
19628,3.15291,0,nan,nan,nan
19629,3.15291,0,nan,nan,nan
19630,3.15291,0,nan,nan,nan
19631,3.15291,0,nan,nan,nan
19632,3.15291,0,nan,nan,nan
19633,3.15291,0,nan,nan,nan
19634,3.15291,0,nan,nan,nan
19635,3.15291,0,nan,nan,nan
19636,3.15291,0,nan,nan,nan
19637,3.15291,0,nan,nan,nan
19638,3.15291,0,nan,nan,nan
19639,3.15291,0,nan,nan,nan
19640,3.15291,0,nan,nan,nan
19641,3.15291,0,nan,nan,nan
19642,3.15291,0,nan,nan,nan
19643,3.15291,0,nan,nan,nan
19644,3.15291,0,nan,nan,nan
19645,3.15291,0,nan,nan,nan
19646,3.15291,0,nan,nan,nan
19647,3.15291,0,nan,nan,nan
19648,3.15291,0,nan,nan,nan
19649,3.15291,0,nan,nan,nan
19650,3.15291,0,nan,nan,nan
19651,3.15291,0,nan,nan,nan
19652,3.15291,0,nan,nan,nan
19653,3.15291,0,nan,nan,nan
19654,3.15291,0,nan,nan,nan
19655,3.15291,0,nan,nan,nan
19656,3.15291,0,nan,nan,nan
19657,3.15291,0,nan,nan,nan
19658,3.15291,0,nan,nan,nan
19659,3.15291,0,nan,nan,nan
19660,3.15291,0,nan,nan,nan
19661,3.15291,0,nan,nan,nan
19662,3.15291,0,nan,nan,nan
19663,3.15291,0,nan,nan,nan
19664,3.15291,0,nan,nan,nan
19665,3.15291,0,nan,nan,nan
19666,3.15291,0,nan,nan,nan
19667,3.15291,0,nan,nan,nan
19668,3.15291,0,nan,nan,nan
19669,3.15291,0,nan,nan,nan
19670,3.15291,0,nan,nan,nan
19671,3.15291,0,nan,nan,nan
19672,3.15291,0,nan,nan,nan
19673,3.15291,0,nan,nan,nan
19674,3.15291,0,nan,nan,nan
19675,3.15291,0,nan,nan,nan
19676,3.15291,0,nan,nan,nan
19677,3.15291,0,nan,nan,nan
19678,3.15291,0,nan,nan,nan
19679,3.15291,0,nan,nan,nan
19680,3.15291,0,nan,nan,nan
19681,3.15291,0,nan,nan,nan
19682,3.15291,0,nan,nan,nan
19683,3.15291,0,nan,nan,nan
19684,3.15291,0,nan,nan,nan
19685,3.15291,0,nan,nan,nan
19686,3.15291,0,nan,nan,nan
19687,3.15291,0,nan,nan,nan
19688,3.15291,0,nan,nan,nan
19689,3.15291,0,nan,nan,nan
19690,3.15291,0,nan,nan,nan
19691,3.15291,0,nan,nan,nan
19692,3.15291,0,nan,nan,nan
19693,3.15291,0,nan,nan,nan
19694,3.15291,0,nan,nan,nan
19695,3.15291,0,nan,nan,nan
19696,3.15291,0,nan,nan,nan
19697,3.15291,0,nan,nan,nan
19698,3.15291,0,nan,nan,nan
19699,3.15291,0,nan,nan,nan
19700,3.15291,0,nan,nan,nan
19701,3.15291,0,nan,nan,nan
19702,3.15291,0,nan,nan,nan
19703,3.15291,0,nan,nan,nan
19704,3.15291,0,nan,nan,nan
19705,3.15291,0,nan,nan,nan
19706,3.15291,0,nan,nan,nan
19707,3.15291,0,nan,nan,nan
19708,3.15291,0,nan,nan,nan
19709,3.15291,0,nan,nan,nan
19710,3.15291,0,nan,nan,nan
19711,3.15291,0,nan,nan,nan
19712,3.15291,0,nan,nan,nan
19713,3.15291,0,nan,nan,nan
19714,3.15291,0,nan,nan,nan
19715,3.15291,0,nan,nan,nan
19716,3.15291,0,nan,nan,nan
19717,3.15291,0,nan,nan,nan
19718,3.15291,0,nan,nan,nan
19719,3.15291,0,nan,nan,nan
19720,3.15291,0,nan,nan,nan
19721,3.15291,0,nan,nan,nan
19722,3.15291,0,nan,nan,nan
19723,3.15291,0,nan,nan,nan
19724,3.15291,0,nan,nan,nan
19725,3.15291,0,nan,nan,nan
19726,3.15291,0,nan,nan,nan
19727,3.15291,0,nan,nan,nan
19728,3.15291,0,nan,nan,nan
19729,3.15291,0,nan,nan,nan
19730,3.15291,0,nan,nan,nan
19731,3.15291,0,nan,nan,nan
19732,3.15291,0,nan,nan,nan
19733,3.15291,0,nan,nan,nan
19734,3.15291,0,nan,nan,nan
19735,3.15291,0,nan,nan,nan
19736,3.15291,0,nan,nan,nan
19737,3.15291,0,nan,nan,nan
19738,3.15291,0,nan,nan,nan
19739,3.15291,0,nan,nan,nan
19740,3.15291,0,nan,nan,nan
19741,3.15291,0,nan,nan,nan
19742,3.15291,0,nan,nan,nan
19743,3.15291,0,nan,nan,nan
19744,3.15291,0,nan,nan,nan
19745,3.15291,0,nan,nan,nan
19746,3.15291,0,nan,nan,nan
19747,3.15291,0,nan,nan,nan
19748,3.15291,0,nan,nan,nan
19749,3.15291,0,nan,nan,nan
19750,3.15291,0,nan,nan,nan
19751,3.15291,0,nan,nan,nan
19752,3.15291,0,nan,nan,nan
19753,3.15291,0,nan,nan,nan
19754,3.15291,0,nan,nan,nan
19755,3.15291,0,nan,nan,nan
19756,3.15291,0,nan,nan,nan
19757,3.15291,0,nan,nan,nan
19758,3.15291,0,nan,nan,nan
19759,3.15291,0,nan,nan,nan
19760,3.15291,0,nan,nan,nan
19761,3.15291,0,nan,nan,nan
19762,3.15291,0,nan,nan,nan
19763,3.15291,0,nan,nan,nan
19764,3.15291,0,nan,nan,nan
19765,3.15291,0,nan,nan,nan
19766,3.15291,0,nan,nan,nan
19767,3.15291,0,nan,nan,nan
19768,3.15291,0,nan,nan,nan
19769,3.15291,0,nan,nan,nan
19770,3.15291,0,nan,nan,nan
19771,3.15291,0,nan,nan,nan
19772,3.15291,0,nan,nan,nan
19773,3.15291,0,nan,nan,nan
19774,3.15291,0,nan,nan,nan
19775,3.15291,0,nan,nan,nan
19776,3.15291,0,nan,nan,nan
19777,3.15291,0,nan,nan,nan
19778,3.15291,0,nan,nan,nan
19779,3.15291,0,nan,nan,nan
19780,3.15291,0,nan,nan,nan
19781,3.15291,0,nan,nan,nan
19782,3.15291,0,nan,nan,nan
19783,3.15291,0,nan,nan,nan
19784,3.15291,0,nan,nan,nan
19785,3.15291,0,nan,nan,nan
19786,3.15291,0,nan,nan,nan
19787,3.15291,0,nan,nan,nan
19788,3.15291,0,nan,nan,nan
19789,3.15291,0,nan,nan,nan
19790,3.15291,0,nan,nan,nan
19791,3.15291,0,nan,nan,nan
19792,3.15291,0,nan,nan,nan
19793,3.15291,0,nan,nan,nan
19794,3.15291,0,nan,nan,nan
19795,3.15291,0,nan,nan,nan
19796,3.15291,0,nan,nan,nan
19797,3.15291,0,nan,nan,nan
19798,3.15291,0,nan,nan,nan
19799,3.15291,0,nan,nan,nan
19800,3.15291,0,nan,nan,nan
19801,3.15291,0,nan,nan,nan
19802,3.15291,0,nan,nan,nan
19803,3.15291,0,nan,nan,nan
19804,3.15291,0,nan,nan,nan
19805,3.15291,0,nan,nan,nan
19806,3.15291,0,nan,nan,nan
19807,3.15291,0,nan,nan,nan
19808,3.15291,0,nan,nan,nan
19809,3.15291,0,nan,nan,nan
19810,3.15291,0,nan,nan,nan
19811,3.15291,0,nan,nan,nan
19812,3.15291,0,nan,nan,nan
19813,3.15291,0,nan,nan,nan
19814,3.15291,0,nan,nan,nan
19815,3.15291,0,nan,nan,nan
19816,3.15291,0,nan,nan,nan
19817,3.15291,0,nan,nan,nan
19818,3.15291,0,nan,nan,nan
19819,3.15291,0,nan,nan,nan
19820,3.15291,0,nan,nan,nan
19821,3.15291,0,nan,nan,nan
19822,3.15291,0,nan,nan,nan
19823,3.15291,0,nan,nan,nan
19824,3.15291,0,nan,nan,nan
19825,3.15291,0,nan,nan,nan
19826,3.15291,0,nan,nan,nan
19827,3.15291,0,nan,nan,nan
19828,3.15291,0,nan,nan,nan
19829,3.15291,0,nan,nan,nan
19830,3.15291,0,nan,nan,nan
19831,3.15291,0,nan,nan,nan
19832,3.15291,0,nan,nan,nan
19833,3.15291,0,nan,nan,nan
19834,3.15291,0,nan,nan,nan
19835,3.15291,0,nan,nan,nan
19836,3.15291,0,nan,nan,nan
19837,3.15291,0,nan,nan,nan
19838,3.15291,0,nan,nan,nan
19839,3.15291,0,nan,nan,nan
19840,3.15291,0,nan,nan,nan
19841,3.15291,0,nan,nan,nan
19842,3.15291,0,nan,nan,nan
19843,3.15291,0,nan,nan,nan
19844,3.15291,0,nan,nan,nan
19845,3.15291,0,nan,nan,nan
19846,3.15291,0,nan,nan,nan
19847,3.15291,0,nan,nan,nan
19848,3.15291,0,nan,nan,nan
19849,3.15291,0,nan,nan,nan
19850,3.15291,0,nan,nan,nan
19851,3.15291,0,nan,nan,nan
19852,3.15291,0,nan,nan,nan
19853,3.15291,0,nan,nan,nan
19854,3.15291,0,nan,nan,nan
19855,3.15291,0,nan,nan,nan
19856,3.15291,0,nan,nan,nan
19857,3.15291,0,nan,nan,nan
19858,3.15291,0,nan,nan,nan
19859,3.15291,0,nan,nan,nan
19860,3.15291,0,nan,nan,nan
19861,3.15291,0,nan,nan,nan
19862,3.15291,0,nan,nan,nan
19863,3.15291,0,nan,nan,nan
19864,3.15291,0,nan,nan,nan
19865,3.15291,0,nan,nan,nan
19866,3.15291,0,nan,nan,nan
19867,3.15291,0,nan,nan,nan
19868,3.15291,0,nan,nan,nan
19869,3.15291,0,nan,nan,nan
19870,3.15291,0,nan,nan,nan
19871,3.15291,0,nan,nan,nan
19872,3.15291,0,nan,nan,nan
19873,3.15291,0,nan,nan,nan
19874,3.15291,0,nan,nan,nan
19875,3.15291,0,nan,nan,nan
19876,3.15291,0,nan,nan,nan
19877,3.15291,0,nan,nan,nan
19878,3.15291,0,nan,nan,nan
19879,3.15291,0,nan,nan,nan
19880,3.15291,0,nan,nan,nan
19881,3.15291,0,nan,nan,nan
19882,3.15291,0,nan,nan,nan
19883,3.15291,0,nan,nan,nan
19884,3.15291,0,nan,nan,nan
19885,3.15291,0,nan,nan,nan
19886,3.15291,0,nan,nan,nan
19887,3.15291,0,nan,nan,nan
19888,3.15291,0,nan,nan,nan
19889,3.15291,0,nan,nan,nan
19890,3.15291,0,nan,nan,nan
19891,3.15291,0,nan,nan,nan
19892,3.15291,0,nan,nan,nan
19893,3.15291,0,nan,nan,nan
19894,3.15291,0,nan,nan,nan
19895,3.15291,0,nan,nan,nan
19896,3.15291,0,nan,nan,nan
19897,3.15291,0,nan,nan,nan
19898,3.15291,0,nan,nan,nan
19899,3.15291,0,nan,nan,nan
19900,3.15291,0,nan,nan,nan
19901,3.15291,0,nan,nan,nan
19902,3.15291,0,nan,nan,nan
19903,3.15291,0,nan,nan,nan
19904,3.15291,0,nan,nan,nan
19905,3.15291,0,nan,nan,nan
19906,3.15291,0,nan,nan,nan
19907,3.15291,0,nan,nan,nan
19908,3.15291,0,nan,nan,nan
19909,3.15291,0,nan,nan,nan
19910,3.15291,0,nan,nan,nan
19911,3.15291,0,nan,nan,nan
19912,3.15291,0,nan,nan,nan
19913,3.15291,0,nan,nan,nan
19914,3.15291,0,nan,nan,nan
19915,3.15291,0,nan,nan,nan
19916,3.15291,0,nan,nan,nan
19917,3.15291,0,nan,nan,nan
19918,3.15291,0,nan,nan,nan
19919,3.15291,0,nan,nan,nan
19920,3.15291,0,nan,nan,nan
19921,3.15291,0,nan,nan,nan
19922,3.15291,0,nan,nan,nan
19923,3.15291,0,nan,nan,nan
19924,3.15291,0,nan,nan,nan
19925,3.15291,0,nan,nan,nan
19926,3.15291,0,nan,nan,nan
19927,3.15291,0,nan,nan,nan
19928,3.15291,0,nan,nan,nan
19929,3.15291,0,nan,nan,nan
19930,3.15291,0,nan,nan,nan
19931,3.15291,0,nan,nan,nan
19932,3.15291,0,nan,nan,nan
19933,3.15291,0,nan,nan,nan
19934,3.15291,0,nan,nan,nan
19935,3.15291,0,nan,nan,nan
19936,3.15291,0,nan,nan,nan
19937,3.15291,0,nan,nan,nan
19938,3.15291,0,nan,nan,nan
19939,3.15291,0,nan,nan,nan
19940,3.15291,0,nan,nan,nan
19941,3.15291,0,nan,nan,nan
19942,3.15291,0,nan,nan,nan
19943,3.15291,0,nan,nan,nan
19944,3.15291,0,nan,nan,nan
19945,3.15291,0,nan,nan,nan
19946,3.15291,0,nan,nan,nan
19947,3.15291,0,nan,nan,nan
19948,3.15291,0,nan,nan,nan
19949,3.15291,0,nan,nan,nan
19950,3.15291,0,nan,nan,nan
19951,3.15291,0,nan,nan,nan
19952,3.15291,0,nan,nan,nan
19953,3.15291,0,nan,nan,nan
19954,3.15291,0,nan,nan,nan
19955,3.15291,0,nan,nan,nan
19956,3.15291,0,nan,nan,nan
19957,3.15291,0,nan,nan,nan
19958,3.15291,0,nan,nan,nan
19959,3.15291,0,nan,nan,nan
19960,3.15291,0,nan,nan,nan
19961,3.15291,0,nan,nan,nan
19962,3.15291,0,nan,nan,nan
19963,3.15291,0,nan,nan,nan
19964,3.15291,0,nan,nan,nan
19965,3.15291,0,nan,nan,nan
19966,3.15291,0,nan,nan,nan
19967,3.15291,0,nan,nan,nan
19968,3.15291,0,nan,nan,nan
19969,3.15291,0,nan,nan,nan
19970,3.15291,0,nan,nan,nan
19971,3.15291,0,nan,nan,nan
19972,3.15291,0,nan,nan,nan
19973,3.15291,0,nan,nan,nan
19974,3.15291,0,nan,nan,nan
19975,3.15291,0,nan,nan,nan
19976,3.15291,0,nan,nan,nan
19977,3.15291,0,nan,nan,nan
19978,3.15291,0,nan,nan,nan
19979,3.15291,0,nan,nan,nan
19980,3.15291,0,nan,nan,nan
19981,3.15291,0,nan,nan,nan
19982,3.15291,0,nan,nan,nan
19983,3.15291,0,nan,nan,nan
19984,3.15291,0,nan,nan,nan
19985,3.15291,0,nan,nan,nan
19986,3.15291,0,nan,nan,nan
19987,3.15291,0,nan,nan,nan
19988,3.15291,0,nan,nan,nan
19989,3.15291,0,nan,nan,nan
19990,3.15291,0,nan,nan,nan
19991,3.15291,0,nan,nan,nan
19992,3.15291,0,nan,nan,nan
19993,3.15291,0,nan,nan,nan
19994,3.15291,0,nan,nan,nan
19995,3.15291,0,nan,nan,nan
19996,3.15291,0,nan,nan,nan
19997,3.15291,0,nan,nan,nan
19998,3.15291,0,nan,nan,nan
19999,3.15291,0,nan,nan,nan
20000,3.15291,0,nan,nan,nan
20001,3.15291,0,nan,nan,nan
20002,3.15291,0,nan,nan,nan
20003,3.15291,0,nan,nan,nan
20004,3.15291,0,nan,nan,nan
20005,3.15291,0,nan,nan,nan
20006,3.15291,0,nan,nan,nan
20007,3.15291,0,nan,nan,nan
20008,3.15291,0,nan,nan,nan
20009,3.15291,0,nan,nan,nan
20010,3.15291,0,nan,nan,nan
20011,3.15291,0,nan,nan,nan
20012,3.15291,0,nan,nan,nan
20013,3.15291,0,nan,nan,nan
20014,3.15291,0,nan,nan,nan
20015,3.15291,0,nan,nan,nan
20016,3.15291,0,nan,nan,nan
20017,3.15291,0,nan,nan,nan
20018,3.15291,0,nan,nan,nan
20019,3.15291,0,nan,nan,nan
20020,3.15291,0,nan,nan,nan
20021,3.15291,0,nan,nan,nan
20022,3.15291,0,nan,nan,nan
20023,3.15291,0,nan,nan,nan
20024,3.15291,0,nan,nan,nan
20025,3.15291,0,nan,nan,nan
20026,3.15291,0,nan,nan,nan
20027,3.15291,0,nan,nan,nan
20028,3.15291,0,nan,nan,nan
20029,3.15291,0,nan,nan,nan
20030,3.15291,0,nan,nan,nan
20031,3.15291,0,nan,nan,nan
20032,3.15291,0,nan,nan,nan
20033,3.15291,0,nan,nan,nan
20034,3.15291,0,nan,nan,nan
20035,3.15291,0,nan,nan,nan
20036,3.15291,0,nan,nan,nan
20037,3.15291,0,nan,nan,nan
20038,3.15291,0,nan,nan,nan
20039,3.15291,0,nan,nan,nan
20040,3.15291,0,nan,nan,nan
20041,3.15291,0,nan,nan,nan
20042,3.15291,0,nan,nan,nan
20043,3.15291,0,nan,nan,nan
20044,3.15291,0,nan,nan,nan
20045,3.15291,0,nan,nan,nan
20046,3.15291,0,nan,nan,nan
20047,3.15291,0,nan,nan,nan
20048,3.15291,0,nan,nan,nan
20049,3.15291,0,nan,nan,nan
20050,3.15291,0,nan,nan,nan
20051,3.15291,0,nan,nan,nan
20052,3.15291,0,nan,nan,nan
20053,3.15291,0,nan,nan,nan
20054,3.15291,0,nan,nan,nan
20055,3.15291,0,nan,nan,nan
20056,3.15291,0,nan,nan,nan
20057,3.15291,0,nan,nan,nan
20058,3.15291,0,nan,nan,nan
20059,3.15291,0,nan,nan,nan
20060,3.15291,0,nan,nan,nan
20061,3.15291,0,nan,nan,nan
20062,3.15291,0,nan,nan,nan
20063,3.15291,0,nan,nan,nan
20064,3.15291,0,nan,nan,nan
20065,3.15291,0,nan,nan,nan
20066,3.15291,0,nan,nan,nan
20067,3.15291,0,nan,nan,nan
20068,3.15291,0,nan,nan,nan
20069,3.15291,0,nan,nan,nan
20070,3.15291,0,nan,nan,nan
20071,3.15291,0,nan,nan,nan
20072,3.15291,0,nan,nan,nan
20073,3.15291,0,nan,nan,nan
20074,3.15291,0,nan,nan,nan
20075,3.15291,0,nan,nan,nan
20076,3.15291,0,nan,nan,nan
20077,3.15291,0,nan,nan,nan
20078,3.15291,0,nan,nan,nan
20079,3.15291,0,nan,nan,nan
20080,3.15291,0,nan,nan,nan
20081,3.15291,0,nan,nan,nan
20082,3.15291,0,nan,nan,nan
20083,3.15291,0,nan,nan,nan
20084,3.15291,0,nan,nan,nan
20085,3.15291,0,nan,nan,nan
20086,3.15291,0,nan,nan,nan
20087,3.15291,0,nan,nan,nan
20088,3.15291,0,nan,nan,nan
20089,3.15291,0,nan,nan,nan
20090,3.15291,0,nan,nan,nan
20091,3.15291,0,nan,nan,nan
20092,3.15291,0,nan,nan,nan
20093,3.15291,0,nan,nan,nan
20094,3.15291,0,nan,nan,nan
20095,3.15291,0,nan,nan,nan
20096,3.15291,0,nan,nan,nan
20097,3.15291,0,nan,nan,nan
20098,3.15291,0,nan,nan,nan
20099,3.15291,0,nan,nan,nan
20100,3.15291,0,nan,nan,nan
20101,3.15291,0,nan,nan,nan
20102,3.15291,0,nan,nan,nan
20103,3.15291,0,nan,nan,nan
20104,3.15291,0,nan,nan,nan
20105,3.15291,0,nan,nan,nan
20106,3.15291,0,nan,nan,nan
20107,3.15291,0,nan,nan,nan
20108,3.15291,0,nan,nan,nan
20109,3.15291,0,nan,nan,nan
20110,3.15291,0,nan,nan,nan
20111,3.15291,0,nan,nan,nan
20112,3.15291,0,nan,nan,nan
20113,3.15291,0,nan,nan,nan
20114,3.15291,0,nan,nan,nan
20115,3.15291,0,nan,nan,nan
20116,3.15291,0,nan,nan,nan
20117,3.15291,0,nan,nan,nan
20118,3.15291,0,nan,nan,nan
20119,3.15291,0,nan,nan,nan
20120,3.15291,0,nan,nan,nan
20121,3.15291,0,nan,nan,nan
20122,3.15291,0,nan,nan,nan
20123,3.15291,0,nan,nan,nan
20124,3.15291,0,nan,nan,nan
20125,3.15291,0,nan,nan,nan
20126,3.15291,0,nan,nan,nan
20127,3.15291,0,nan,nan,nan
20128,3.15291,0,nan,nan,nan
20129,3.15291,0,nan,nan,nan
20130,3.15291,0,nan,nan,nan
20131,3.15291,0,nan,nan,nan
20132,3.15291,0,nan,nan,nan
20133,3.15291,0,nan,nan,nan
20134,3.15291,0,nan,nan,nan
20135,3.15291,0,nan,nan,nan
20136,3.15291,0,nan,nan,nan
20137,3.15291,0,nan,nan,nan
20138,3.15291,0,nan,nan,nan
20139,3.15291,0,nan,nan,nan
20140,3.15291,0,nan,nan,nan
20141,3.15291,0,nan,nan,nan
20142,3.15291,0,nan,nan,nan
20143,3.15291,0,nan,nan,nan
20144,3.15291,0,nan,nan,nan
20145,3.15291,0,nan,nan,nan
20146,3.15291,0,nan,nan,nan
20147,3.15291,0,nan,nan,nan
20148,3.15291,0,nan,nan,nan
20149,3.15291,0,nan,nan,nan
20150,3.15291,0,nan,nan,nan
20151,3.15291,0,nan,nan,nan
20152,3.15291,0,nan,nan,nan
20153,3.15291,0,nan,nan,nan
20154,3.15291,0,nan,nan,nan
20155,3.15291,0,nan,nan,nan
20156,3.15291,0,nan,nan,nan
20157,3.15291,0,nan,nan,nan
20158,3.15291,0,nan,nan,nan
20159,3.15291,0,nan,nan,nan
20160,3.15291,0,nan,nan,nan
20161,3.15291,0,nan,nan,nan
20162,3.15291,0,nan,nan,nan
20163,3.15291,0,nan,nan,nan
20164,3.15291,0,nan,nan,nan
20165,3.15291,0,nan,nan,nan
20166,3.15291,0,nan,nan,nan
20167,3.15291,0,nan,nan,nan
20168,3.15291,0,nan,nan,nan
20169,3.15291,0,nan,nan,nan
20170,3.15291,0,nan,nan,nan
20171,3.15291,0,nan,nan,nan
20172,3.15291,0,nan,nan,nan
20173,3.15291,0,nan,nan,nan
20174,3.15291,0,nan,nan,nan
20175,3.15291,0,nan,nan,nan
20176,3.15291,0,nan,nan,nan
20177,3.15291,0,nan,nan,nan
20178,3.15291,0,nan,nan,nan
20179,3.15291,0,nan,nan,nan
20180,3.15291,0,nan,nan,nan
20181,3.15291,0,nan,nan,nan
20182,3.15291,0,nan,nan,nan
20183,3.15291,0,nan,nan,nan
20184,3.15291,0,nan,nan,nan
20185,3.15291,0,nan,nan,nan
20186,3.15291,0,nan,nan,nan
20187,3.15291,0,nan,nan,nan
20188,3.15291,0,nan,nan,nan
20189,3.15291,0,nan,nan,nan
20190,3.15291,0,nan,nan,nan
20191,3.15291,0,nan,nan,nan
20192,3.15291,0,nan,nan,nan
20193,3.15291,0,nan,nan,nan
20194,3.15291,0,nan,nan,nan
20195,3.15291,0,nan,nan,nan
20196,3.15291,0,nan,nan,nan
20197,3.15291,0,nan,nan,nan
20198,3.15291,0,nan,nan,nan
20199,3.15291,0,nan,nan,nan
20200,3.15291,0,nan,nan,nan
20201,3.15291,0,nan,nan,nan
20202,3.15291,0,nan,nan,nan
20203,3.15291,0,nan,nan,nan
20204,3.15291,0,nan,nan,nan
20205,3.15291,0,nan,nan,nan
20206,3.15291,0,nan,nan,nan
20207,3.15291,0,nan,nan,nan
20208,3.15291,0,nan,nan,nan
20209,3.15291,0,nan,nan,nan
20210,3.15291,0,nan,nan,nan
20211,3.15291,0,nan,nan,nan
20212,3.15291,0,nan,nan,nan
20213,3.15291,0,nan,nan,nan
20214,3.15291,0,nan,nan,nan
20215,3.15291,0,nan,nan,nan
20216,3.15291,0,nan,nan,nan
20217,3.15291,0,nan,nan,nan
20218,3.15291,0,nan,nan,nan
20219,3.15291,0,nan,nan,nan
20220,3.15291,0,nan,nan,nan
20221,3.15291,0,nan,nan,nan
20222,3.15291,0,nan,nan,nan
20223,3.15291,0,nan,nan,nan
20224,3.15291,0,nan,nan,nan
20225,3.15291,0,nan,nan,nan
20226,3.15291,0,nan,nan,nan
20227,3.15291,0,nan,nan,nan
20228,3.15291,0,nan,nan,nan
20229,3.15291,0,nan,nan,nan
20230,3.15291,0,nan,nan,nan
20231,3.15291,0,nan,nan,nan
20232,3.15291,0,nan,nan,nan
20233,3.15291,0,nan,nan,nan
20234,3.15291,0,nan,nan,nan
20235,3.15291,0,nan,nan,nan
20236,3.15291,0,nan,nan,nan
20237,3.15291,0,nan,nan,nan
20238,3.15291,0,nan,nan,nan
20239,3.15291,0,nan,nan,nan
20240,3.15291,0,nan,nan,nan
20241,3.15291,0,nan,nan,nan
20242,3.15291,0,nan,nan,nan
20243,3.15291,0,nan,nan,nan
20244,3.15291,0,nan,nan,nan
20245,3.15291,0,nan,nan,nan
20246,3.15291,0,nan,nan,nan
20247,3.15291,0,nan,nan,nan
20248,3.15291,0,nan,nan,nan
20249,3.15291,0,nan,nan,nan
20250,3.15291,0,nan,nan,nan
20251,3.15291,0,nan,nan,nan
20252,3.15291,0,nan,nan,nan
20253,3.15291,0,nan,nan,nan
20254,3.15291,0,nan,nan,nan
20255,3.15291,0,nan,nan,nan
20256,3.15291,0,nan,nan,nan
20257,3.15291,0,nan,nan,nan
20258,3.15291,0,nan,nan,nan
20259,3.15291,0,nan,nan,nan
20260,3.15291,0,nan,nan,nan
20261,3.15291,0,nan,nan,nan
20262,3.15291,0,nan,nan,nan
20263,3.15291,0,nan,nan,nan
20264,3.15291,0,nan,nan,nan
20265,3.15291,0,nan,nan,nan
20266,3.15291,0,nan,nan,nan
20267,3.15291,0,nan,nan,nan
20268,3.15291,0,nan,nan,nan
20269,3.15291,0,nan,nan,nan
20270,3.15291,0,nan,nan,nan
20271,3.15291,0,nan,nan,nan
20272,3.15291,0,nan,nan,nan
20273,3.15291,0,nan,nan,nan
20274,3.15291,0,nan,nan,nan
20275,3.15291,0,nan,nan,nan
20276,3.15291,0,nan,nan,nan
20277,3.15291,0,nan,nan,nan
20278,3.15291,0,nan,nan,nan
20279,3.15291,0,nan,nan,nan
20280,3.15291,0,nan,nan,nan
20281,3.15291,0,nan,nan,nan
20282,3.15291,0,nan,nan,nan
20283,3.15291,0,nan,nan,nan
20284,3.15291,0,nan,nan,nan
20285,3.15291,0,nan,nan,nan
20286,3.15291,0,nan,nan,nan
20287,3.15291,0,nan,nan,nan
20288,3.15291,0,nan,nan,nan
20289,3.15291,0,nan,nan,nan
20290,3.15291,0,nan,nan,nan
20291,3.15291,0,nan,nan,nan
20292,3.15291,0,nan,nan,nan
20293,3.15291,0,nan,nan,nan
20294,3.15291,0,nan,nan,nan
20295,3.15291,0,nan,nan,nan
20296,3.15291,0,nan,nan,nan
20297,3.15291,0,nan,nan,nan
20298,3.15291,0,nan,nan,nan
20299,3.15291,0,nan,nan,nan
20300,3.15291,0,nan,nan,nan
20301,3.15291,0,nan,nan,nan
20302,3.15291,0,nan,nan,nan
20303,3.15291,0,nan,nan,nan
20304,3.15291,0,nan,nan,nan
20305,3.15291,0,nan,nan,nan
20306,3.15291,0,nan,nan,nan
20307,3.15291,0,nan,nan,nan
20308,3.15291,0,nan,nan,nan
20309,3.15291,0,nan,nan,nan
20310,3.15291,0,nan,nan,nan
20311,3.15291,0,nan,nan,nan
20312,3.15291,0,nan,nan,nan
20313,3.15291,0,nan,nan,nan
20314,3.15291,0,nan,nan,nan
20315,3.15291,0,nan,nan,nan
20316,3.15291,0,nan,nan,nan
20317,3.15291,0,nan,nan,nan
20318,3.15291,0,nan,nan,nan
20319,3.15291,0,nan,nan,nan
20320,3.15291,0,nan,nan,nan
20321,3.15291,0,nan,nan,nan
20322,3.15291,0,nan,nan,nan
20323,3.15291,0,nan,nan,nan
20324,3.15291,0,nan,nan,nan
20325,3.15291,0,nan,nan,nan
20326,3.15291,0,nan,nan,nan
20327,3.15291,0,nan,nan,nan
20328,3.15291,0,nan,nan,nan
20329,3.15291,0,nan,nan,nan
20330,3.15291,0,nan,nan,nan
20331,3.15291,0,nan,nan,nan
20332,3.15291,0,nan,nan,nan
20333,3.15291,0,nan,nan,nan
20334,3.15291,0,nan,nan,nan
20335,3.15291,0,nan,nan,nan
20336,3.15291,0,nan,nan,nan
20337,3.15291,0,nan,nan,nan
20338,3.15291,0,nan,nan,nan
20339,3.15291,0,nan,nan,nan
20340,3.15291,0,nan,nan,nan
20341,3.15291,0,nan,nan,nan
20342,3.15291,0,nan,nan,nan
20343,3.15291,0,nan,nan,nan
20344,3.15291,0,nan,nan,nan
20345,3.15291,0,nan,nan,nan
20346,3.15291,0,nan,nan,nan
20347,3.15291,0,nan,nan,nan
20348,3.15291,0,nan,nan,nan
20349,3.15291,0,nan,nan,nan
20350,3.15291,0,nan,nan,nan
20351,3.15291,0,nan,nan,nan
20352,3.15291,0,nan,nan,nan
20353,3.15291,0,nan,nan,nan
20354,3.15291,0,nan,nan,nan
20355,3.15291,0,nan,nan,nan
20356,3.15291,0,nan,nan,nan
20357,3.15291,0,nan,nan,nan
20358,3.15291,0,nan,nan,nan
20359,3.15291,0,nan,nan,nan
20360,3.15291,0,nan,nan,nan
20361,3.15291,0,nan,nan,nan
20362,3.15291,0,nan,nan,nan
20363,3.15291,0,nan,nan,nan
20364,3.15291,0,nan,nan,nan
20365,3.15291,0,nan,nan,nan
20366,3.15291,0,nan,nan,nan
20367,3.15291,0,nan,nan,nan
20368,3.15291,0,nan,nan,nan
20369,3.15291,0,nan,nan,nan
20370,3.15291,0,nan,nan,nan
20371,3.15291,0,nan,nan,nan
20372,3.15291,0,nan,nan,nan
20373,3.15291,0,nan,nan,nan
20374,3.15291,0,nan,nan,nan
20375,3.15291,0,nan,nan,nan
20376,3.15291,0,nan,nan,nan
20377,3.15291,0,nan,nan,nan
20378,3.15291,0,nan,nan,nan
20379,3.15291,0,nan,nan,nan
20380,3.15291,0,nan,nan,nan
20381,3.15291,0,nan,nan,nan
20382,3.15291,0,nan,nan,nan
20383,3.15291,0,nan,nan,nan
20384,3.15291,0,nan,nan,nan
20385,3.15291,0,nan,nan,nan
20386,3.15291,0,nan,nan,nan
20387,3.15291,0,nan,nan,nan
20388,3.15291,0,nan,nan,nan
20389,3.15291,0,nan,nan,nan
20390,3.15291,0,nan,nan,nan
20391,3.15291,0,nan,nan,nan
20392,3.15291,0,nan,nan,nan
20393,3.15291,0,nan,nan,nan
20394,3.15291,0,nan,nan,nan
20395,3.15291,0,nan,nan,nan
20396,3.15291,0,nan,nan,nan
20397,3.15291,0,nan,nan,nan
20398,3.15291,0,nan,nan,nan
20399,3.15291,0,nan,nan,nan
20400,3.15291,0,nan,nan,nan
20401,3.15291,0,nan,nan,nan
20402,3.15291,0,nan,nan,nan
20403,3.15291,0,nan,nan,nan
20404,3.15291,0,nan,nan,nan
20405,3.15291,0,nan,nan,nan
20406,3.15291,0,nan,nan,nan
20407,3.15291,0,nan,nan,nan
20408,3.15291,0,nan,nan,nan
20409,3.15291,0,nan,nan,nan
20410,3.15291,0,nan,nan,nan
20411,3.15291,0,nan,nan,nan
20412,3.15291,0,nan,nan,nan
20413,3.15291,0,nan,nan,nan
20414,3.15291,0,nan,nan,nan
20415,3.15291,0,nan,nan,nan
20416,3.15291,0,nan,nan,nan
20417,3.15291,0,nan,nan,nan
20418,3.15291,0,nan,nan,nan
20419,3.15291,0,nan,nan,nan
20420,3.15291,0,nan,nan,nan
20421,3.15291,0,nan,nan,nan
20422,3.15291,0,nan,nan,nan
20423,3.15291,0,nan,nan,nan
20424,3.15291,0,nan,nan,nan
20425,3.15291,0,nan,nan,nan
20426,3.15291,0,nan,nan,nan
20427,3.15291,0,nan,nan,nan
20428,3.15291,0,nan,nan,nan
20429,3.15291,0,nan,nan,nan
20430,3.15291,0,nan,nan,nan
20431,3.15291,0,nan,nan,nan
20432,3.15291,0,nan,nan,nan
20433,3.15291,0,nan,nan,nan
20434,3.15291,0,nan,nan,nan
20435,3.15291,0,nan,nan,nan
20436,3.15291,0,nan,nan,nan
20437,3.15291,0,nan,nan,nan
20438,3.15291,0,nan,nan,nan
20439,3.15291,0,nan,nan,nan
20440,3.15291,0,nan,nan,nan
20441,3.15291,0,nan,nan,nan
20442,3.15291,0,nan,nan,nan
20443,3.15291,0,nan,nan,nan
20444,3.15291,0,nan,nan,nan
20445,3.15291,0,nan,nan,nan
20446,3.15291,0,nan,nan,nan
20447,3.15291,0,nan,nan,nan
20448,3.15291,0,nan,nan,nan
20449,3.15291,0,nan,nan,nan
20450,3.15291,0,nan,nan,nan
20451,3.15291,0,nan,nan,nan
20452,3.15291,0,nan,nan,nan
20453,3.15291,0,nan,nan,nan
20454,3.15291,0,nan,nan,nan
20455,3.15291,0,nan,nan,nan
20456,3.15291,0,nan,nan,nan
20457,3.15291,0,nan,nan,nan
20458,3.15291,0,nan,nan,nan
20459,3.15291,0,nan,nan,nan
20460,3.15291,0,nan,nan,nan
20461,3.15291,0,nan,nan,nan
20462,3.15291,0,nan,nan,nan
20463,3.15291,0,nan,nan,nan
20464,3.15291,0,nan,nan,nan
20465,3.15291,0,nan,nan,nan
20466,3.15291,0,nan,nan,nan
20467,3.15291,0,nan,nan,nan
20468,3.15291,0,nan,nan,nan
20469,3.15291,0,nan,nan,nan
20470,3.15291,0,nan,nan,nan
20471,3.15291,0,nan,nan,nan
20472,3.15291,0,nan,nan,nan
20473,3.15291,0,nan,nan,nan
20474,3.15291,0,nan,nan,nan
20475,3.15291,0,nan,nan,nan
20476,3.15291,0,nan,nan,nan
20477,3.15291,0,nan,nan,nan
20478,3.15291,0,nan,nan,nan
20479,3.15291,0,nan,nan,nan
20480,3.15291,0,nan,nan,nan
20481,3.15291,0,nan,nan,nan
20482,3.15291,0,nan,nan,nan
20483,3.15291,0,nan,nan,nan
20484,3.15291,0,nan,nan,nan
20485,3.15291,0,nan,nan,nan
20486,3.15291,0,nan,nan,nan
20487,3.15291,0,nan,nan,nan
20488,3.15291,0,nan,nan,nan
20489,3.15291,0,nan,nan,nan
20490,3.15291,0,nan,nan,nan
20491,3.15291,0,nan,nan,nan
20492,3.15291,0,nan,nan,nan
20493,3.15291,0,nan,nan,nan
20494,3.15291,0,nan,nan,nan
20495,3.15291,0,nan,nan,nan
20496,3.15291,0,nan,nan,nan
20497,3.15291,0,nan,nan,nan
20498,3.15291,0,nan,nan,nan
20499,3.15291,0,nan,nan,nan
20500,3.15291,0,nan,nan,nan
20501,3.15291,0,nan,nan,nan
20502,3.15291,0,nan,nan,nan
20503,3.15291,0,nan,nan,nan
20504,3.15291,0,nan,nan,nan
20505,3.15291,0,nan,nan,nan
20506,3.15291,0,nan,nan,nan
20507,3.15291,0,nan,nan,nan
20508,3.15291,0,nan,nan,nan
20509,3.15291,0,nan,nan,nan
20510,3.15291,0,nan,nan,nan
20511,3.15291,0,nan,nan,nan
20512,3.15291,0,nan,nan,nan
20513,3.15291,0,nan,nan,nan
20514,3.15291,0,nan,nan,nan
20515,3.15291,0,nan,nan,nan
20516,3.15291,0,nan,nan,nan
20517,3.15291,0,nan,nan,nan
20518,3.15291,0,nan,nan,nan
20519,3.15291,0,nan,nan,nan
20520,3.15291,0,nan,nan,nan
20521,3.15291,0,nan,nan,nan
20522,3.15291,0,nan,nan,nan
20523,3.15291,0,nan,nan,nan
20524,3.15291,0,nan,nan,nan
20525,3.15291,0,nan,nan,nan
20526,3.15291,0,nan,nan,nan
20527,3.15291,0,nan,nan,nan
20528,3.15291,0,nan,nan,nan
20529,3.15291,0,nan,nan,nan
20530,3.15291,0,nan,nan,nan
20531,3.15291,0,nan,nan,nan
20532,3.15291,0,nan,nan,nan
20533,3.15291,0,nan,nan,nan
20534,3.15291,0,nan,nan,nan
20535,3.15291,0,nan,nan,nan
20536,3.15291,0,nan,nan,nan
20537,3.15291,0,nan,nan,nan
20538,3.15291,0,nan,nan,nan
20539,3.15291,0,nan,nan,nan
20540,3.15291,0,nan,nan,nan
20541,3.15291,0,nan,nan,nan
20542,3.15291,0,nan,nan,nan
20543,3.15291,0,nan,nan,nan
20544,3.15291,0,nan,nan,nan
20545,3.15291,0,nan,nan,nan
20546,3.15291,0,nan,nan,nan
20547,3.15291,0,nan,nan,nan
20548,3.15291,0,nan,nan,nan
20549,3.15291,0,nan,nan,nan
20550,3.15291,0,nan,nan,nan
20551,3.15291,0,nan,nan,nan
20552,3.15291,0,nan,nan,nan
20553,3.15291,0,nan,nan,nan
20554,3.15291,0,nan,nan,nan
20555,3.15291,0,nan,nan,nan
20556,3.15291,0,nan,nan,nan
20557,3.15291,0,nan,nan,nan
20558,3.15291,0,nan,nan,nan
20559,3.15291,0,nan,nan,nan
20560,3.15291,0,nan,nan,nan
20561,3.15291,0,nan,nan,nan
20562,3.15291,0,nan,nan,nan
20563,3.15291,0,nan,nan,nan
20564,3.15291,0,nan,nan,nan
20565,3.15291,0,nan,nan,nan
20566,3.15291,0,nan,nan,nan
20567,3.15291,0,nan,nan,nan
20568,3.15291,0,nan,nan,nan
20569,3.15291,0,nan,nan,nan
20570,3.15291,0,nan,nan,nan
20571,3.15291,0,nan,nan,nan
20572,3.15291,0,nan,nan,nan
20573,3.15291,0,nan,nan,nan
20574,3.15291,0,nan,nan,nan
20575,3.15291,0,nan,nan,nan
20576,3.15291,0,nan,nan,nan
20577,3.15291,0,nan,nan,nan
20578,3.15291,0,nan,nan,nan
20579,3.15291,0,nan,nan,nan
20580,3.15291,0,nan,nan,nan
20581,3.15291,0,nan,nan,nan
20582,3.15291,0,nan,nan,nan
20583,3.15291,0,nan,nan,nan
20584,3.15291,0,nan,nan,nan
20585,3.15291,0,nan,nan,nan
20586,3.15291,0,nan,nan,nan
20587,3.15291,0,nan,nan,nan
20588,3.15291,0,nan,nan,nan
20589,3.15291,0,nan,nan,nan
20590,3.15291,0,nan,nan,nan
20591,3.15291,0,nan,nan,nan
20592,3.15291,0,nan,nan,nan
20593,3.15291,0,nan,nan,nan
20594,3.15291,0,nan,nan,nan
20595,3.15291,0,nan,nan,nan
20596,3.15291,0,nan,nan,nan
20597,3.15291,0,nan,nan,nan
20598,3.15291,0,nan,nan,nan
20599,3.15291,0,nan,nan,nan
20600,3.15291,0,nan,nan,nan
20601,3.15291,0,nan,nan,nan
20602,3.15291,0,nan,nan,nan
20603,3.15291,0,nan,nan,nan
20604,3.15291,0,nan,nan,nan
20605,3.15291,0,nan,nan,nan
20606,3.15291,0,nan,nan,nan
20607,3.15291,0,nan,nan,nan
20608,3.15291,0,nan,nan,nan
20609,3.15291,0,nan,nan,nan
20610,3.15291,0,nan,nan,nan
20611,3.15291,0,nan,nan,nan
20612,3.15291,0,nan,nan,nan
20613,3.15291,0,nan,nan,nan
20614,3.15291,0,nan,nan,nan
20615,3.15291,0,nan,nan,nan
20616,3.15291,0,nan,nan,nan
20617,3.15291,0,nan,nan,nan
20618,3.15291,0,nan,nan,nan
20619,3.15291,0,nan,nan,nan
20620,3.15291,0,nan,nan,nan
20621,3.15291,0,nan,nan,nan
20622,3.15291,0,nan,nan,nan
20623,3.15291,0,nan,nan,nan
20624,3.15291,0,nan,nan,nan
20625,3.15291,0,nan,nan,nan
20626,3.15291,0,nan,nan,nan
20627,3.15291,0,nan,nan,nan
20628,3.15291,0,nan,nan,nan
20629,3.15291,0,nan,nan,nan
20630,3.15291,0,nan,nan,nan
20631,3.15291,0,nan,nan,nan
20632,3.15291,0,nan,nan,nan
20633,3.15291,0,nan,nan,nan
20634,3.15291,0,nan,nan,nan
20635,3.15291,0,nan,nan,nan
20636,3.15291,0,nan,nan,nan
20637,3.15291,0,nan,nan,nan
20638,3.15291,0,nan,nan,nan
20639,3.15291,0,nan,nan,nan
20640,3.15291,0,nan,nan,nan
20641,3.15291,0,nan,nan,nan
20642,3.15291,0,nan,nan,nan
20643,3.15291,0,nan,nan,nan
20644,3.15291,0,nan,nan,nan
20645,3.15291,0,nan,nan,nan
20646,3.15291,0,nan,nan,nan
20647,3.15291,0,nan,nan,nan
20648,3.15291,0,nan,nan,nan
20649,3.15291,0,nan,nan,nan
20650,3.15291,0,nan,nan,nan
20651,3.15291,0,nan,nan,nan
20652,3.15291,0,nan,nan,nan
20653,3.15291,0,nan,nan,nan
20654,3.15291,0,nan,nan,nan
20655,3.15291,0,nan,nan,nan
20656,3.15291,0,nan,nan,nan
20657,3.15291,0,nan,nan,nan
20658,3.15291,0,nan,nan,nan
20659,3.15291,0,nan,nan,nan
20660,3.15291,0,nan,nan,nan
20661,3.15291,0,nan,nan,nan
20662,3.15291,0,nan,nan,nan
20663,3.15291,0,nan,nan,nan
20664,3.15291,0,nan,nan,nan
20665,3.15291,0,nan,nan,nan
20666,3.15291,0,nan,nan,nan
20667,3.15291,0,nan,nan,nan
20668,3.15291,0,nan,nan,nan
20669,3.15291,0,nan,nan,nan
20670,3.15291,0,nan,nan,nan
20671,3.15291,0,nan,nan,nan
20672,3.15291,0,nan,nan,nan
20673,3.15291,0,nan,nan,nan
20674,3.15291,0,nan,nan,nan
20675,3.15291,0,nan,nan,nan
20676,3.15291,0,nan,nan,nan
20677,3.15291,0,nan,nan,nan
20678,3.15291,0,nan,nan,nan
20679,3.15291,0,nan,nan,nan
20680,3.15291,0,nan,nan,nan
20681,3.15291,0,nan,nan,nan
20682,3.15291,0,nan,nan,nan
20683,3.15291,0,nan,nan,nan
20684,3.15291,0,nan,nan,nan
20685,3.15291,0,nan,nan,nan
20686,3.15291,0,nan,nan,nan
20687,3.15291,0,nan,nan,nan
20688,3.15291,0,nan,nan,nan
20689,3.15291,0,nan,nan,nan
20690,3.15291,0,nan,nan,nan
20691,3.15291,0,nan,nan,nan
20692,3.15291,0,nan,nan,nan
20693,3.15291,0,nan,nan,nan
20694,3.15291,0,nan,nan,nan
20695,3.15291,0,nan,nan,nan
20696,3.15291,0,nan,nan,nan
20697,3.15291,0,nan,nan,nan
20698,3.15291,0,nan,nan,nan
20699,3.15291,0,nan,nan,nan
20700,3.15291,0,nan,nan,nan
20701,3.15291,0,nan,nan,nan
20702,3.15291,0,nan,nan,nan
20703,3.15291,0,nan,nan,nan
20704,3.15291,0,nan,nan,nan
20705,3.15291,0,nan,nan,nan
20706,3.15291,0,nan,nan,nan
20707,3.15291,0,nan,nan,nan
20708,3.15291,0,nan,nan,nan
20709,3.15291,0,nan,nan,nan
20710,3.15291,0,nan,nan,nan
20711,3.15291,0,nan,nan,nan
20712,3.15291,0,nan,nan,nan
20713,3.15291,0,nan,nan,nan
20714,3.15291,0,nan,nan,nan
20715,3.15291,0,nan,nan,nan
20716,3.15291,0,nan,nan,nan
20717,3.15291,0,nan,nan,nan
20718,3.15291,0,nan,nan,nan
20719,3.15291,0,nan,nan,nan
20720,3.15291,0,nan,nan,nan
20721,3.15291,0,nan,nan,nan
20722,3.15291,0,nan,nan,nan
20723,3.15291,0,nan,nan,nan
20724,3.15291,0,nan,nan,nan
20725,3.15291,0,nan,nan,nan
20726,3.15291,0,nan,nan,nan
20727,3.15291,0,nan,nan,nan
20728,3.15291,0,nan,nan,nan
20729,3.15291,0,nan,nan,nan
20730,3.15291,0,nan,nan,nan
20731,3.15291,0,nan,nan,nan
20732,3.15291,0,nan,nan,nan
20733,3.15291,0,nan,nan,nan
20734,3.15291,0,nan,nan,nan
20735,3.15291,0,nan,nan,nan
20736,3.15291,0,nan,nan,nan
20737,3.15291,0,nan,nan,nan
20738,3.15291,0,nan,nan,nan
20739,3.15291,0,nan,nan,nan
20740,3.15291,0,nan,nan,nan
20741,3.15291,0,nan,nan,nan
20742,3.15291,0,nan,nan,nan
20743,3.15291,0,nan,nan,nan
20744,3.15291,0,nan,nan,nan
20745,3.15291,0,nan,nan,nan
20746,3.15291,0,nan,nan,nan
20747,3.15291,0,nan,nan,nan
20748,3.15291,0,nan,nan,nan
20749,3.15291,0,nan,nan,nan
20750,3.15291,0,nan,nan,nan
20751,3.15291,0,nan,nan,nan
20752,3.15291,0,nan,nan,nan
20753,3.15291,0,nan,nan,nan
20754,3.15291,0,nan,nan,nan
20755,3.15291,0,nan,nan,nan
20756,3.15291,0,nan,nan,nan
20757,3.15291,0,nan,nan,nan
20758,3.15291,0,nan,nan,nan
20759,3.15291,0,nan,nan,nan
20760,3.15291,0,nan,nan,nan
20761,3.15291,0,nan,nan,nan
20762,3.15291,0,nan,nan,nan
20763,3.15291,0,nan,nan,nan
20764,3.15291,0,nan,nan,nan
20765,3.15291,0,nan,nan,nan
20766,3.15291,0,nan,nan,nan
20767,3.15291,0,nan,nan,nan
20768,3.15291,0,nan,nan,nan
20769,3.15291,0,nan,nan,nan
20770,3.15291,0,nan,nan,nan
20771,3.15291,0,nan,nan,nan
20772,3.15291,0,nan,nan,nan
20773,3.15291,0,nan,nan,nan
20774,3.15291,0,nan,nan,nan
20775,3.15291,0,nan,nan,nan
20776,3.15291,0,nan,nan,nan
20777,3.15291,0,nan,nan,nan
20778,3.15291,0,nan,nan,nan
20779,3.15291,0,nan,nan,nan
20780,3.15291,0,nan,nan,nan
20781,3.15291,0,nan,nan,nan
20782,3.15291,0,nan,nan,nan
20783,3.15291,0,nan,nan,nan
20784,3.15291,0,nan,nan,nan
20785,3.15291,0,nan,nan,nan
20786,3.15291,0,nan,nan,nan
20787,3.15291,0,nan,nan,nan
20788,3.15291,0,nan,nan,nan
20789,3.15291,0,nan,nan,nan
20790,3.15291,0,nan,nan,nan
20791,3.15291,0,nan,nan,nan
20792,3.15291,0,nan,nan,nan
20793,3.15291,0,nan,nan,nan
20794,3.15291,0,nan,nan,nan
20795,3.15291,0,nan,nan,nan
20796,3.15291,0,nan,nan,nan
20797,3.15291,0,nan,nan,nan
20798,3.15291,0,nan,nan,nan
20799,3.15291,0,nan,nan,nan
20800,3.15291,0,nan,nan,nan
20801,3.15291,0,nan,nan,nan
20802,3.15291,0,nan,nan,nan
20803,3.15291,0,nan,nan,nan
20804,3.15291,0,nan,nan,nan
20805,3.15291,0,nan,nan,nan
20806,3.15291,0,nan,nan,nan
20807,3.15291,0,nan,nan,nan
20808,3.15291,0,nan,nan,nan
20809,3.15291,0,nan,nan,nan
20810,3.15291,0,nan,nan,nan
20811,3.15291,0,nan,nan,nan
20812,3.15291,0,nan,nan,nan
20813,3.15291,0,nan,nan,nan
20814,3.15291,0,nan,nan,nan
20815,3.15291,0,nan,nan,nan
20816,3.15291,0,nan,nan,nan
20817,3.15291,0,nan,nan,nan
20818,3.15291,0,nan,nan,nan
20819,3.15291,0,nan,nan,nan
20820,3.15291,0,nan,nan,nan
20821,3.15291,0,nan,nan,nan
20822,3.15291,0,nan,nan,nan
20823,3.15291,0,nan,nan,nan
20824,3.15291,0,nan,nan,nan
20825,3.15291,0,nan,nan,nan
20826,3.15291,0,nan,nan,nan
20827,3.15291,0,nan,nan,nan
20828,3.15291,0,nan,nan,nan
20829,3.15291,0,nan,nan,nan
20830,3.15291,0,nan,nan,nan
20831,3.15291,0,nan,nan,nan
20832,3.15291,0,nan,nan,nan
20833,3.15291,0,nan,nan,nan
20834,3.15291,0,nan,nan,nan
20835,3.15291,0,nan,nan,nan
20836,3.15291,0,nan,nan,nan
20837,3.15291,0,nan,nan,nan
20838,3.15291,0,nan,nan,nan
20839,3.15291,0,nan,nan,nan
20840,3.15291,0,nan,nan,nan
20841,3.15291,0,nan,nan,nan
20842,3.15291,0,nan,nan,nan
20843,3.15291,0,nan,nan,nan
20844,3.15291,0,nan,nan,nan
20845,3.15291,0,nan,nan,nan
20846,3.15291,0,nan,nan,nan
20847,3.15291,0,nan,nan,nan
20848,3.15291,0,nan,nan,nan
20849,3.15291,0,nan,nan,nan
20850,3.15291,0,nan,nan,nan
20851,3.15291,0,nan,nan,nan
20852,3.15291,0,nan,nan,nan
20853,3.15291,0,nan,nan,nan
20854,3.15291,0,nan,nan,nan
20855,3.15291,0,nan,nan,nan
20856,3.15291,0,nan,nan,nan
20857,3.15291,0,nan,nan,nan
20858,3.15291,0,nan,nan,nan
20859,3.15291,0,nan,nan,nan
20860,3.15291,0,nan,nan,nan
20861,3.15291,0,nan,nan,nan
20862,3.15291,0,nan,nan,nan
20863,3.15291,0,nan,nan,nan
20864,3.15291,0,nan,nan,nan
20865,3.15291,0,nan,nan,nan
20866,3.15291,0,nan,nan,nan
20867,3.15291,0,nan,nan,nan
20868,3.15291,0,nan,nan,nan
20869,3.15291,0,nan,nan,nan
20870,3.15291,0,nan,nan,nan
20871,3.15291,0,nan,nan,nan
20872,3.15291,0,nan,nan,nan
20873,3.15291,0,nan,nan,nan
20874,3.15291,0,nan,nan,nan
20875,3.15291,0,nan,nan,nan
20876,3.15291,0,nan,nan,nan
20877,3.15291,0,nan,nan,nan
20878,3.15291,0,nan,nan,nan
20879,3.15291,0,nan,nan,nan
20880,3.15291,0,nan,nan,nan
20881,3.15291,0,nan,nan,nan
20882,3.15291,0,nan,nan,nan
20883,3.15291,0,nan,nan,nan
20884,3.15291,0,nan,nan,nan
20885,3.15291,0,nan,nan,nan
20886,3.15291,0,nan,nan,nan
20887,3.15291,0,nan,nan,nan
20888,3.15291,0,nan,nan,nan
20889,3.15291,0,nan,nan,nan
20890,3.15291,0,nan,nan,nan
20891,3.15291,0,nan,nan,nan
20892,3.15291,0,nan,nan,nan
20893,3.15291,0,nan,nan,nan
20894,3.15291,0,nan,nan,nan
20895,3.15291,0,nan,nan,nan
20896,3.15291,0,nan,nan,nan
20897,3.15291,0,nan,nan,nan
20898,3.15291,0,nan,nan,nan
20899,3.15291,0,nan,nan,nan
20900,3.15291,0,nan,nan,nan
20901,3.15291,0,nan,nan,nan
20902,3.15291,0,nan,nan,nan
20903,3.15291,0,nan,nan,nan
20904,3.15291,0,nan,nan,nan
20905,3.15291,0,nan,nan,nan
20906,3.15291,0,nan,nan,nan
20907,3.15291,0,nan,nan,nan
20908,3.15291,0,nan,nan,nan
20909,3.15291,0,nan,nan,nan
20910,3.15291,0,nan,nan,nan
20911,3.15291,0,nan,nan,nan
20912,3.15291,0,nan,nan,nan
20913,3.15291,0,nan,nan,nan
20914,3.15291,0,nan,nan,nan
20915,3.15291,0,nan,nan,nan
20916,3.15291,0,nan,nan,nan
20917,3.15291,0,nan,nan,nan
20918,3.15291,0,nan,nan,nan
20919,3.15291,0,nan,nan,nan
20920,3.15291,0,nan,nan,nan
20921,3.15291,0,nan,nan,nan
20922,3.15291,0,nan,nan,nan
20923,3.15291,0,nan,nan,nan
20924,3.15291,0,nan,nan,nan
20925,3.15291,0,nan,nan,nan
20926,3.15291,0,nan,nan,nan
20927,3.15291,0,nan,nan,nan
20928,3.15291,0,nan,nan,nan
20929,3.15291,0,nan,nan,nan
20930,3.15291,0,nan,nan,nan
20931,3.15291,0,nan,nan,nan
20932,3.15291,0,nan,nan,nan
20933,3.15291,0,nan,nan,nan
20934,3.15291,0,nan,nan,nan
20935,3.15291,0,nan,nan,nan
20936,3.15291,0,nan,nan,nan
20937,3.15291,0,nan,nan,nan
20938,3.15291,0,nan,nan,nan
20939,3.15291,0,nan,nan,nan
20940,3.15291,0,nan,nan,nan
20941,3.15291,0,nan,nan,nan
20942,3.15291,0,nan,nan,nan
20943,3.15291,0,nan,nan,nan
20944,3.15291,0,nan,nan,nan
20945,3.15291,0,nan,nan,nan
20946,3.15291,0,nan,nan,nan
20947,3.15291,0,nan,nan,nan
20948,3.15291,0,nan,nan,nan
20949,3.15291,0,nan,nan,nan
20950,3.15291,0,nan,nan,nan
20951,3.15291,0,nan,nan,nan
20952,3.15291,0,nan,nan,nan
20953,3.15291,0,nan,nan,nan
20954,3.15291,0,nan,nan,nan
20955,3.15291,0,nan,nan,nan
20956,3.15291,0,nan,nan,nan
20957,3.15291,0,nan,nan,nan
20958,3.15291,0,nan,nan,nan
20959,3.15291,0,nan,nan,nan
20960,3.15291,0,nan,nan,nan
20961,3.15291,0,nan,nan,nan
20962,3.15291,0,nan,nan,nan
20963,3.15291,0,nan,nan,nan
20964,3.15291,0,nan,nan,nan
20965,3.15291,0,nan,nan,nan
20966,3.15291,0,nan,nan,nan
20967,3.15291,0,nan,nan,nan
20968,3.15291,0,nan,nan,nan
20969,3.15291,0,nan,nan,nan
20970,3.15291,0,nan,nan,nan
20971,3.15291,0,nan,nan,nan
20972,3.15291,0,nan,nan,nan
20973,3.15291,0,nan,nan,nan
20974,3.15291,0,nan,nan,nan
20975,3.15291,0,nan,nan,nan
20976,3.15291,0,nan,nan,nan
20977,3.15291,0,nan,nan,nan
20978,3.15291,0,nan,nan,nan
20979,3.15291,0,nan,nan,nan
20980,3.15291,0,nan,nan,nan
20981,3.15291,0,nan,nan,nan
20982,3.15291,0,nan,nan,nan
20983,3.15291,0,nan,nan,nan
20984,3.15291,0,nan,nan,nan
20985,3.15291,0,nan,nan,nan
20986,3.15291,0,nan,nan,nan
20987,3.15291,0,nan,nan,nan
20988,3.15291,0,nan,nan,nan
20989,3.15291,0,nan,nan,nan
20990,3.15291,0,nan,nan,nan
20991,3.15291,0,nan,nan,nan
20992,3.15291,0,nan,nan,nan
20993,3.15291,0,nan,nan,nan
20994,3.15291,0,nan,nan,nan
20995,3.15291,0,nan,nan,nan
20996,3.15291,0,nan,nan,nan
20997,3.15291,0,nan,nan,nan
20998,3.15291,0,nan,nan,nan
20999,3.15291,0,nan,nan,nan
21000,3.15291,0,nan,nan,nan
21001,3.15291,0,nan,nan,nan
21002,3.15291,0,nan,nan,nan
21003,3.15291,0,nan,nan,nan
21004,3.15291,0,nan,nan,nan
21005,3.15291,0,nan,nan,nan
21006,3.15291,0,nan,nan,nan
21007,3.15291,0,nan,nan,nan
21008,3.15291,0,nan,nan,nan
21009,3.15291,0,nan,nan,nan
21010,3.15291,0,nan,nan,nan
21011,3.15291,0,nan,nan,nan
21012,3.15291,0,nan,nan,nan
21013,3.15291,0,nan,nan,nan
21014,3.15291,0,nan,nan,nan
21015,3.15291,0,nan,nan,nan
21016,3.15291,0,nan,nan,nan
21017,3.15291,0,nan,nan,nan
21018,3.15291,0,nan,nan,nan
21019,3.15291,0,nan,nan,nan
21020,3.15291,0,nan,nan,nan
21021,3.15291,0,nan,nan,nan
21022,3.15291,0,nan,nan,nan
21023,3.15291,0,nan,nan,nan
21024,3.15291,0,nan,nan,nan
21025,3.15291,0,nan,nan,nan
21026,3.15291,0,nan,nan,nan
21027,3.15291,0,nan,nan,nan
21028,3.15291,0,nan,nan,nan
21029,3.15291,0,nan,nan,nan
21030,3.15291,0,nan,nan,nan
21031,3.15291,0,nan,nan,nan
21032,3.15291,0,nan,nan,nan
21033,3.15291,0,nan,nan,nan
21034,3.15291,0,nan,nan,nan
21035,3.15291,0,nan,nan,nan
21036,3.15291,0,nan,nan,nan
21037,3.15291,0,nan,nan,nan
21038,3.15291,0,nan,nan,nan
21039,3.15291,0,nan,nan,nan
21040,3.15291,0,nan,nan,nan
21041,3.15291,0,nan,nan,nan
21042,3.15291,0,nan,nan,nan
21043,3.15291,0,nan,nan,nan
21044,3.15291,0,nan,nan,nan
21045,3.15291,0,nan,nan,nan
21046,3.15291,0,nan,nan,nan
21047,3.15291,0,nan,nan,nan
21048,3.15291,0,nan,nan,nan
21049,3.15291,0,nan,nan,nan
21050,3.15291,0,nan,nan,nan
21051,3.15291,0,nan,nan,nan
21052,3.15291,0,nan,nan,nan
21053,3.15291,0,nan,nan,nan
21054,3.15291,0,nan,nan,nan
21055,3.15291,0,nan,nan,nan
21056,3.15291,0,nan,nan,nan
21057,3.15291,0,nan,nan,nan
21058,3.15291,0,nan,nan,nan
21059,3.15291,0,nan,nan,nan
21060,3.15291,0,nan,nan,nan
21061,3.15291,0,nan,nan,nan
21062,3.15291,0,nan,nan,nan
21063,3.15291,0,nan,nan,nan
21064,3.15291,0,nan,nan,nan
21065,3.15291,0,nan,nan,nan
21066,3.15291,0,nan,nan,nan
21067,3.15291,0,nan,nan,nan
21068,3.15291,0,nan,nan,nan
21069,3.15291,0,nan,nan,nan
21070,3.15291,0,nan,nan,nan
21071,3.15291,0,nan,nan,nan
21072,3.15291,0,nan,nan,nan
21073,3.15291,0,nan,nan,nan
21074,3.15291,0,nan,nan,nan
21075,3.15291,0,nan,nan,nan
21076,3.15291,0,nan,nan,nan
21077,3.15291,0,nan,nan,nan
21078,3.15291,0,nan,nan,nan
21079,3.15291,0,nan,nan,nan
21080,3.15291,0,nan,nan,nan
21081,3.15291,0,nan,nan,nan
21082,3.15291,0,nan,nan,nan
21083,3.15291,0,nan,nan,nan
21084,3.15291,0,nan,nan,nan
21085,3.15291,0,nan,nan,nan
21086,3.15291,0,nan,nan,nan
21087,3.15291,0,nan,nan,nan
21088,3.15291,0,nan,nan,nan
21089,3.15291,0,nan,nan,nan
21090,3.15291,0,nan,nan,nan
21091,3.15291,0,nan,nan,nan
21092,3.15291,0,nan,nan,nan
21093,3.15291,0,nan,nan,nan
21094,3.15291,0,nan,nan,nan
21095,3.15291,0,nan,nan,nan
21096,3.15291,0,nan,nan,nan
21097,3.15291,0,nan,nan,nan
21098,3.15291,0,nan,nan,nan
21099,3.15291,0,nan,nan,nan
21100,3.15291,0,nan,nan,nan
21101,3.15291,0,nan,nan,nan
21102,3.15291,0,nan,nan,nan
21103,3.15291,0,nan,nan,nan
21104,3.15291,0,nan,nan,nan
21105,3.15291,0,nan,nan,nan
21106,3.15291,0,nan,nan,nan
21107,3.15291,0,nan,nan,nan
21108,3.15291,0,nan,nan,nan
21109,3.15291,0,nan,nan,nan
21110,3.15291,0,nan,nan,nan
21111,3.15291,0,nan,nan,nan
21112,3.15291,0,nan,nan,nan
21113,3.15291,0,nan,nan,nan
21114,3.15291,0,nan,nan,nan
21115,3.15291,0,nan,nan,nan
21116,3.15291,0,nan,nan,nan
21117,3.15291,0,nan,nan,nan
21118,3.15291,0,nan,nan,nan
21119,3.15291,0,nan,nan,nan
21120,3.15291,0,nan,nan,nan
21121,3.15291,0,nan,nan,nan
21122,3.15291,0,nan,nan,nan
21123,3.15291,0,nan,nan,nan
21124,3.15291,0,nan,nan,nan
21125,3.15291,0,nan,nan,nan
21126,3.15291,0,nan,nan,nan
21127,3.15291,0,nan,nan,nan
21128,3.15291,0,nan,nan,nan
21129,3.15291,0,nan,nan,nan
21130,3.15291,0,nan,nan,nan
21131,3.15291,0,nan,nan,nan
21132,3.15291,0,nan,nan,nan
21133,3.15291,0,nan,nan,nan
21134,3.15291,0,nan,nan,nan
21135,3.15291,0,nan,nan,nan
21136,3.15291,0,nan,nan,nan
21137,3.15291,0,nan,nan,nan
21138,3.15291,0,nan,nan,nan
21139,3.15291,0,nan,nan,nan
21140,3.15291,0,nan,nan,nan
21141,3.15291,0,nan,nan,nan
21142,3.15291,0,nan,nan,nan
21143,3.15291,0,nan,nan,nan
21144,3.15291,0,nan,nan,nan
21145,3.15291,0,nan,nan,nan
21146,3.15291,0,nan,nan,nan
21147,3.15291,0,nan,nan,nan
21148,3.15291,0,nan,nan,nan
21149,3.15291,0,nan,nan,nan
21150,3.15291,0,nan,nan,nan
21151,3.15291,0,nan,nan,nan
21152,3.15291,0,nan,nan,nan
21153,3.15291,0,nan,nan,nan
21154,3.15291,0,nan,nan,nan
21155,3.15291,0,nan,nan,nan
21156,3.15291,0,nan,nan,nan
21157,3.15291,0,nan,nan,nan
21158,3.15291,0,nan,nan,nan
21159,3.15291,0,nan,nan,nan
21160,3.15291,0,nan,nan,nan
21161,3.15291,0,nan,nan,nan
21162,3.15291,0,nan,nan,nan
21163,3.15291,0,nan,nan,nan
21164,3.15291,0,nan,nan,nan
21165,3.15291,0,nan,nan,nan
21166,3.15291,0,nan,nan,nan
21167,3.15291,0,nan,nan,nan
21168,3.15291,0,nan,nan,nan
21169,3.15291,0,nan,nan,nan
21170,3.15291,0,nan,nan,nan
21171,3.15291,0,nan,nan,nan
21172,3.15291,0,nan,nan,nan
21173,3.15291,0,nan,nan,nan
21174,3.15291,0,nan,nan,nan
21175,3.15291,0,nan,nan,nan
21176,3.15291,0,nan,nan,nan
21177,3.15291,0,nan,nan,nan
21178,3.15291,0,nan,nan,nan
21179,3.15291,0,nan,nan,nan
21180,3.15291,0,nan,nan,nan
21181,3.15291,0,nan,nan,nan
21182,3.15291,0,nan,nan,nan
21183,3.15291,0,nan,nan,nan
21184,3.15291,0,nan,nan,nan
21185,3.15291,0,nan,nan,nan
21186,3.15291,0,nan,nan,nan
21187,3.15291,0,nan,nan,nan
21188,3.15291,0,nan,nan,nan
21189,3.15291,0,nan,nan,nan
21190,3.15291,0,nan,nan,nan
21191,3.15291,0,nan,nan,nan
21192,3.15291,0,nan,nan,nan
21193,3.15291,0,nan,nan,nan
21194,3.15291,0,nan,nan,nan
21195,3.15291,0,nan,nan,nan
21196,3.15291,0,nan,nan,nan
21197,3.15291,0,nan,nan,nan
21198,3.15291,0,nan,nan,nan
21199,3.15291,0,nan,nan,nan
21200,3.15291,0,nan,nan,nan
21201,3.15291,0,nan,nan,nan
21202,3.15291,0,nan,nan,nan
21203,3.15291,0,nan,nan,nan
21204,3.15291,0,nan,nan,nan
21205,3.15291,0,nan,nan,nan
21206,3.15291,0,nan,nan,nan
21207,3.15291,0,nan,nan,nan
21208,3.15291,0,nan,nan,nan
21209,3.15291,0,nan,nan,nan
21210,3.15291,0,nan,nan,nan
21211,3.15291,0,nan,nan,nan
21212,3.15291,0,nan,nan,nan
21213,3.15291,0,nan,nan,nan
21214,3.15291,0,nan,nan,nan
21215,3.15291,0,nan,nan,nan
21216,3.15291,0,nan,nan,nan
21217,3.15291,0,nan,nan,nan
21218,3.15291,0,nan,nan,nan
21219,3.15291,0,nan,nan,nan
21220,3.15291,0,nan,nan,nan
21221,3.15291,0,nan,nan,nan
21222,3.15291,0,nan,nan,nan
21223,3.15291,0,nan,nan,nan
21224,3.15291,0,nan,nan,nan
21225,3.15291,0,nan,nan,nan
21226,3.15291,0,nan,nan,nan
21227,3.15291,0,nan,nan,nan
21228,3.15291,0,nan,nan,nan
21229,3.15291,0,nan,nan,nan
21230,3.15291,0,nan,nan,nan
21231,3.15291,0,nan,nan,nan
21232,3.15291,0,nan,nan,nan
21233,3.15291,0,nan,nan,nan
21234,3.15291,0,nan,nan,nan
21235,3.15291,0,nan,nan,nan
21236,3.15291,0,nan,nan,nan
21237,3.15291,0,nan,nan,nan
21238,3.15291,0,nan,nan,nan
21239,3.15291,0,nan,nan,nan
21240,3.15291,0,nan,nan,nan
21241,3.15291,0,nan,nan,nan
21242,3.15291,0,nan,nan,nan
21243,3.15291,0,nan,nan,nan
21244,3.15291,0,nan,nan,nan
21245,3.15291,0,nan,nan,nan
21246,3.15291,0,nan,nan,nan
21247,3.15291,0,nan,nan,nan
21248,3.15291,0,nan,nan,nan
21249,3.15291,0,nan,nan,nan
21250,3.15291,0,nan,nan,nan
21251,3.15291,0,nan,nan,nan
21252,3.15291,0,nan,nan,nan
21253,3.15291,0,nan,nan,nan
21254,3.15291,0,nan,nan,nan
21255,3.15291,0,nan,nan,nan
21256,3.15291,0,nan,nan,nan
21257,3.15291,0,nan,nan,nan
21258,3.15291,0,nan,nan,nan
21259,3.15291,0,nan,nan,nan
21260,3.15291,0,nan,nan,nan
21261,3.15291,0,nan,nan,nan
21262,3.15291,0,nan,nan,nan
21263,3.15291,0,nan,nan,nan
21264,3.15291,0,nan,nan,nan
21265,3.15291,0,nan,nan,nan
21266,3.15291,0,nan,nan,nan
21267,3.15291,0,nan,nan,nan
21268,3.15291,0,nan,nan,nan
21269,3.15291,0,nan,nan,nan
21270,3.15291,0,nan,nan,nan
21271,3.15291,0,nan,nan,nan
21272,3.15291,0,nan,nan,nan
21273,3.15291,0,nan,nan,nan
21274,3.15291,0,nan,nan,nan
21275,3.15291,0,nan,nan,nan
21276,3.15291,0,nan,nan,nan
21277,3.15291,0,nan,nan,nan
21278,3.15291,0,nan,nan,nan
21279,3.15291,0,nan,nan,nan
21280,3.15291,0,nan,nan,nan
21281,3.15291,0,nan,nan,nan
21282,3.15291,0,nan,nan,nan
21283,3.15291,0,nan,nan,nan
21284,3.15291,0,nan,nan,nan
21285,3.15291,0,nan,nan,nan
21286,3.15291,0,nan,nan,nan
21287,3.15291,0,nan,nan,nan
21288,3.15291,0,nan,nan,nan
21289,3.15291,0,nan,nan,nan
21290,3.15291,0,nan,nan,nan
21291,3.15291,0,nan,nan,nan
21292,3.15291,0,nan,nan,nan
21293,3.15291,0,nan,nan,nan
21294,3.15291,0,nan,nan,nan
21295,3.15291,0,nan,nan,nan
21296,3.15291,0,nan,nan,nan
21297,3.15291,0,nan,nan,nan
21298,3.15291,0,nan,nan,nan
21299,3.15291,0,nan,nan,nan
21300,3.15291,0,nan,nan,nan
21301,3.15291,0,nan,nan,nan
21302,3.15291,0,nan,nan,nan
21303,3.15291,0,nan,nan,nan
21304,3.15291,0,nan,nan,nan
21305,3.15291,0,nan,nan,nan
21306,3.15291,0,nan,nan,nan
21307,3.15291,0,nan,nan,nan
21308,3.15291,0,nan,nan,nan
21309,3.15291,0,nan,nan,nan
21310,3.15291,0,nan,nan,nan
21311,3.15291,0,nan,nan,nan
21312,3.15291,0,nan,nan,nan
21313,3.15291,0,nan,nan,nan
21314,3.15291,0,nan,nan,nan
21315,3.15291,0,nan,nan,nan
21316,3.15291,0,nan,nan,nan
21317,3.15291,0,nan,nan,nan
21318,3.15291,0,nan,nan,nan
21319,3.15291,0,nan,nan,nan
21320,3.15291,0,nan,nan,nan
21321,3.15291,0,nan,nan,nan
21322,3.15291,0,nan,nan,nan
21323,3.15291,0,nan,nan,nan
21324,3.15291,0,nan,nan,nan
21325,3.15291,0,nan,nan,nan
21326,3.15291,0,nan,nan,nan
21327,3.15291,0,nan,nan,nan
21328,3.15291,0,nan,nan,nan
21329,3.15291,0,nan,nan,nan
21330,3.15291,0,nan,nan,nan
21331,3.15291,0,nan,nan,nan
21332,3.15291,0,nan,nan,nan
21333,3.15291,0,nan,nan,nan
21334,3.15291,0,nan,nan,nan
21335,3.15291,0,nan,nan,nan
21336,3.15291,0,nan,nan,nan
21337,3.15291,0,nan,nan,nan
21338,3.15291,0,nan,nan,nan
21339,3.15291,0,nan,nan,nan
21340,3.15291,0,nan,nan,nan
21341,3.15291,0,nan,nan,nan
21342,3.15291,0,nan,nan,nan
21343,3.15291,0,nan,nan,nan
21344,3.15291,0,nan,nan,nan
21345,3.15291,0,nan,nan,nan
21346,3.15291,0,nan,nan,nan
21347,3.15291,0,nan,nan,nan
21348,3.15291,0,nan,nan,nan
21349,3.15291,0,nan,nan,nan
21350,3.15291,0,nan,nan,nan
21351,3.15291,0,nan,nan,nan
21352,3.15291,0,nan,nan,nan
21353,3.15291,0,nan,nan,nan
21354,3.15291,0,nan,nan,nan
21355,3.15291,0,nan,nan,nan
21356,3.15291,0,nan,nan,nan
21357,3.15291,0,nan,nan,nan
21358,3.15291,0,nan,nan,nan
21359,3.15291,0,nan,nan,nan
21360,3.15291,0,nan,nan,nan
21361,3.15291,0,nan,nan,nan
21362,3.15291,0,nan,nan,nan
21363,3.15291,0,nan,nan,nan
21364,3.15291,0,nan,nan,nan
21365,3.15291,0,nan,nan,nan
21366,3.15291,0,nan,nan,nan
21367,3.15291,0,nan,nan,nan
21368,3.15291,0,nan,nan,nan
21369,3.15291,0,nan,nan,nan
21370,3.15291,0,nan,nan,nan
21371,3.15291,0,nan,nan,nan
21372,3.15291,0,nan,nan,nan
21373,3.15291,0,nan,nan,nan
21374,3.15291,0,nan,nan,nan
21375,3.15291,0,nan,nan,nan
21376,3.15291,0,nan,nan,nan
21377,3.15291,0,nan,nan,nan
21378,3.15291,0,nan,nan,nan
21379,3.15291,0,nan,nan,nan
21380,3.15291,0,nan,nan,nan
21381,3.15291,0,nan,nan,nan
21382,3.15291,0,nan,nan,nan
21383,3.15291,0,nan,nan,nan
21384,3.15291,0,nan,nan,nan
21385,3.15291,0,nan,nan,nan
21386,3.15291,0,nan,nan,nan
21387,3.15291,0,nan,nan,nan
21388,3.15291,0,nan,nan,nan
21389,3.15291,0,nan,nan,nan
21390,3.15291,0,nan,nan,nan
21391,3.15291,0,nan,nan,nan
21392,3.15291,0,nan,nan,nan
21393,3.15291,0,nan,nan,nan
21394,3.15291,0,nan,nan,nan
21395,3.15291,0,nan,nan,nan
21396,3.15291,0,nan,nan,nan
21397,3.15291,0,nan,nan,nan
21398,3.15291,0,nan,nan,nan
21399,3.15291,0,nan,nan,nan
21400,3.15291,0,nan,nan,nan
21401,3.15291,0,nan,nan,nan
21402,3.15291,0,nan,nan,nan
21403,3.15291,0,nan,nan,nan
21404,3.15291,0,nan,nan,nan
21405,3.15291,0,nan,nan,nan
21406,3.15291,0,nan,nan,nan
21407,3.15291,0,nan,nan,nan
21408,3.15291,0,nan,nan,nan
21409,3.15291,0,nan,nan,nan
21410,3.15291,0,nan,nan,nan
21411,3.15291,0,nan,nan,nan
21412,3.15291,0,nan,nan,nan
21413,3.15291,0,nan,nan,nan
21414,3.15291,0,nan,nan,nan
21415,3.15291,0,nan,nan,nan
21416,3.15291,0,nan,nan,nan
21417,3.15291,0,nan,nan,nan
21418,3.15291,0,nan,nan,nan
21419,3.15291,0,nan,nan,nan
21420,3.15291,0,nan,nan,nan
21421,3.15291,0,nan,nan,nan
21422,3.15291,0,nan,nan,nan
21423,3.15291,0,nan,nan,nan
21424,3.15291,0,nan,nan,nan
21425,3.15291,0,nan,nan,nan
21426,3.15291,0,nan,nan,nan
21427,3.15291,0,nan,nan,nan
21428,3.15291,0,nan,nan,nan
21429,3.15291,0,nan,nan,nan
21430,3.15291,0,nan,nan,nan
21431,3.15291,0,nan,nan,nan
21432,3.15291,0,nan,nan,nan
21433,3.15291,0,nan,nan,nan
21434,3.15291,0,nan,nan,nan
21435,3.15291,0,nan,nan,nan
21436,3.15291,0,nan,nan,nan
21437,3.15291,0,nan,nan,nan
21438,3.15291,0,nan,nan,nan
21439,3.15291,0,nan,nan,nan
21440,3.15291,0,nan,nan,nan
21441,3.15291,0,nan,nan,nan
21442,3.15291,0,nan,nan,nan
21443,3.15291,0,nan,nan,nan
21444,3.15291,0,nan,nan,nan
21445,3.15291,0,nan,nan,nan
21446,3.15291,0,nan,nan,nan
21447,3.15291,0,nan,nan,nan
21448,3.15291,0,nan,nan,nan
21449,3.15291,0,nan,nan,nan
21450,3.15291,0,nan,nan,nan
21451,3.15291,0,nan,nan,nan
21452,3.15291,0,nan,nan,nan
21453,3.15291,0,nan,nan,nan
21454,3.15291,0,nan,nan,nan
21455,3.15291,0,nan,nan,nan
21456,3.15291,0,nan,nan,nan
21457,3.15291,0,nan,nan,nan
21458,3.15291,0,nan,nan,nan
21459,3.15291,0,nan,nan,nan
21460,3.15291,0,nan,nan,nan
21461,3.15291,0,nan,nan,nan
21462,3.15291,0,nan,nan,nan
21463,3.15291,0,nan,nan,nan
21464,3.15291,0,nan,nan,nan
21465,3.15291,0,nan,nan,nan
21466,3.15291,0,nan,nan,nan
21467,3.15291,0,nan,nan,nan
21468,3.15291,0,nan,nan,nan
21469,3.15291,0,nan,nan,nan
21470,3.15291,0,nan,nan,nan
21471,3.15291,0,nan,nan,nan
21472,3.15291,0,nan,nan,nan
21473,3.15291,0,nan,nan,nan
21474,3.15291,0,nan,nan,nan
21475,3.15291,0,nan,nan,nan
21476,3.15291,0,nan,nan,nan
21477,3.15291,0,nan,nan,nan
21478,3.15291,0,nan,nan,nan
21479,3.15291,0,nan,nan,nan
21480,3.15291,0,nan,nan,nan
21481,3.15291,0,nan,nan,nan
21482,3.15291,0,nan,nan,nan
21483,3.15291,0,nan,nan,nan
21484,3.15291,0,nan,nan,nan
21485,3.15291,0,nan,nan,nan
21486,3.15291,0,nan,nan,nan
21487,3.15291,0,nan,nan,nan
21488,3.15291,0,nan,nan,nan
21489,3.15291,0,nan,nan,nan
21490,3.15291,0,nan,nan,nan
21491,3.15291,0,nan,nan,nan
21492,3.15291,0,nan,nan,nan
21493,3.15291,0,nan,nan,nan
21494,3.15291,0,nan,nan,nan
21495,3.15291,0,nan,nan,nan
21496,3.15291,0,nan,nan,nan
21497,3.15291,0,nan,nan,nan
21498,3.15291,0,nan,nan,nan
21499,3.15291,0,nan,nan,nan
21500,3.15291,0,nan,nan,nan
21501,3.15291,0,nan,nan,nan
21502,3.15291,0,nan,nan,nan
21503,3.15291,0,nan,nan,nan
21504,3.15291,0,nan,nan,nan
21505,3.15291,0,nan,nan,nan
21506,3.15291,0,nan,nan,nan
21507,3.15291,0,nan,nan,nan
21508,3.15291,0,nan,nan,nan
21509,3.15291,0,nan,nan,nan
21510,3.15291,0,nan,nan,nan
21511,3.15291,0,nan,nan,nan
21512,3.15291,0,nan,nan,nan
21513,3.15291,0,nan,nan,nan
21514,3.15291,0,nan,nan,nan
21515,3.15291,0,nan,nan,nan
21516,3.15291,0,nan,nan,nan
21517,3.15291,0,nan,nan,nan
21518,3.15291,0,nan,nan,nan
21519,3.15291,0,nan,nan,nan
21520,3.15291,0,nan,nan,nan
21521,3.15291,0,nan,nan,nan
21522,3.15291,0,nan,nan,nan
21523,3.15291,0,nan,nan,nan
21524,3.15291,0,nan,nan,nan
21525,3.15291,0,nan,nan,nan
21526,3.15291,0,nan,nan,nan
21527,3.15291,0,nan,nan,nan
21528,3.15291,0,nan,nan,nan
21529,3.15291,0,nan,nan,nan
21530,3.15291,0,nan,nan,nan
21531,3.15291,0,nan,nan,nan
21532,3.15291,0,nan,nan,nan
21533,3.15291,0,nan,nan,nan
21534,3.15291,0,nan,nan,nan
21535,3.15291,0,nan,nan,nan
21536,3.15291,0,nan,nan,nan
21537,3.15291,0,nan,nan,nan
21538,3.15291,0,nan,nan,nan
21539,3.15291,0,nan,nan,nan
21540,3.15291,0,nan,nan,nan
21541,3.15291,0,nan,nan,nan
21542,3.15291,0,nan,nan,nan
21543,3.15291,0,nan,nan,nan
21544,3.15291,0,nan,nan,nan
21545,3.15291,0,nan,nan,nan
21546,3.15291,0,nan,nan,nan
21547,3.15291,0,nan,nan,nan
21548,3.15291,0,nan,nan,nan
21549,3.15291,0,nan,nan,nan
21550,3.15291,0,nan,nan,nan
21551,3.15291,0,nan,nan,nan
21552,3.15291,0,nan,nan,nan
21553,3.15291,0,nan,nan,nan
21554,3.15291,0,nan,nan,nan
21555,3.15291,0,nan,nan,nan
21556,3.15291,0,nan,nan,nan
21557,3.15291,0,nan,nan,nan
21558,3.15291,0,nan,nan,nan
21559,3.15291,0,nan,nan,nan
21560,3.15291,0,nan,nan,nan
21561,3.15291,0,nan,nan,nan
21562,3.15291,0,nan,nan,nan
21563,3.15291,0,nan,nan,nan
21564,3.15291,0,nan,nan,nan
21565,3.15291,0,nan,nan,nan
21566,3.15291,0,nan,nan,nan
21567,3.15291,0,nan,nan,nan
21568,3.15291,0,nan,nan,nan
21569,3.15291,0,nan,nan,nan
21570,3.15291,0,nan,nan,nan
21571,3.15291,0,nan,nan,nan
21572,3.15291,0,nan,nan,nan
21573,3.15291,0,nan,nan,nan
21574,3.15291,0,nan,nan,nan
21575,3.15291,0,nan,nan,nan
21576,3.15291,0,nan,nan,nan
21577,3.15291,0,nan,nan,nan
21578,3.15291,0,nan,nan,nan
21579,3.15291,0,nan,nan,nan
21580,3.15291,0,nan,nan,nan
21581,3.15291,0,nan,nan,nan
21582,3.15291,0,nan,nan,nan
21583,3.15291,0,nan,nan,nan
21584,3.15291,0,nan,nan,nan
21585,3.15291,0,nan,nan,nan
21586,3.15291,0,nan,nan,nan
21587,3.15291,0,nan,nan,nan
21588,3.15291,0,nan,nan,nan
21589,3.15291,0,nan,nan,nan
21590,3.15291,0,nan,nan,nan
21591,3.15291,0,nan,nan,nan
21592,3.15291,0,nan,nan,nan
21593,3.15291,0,nan,nan,nan
21594,3.15291,0,nan,nan,nan
21595,3.15291,0,nan,nan,nan
21596,3.15291,0,nan,nan,nan
21597,3.15291,0,nan,nan,nan
21598,3.15291,0,nan,nan,nan
21599,3.15291,0,nan,nan,nan
21600,3.15291,0,nan,nan,nan
21601,3.15291,0,nan,nan,nan
21602,3.15291,0,nan,nan,nan
21603,3.15291,0,nan,nan,nan
21604,3.15291,0,nan,nan,nan
21605,3.15291,0,nan,nan,nan
21606,3.15291,0,nan,nan,nan
21607,3.15291,0,nan,nan,nan
21608,3.15291,0,nan,nan,nan
21609,3.15291,0,nan,nan,nan
21610,3.15291,0,nan,nan,nan
21611,3.15291,0,nan,nan,nan
21612,3.15291,0,nan,nan,nan
21613,3.15291,0,nan,nan,nan
21614,3.15291,0,nan,nan,nan
21615,3.15291,0,nan,nan,nan
21616,3.15291,0,nan,nan,nan
21617,3.15291,0,nan,nan,nan
21618,3.15291,0,nan,nan,nan
21619,3.15291,0,nan,nan,nan
21620,3.15291,0,nan,nan,nan
21621,3.15291,0,nan,nan,nan
21622,3.15291,0,nan,nan,nan
21623,3.15291,0,nan,nan,nan
21624,3.15291,0,nan,nan,nan
21625,3.15291,0,nan,nan,nan
21626,3.15291,0,nan,nan,nan
21627,3.15291,0,nan,nan,nan
21628,3.15291,0,nan,nan,nan
21629,3.15291,0,nan,nan,nan
21630,3.15291,0,nan,nan,nan
21631,3.15291,0,nan,nan,nan
21632,3.15291,0,nan,nan,nan
21633,3.15291,0,nan,nan,nan
21634,3.15291,0,nan,nan,nan
21635,3.15291,0,nan,nan,nan
21636,3.15291,0,nan,nan,nan
21637,3.15291,0,nan,nan,nan
21638,3.15291,0,nan,nan,nan
21639,3.15291,0,nan,nan,nan
21640,3.15291,0,nan,nan,nan
21641,3.15291,0,nan,nan,nan
21642,3.15291,0,nan,nan,nan
21643,3.15291,0,nan,nan,nan
21644,3.15291,0,nan,nan,nan
21645,3.15291,0,nan,nan,nan
21646,3.15291,0,nan,nan,nan
21647,3.15291,0,nan,nan,nan
21648,3.15291,0,nan,nan,nan
21649,3.15291,0,nan,nan,nan
21650,3.15291,0,nan,nan,nan
21651,3.15291,0,nan,nan,nan
21652,3.15291,0,nan,nan,nan
21653,3.15291,0,nan,nan,nan
21654,3.15291,0,nan,nan,nan
21655,3.15291,0,nan,nan,nan
21656,3.15291,0,nan,nan,nan
21657,3.15291,0,nan,nan,nan
21658,3.15291,0,nan,nan,nan
21659,3.15291,0,nan,nan,nan
21660,3.15291,0,nan,nan,nan
21661,3.15291,0,nan,nan,nan
21662,3.15291,0,nan,nan,nan
21663,3.15291,0,nan,nan,nan
21664,3.15291,0,nan,nan,nan
21665,3.15291,0,nan,nan,nan
21666,3.15291,0,nan,nan,nan
21667,3.15291,0,nan,nan,nan
21668,3.15291,0,nan,nan,nan
21669,3.15291,0,nan,nan,nan
21670,3.15291,0,nan,nan,nan
21671,3.15291,0,nan,nan,nan
21672,3.15291,0,nan,nan,nan
21673,3.15291,0,nan,nan,nan
21674,3.15291,0,nan,nan,nan
21675,3.15291,0,nan,nan,nan
21676,3.15291,0,nan,nan,nan
21677,3.15291,0,nan,nan,nan
21678,3.15291,0,nan,nan,nan
21679,3.15291,0,nan,nan,nan
21680,3.15291,0,nan,nan,nan
21681,3.15291,0,nan,nan,nan
21682,3.15291,0,nan,nan,nan
21683,3.15291,0,nan,nan,nan
21684,3.15291,0,nan,nan,nan
21685,3.15291,0,nan,nan,nan
21686,3.15291,0,nan,nan,nan
21687,3.15291,0,nan,nan,nan
21688,3.15291,0,nan,nan,nan
21689,3.15291,0,nan,nan,nan
21690,3.15291,0,nan,nan,nan
21691,3.15291,0,nan,nan,nan
21692,3.15291,0,nan,nan,nan
21693,3.15291,0,nan,nan,nan
21694,3.15291,0,nan,nan,nan
21695,3.15291,0,nan,nan,nan
21696,3.15291,0,nan,nan,nan
21697,3.15291,0,nan,nan,nan
21698,3.15291,0,nan,nan,nan
21699,3.15291,0,nan,nan,nan
21700,3.15291,0,nan,nan,nan
21701,3.15291,0,nan,nan,nan
21702,3.15291,0,nan,nan,nan
21703,3.15291,0,nan,nan,nan
21704,3.15291,0,nan,nan,nan
21705,3.15291,0,nan,nan,nan
21706,3.15291,0,nan,nan,nan
21707,3.15291,0,nan,nan,nan
21708,3.15291,0,nan,nan,nan
21709,3.15291,0,nan,nan,nan
21710,3.15291,0,nan,nan,nan
21711,3.15291,0,nan,nan,nan
21712,3.15291,0,nan,nan,nan
21713,3.15291,0,nan,nan,nan
21714,3.15291,0,nan,nan,nan
21715,3.15291,0,nan,nan,nan
21716,3.15291,0,nan,nan,nan
21717,3.15291,0,nan,nan,nan
21718,3.15291,0,nan,nan,nan
21719,3.15291,0,nan,nan,nan
21720,3.15291,0,nan,nan,nan
21721,3.15291,0,nan,nan,nan
21722,3.15291,0,nan,nan,nan
21723,3.15291,0,nan,nan,nan
21724,3.15291,0,nan,nan,nan
21725,3.15291,0,nan,nan,nan
21726,3.15291,0,nan,nan,nan
21727,3.15291,0,nan,nan,nan
21728,3.15291,0,nan,nan,nan
21729,3.15291,0,nan,nan,nan
21730,3.15291,0,nan,nan,nan
21731,3.15291,0,nan,nan,nan
21732,3.15291,0,nan,nan,nan
21733,3.15291,0,nan,nan,nan
21734,3.15291,0,nan,nan,nan
21735,3.15291,0,nan,nan,nan
21736,3.15291,0,nan,nan,nan
21737,3.15291,0,nan,nan,nan
21738,3.15291,0,nan,nan,nan
21739,3.15291,0,nan,nan,nan
21740,3.15291,0,nan,nan,nan
21741,3.15291,0,nan,nan,nan
21742,3.15291,0,nan,nan,nan
21743,3.15291,0,nan,nan,nan
21744,3.15291,0,nan,nan,nan
21745,3.15291,0,nan,nan,nan
21746,3.15291,0,nan,nan,nan
21747,3.15291,0,nan,nan,nan
21748,3.15291,0,nan,nan,nan
21749,3.15291,0,nan,nan,nan
21750,3.15291,0,nan,nan,nan
21751,3.15291,0,nan,nan,nan
21752,3.15291,0,nan,nan,nan
21753,3.15291,0,nan,nan,nan
21754,3.15291,0,nan,nan,nan
21755,3.15291,0,nan,nan,nan
21756,3.15291,0,nan,nan,nan
21757,3.15291,0,nan,nan,nan
21758,3.15291,0,nan,nan,nan
21759,3.15291,0,nan,nan,nan
21760,3.15291,0,nan,nan,nan
21761,3.15291,0,nan,nan,nan
21762,3.15291,0,nan,nan,nan
21763,3.15291,0,nan,nan,nan
21764,3.15291,0,nan,nan,nan
21765,3.15291,0,nan,nan,nan
21766,3.15291,0,nan,nan,nan
21767,3.15291,0,nan,nan,nan
21768,3.15291,0,nan,nan,nan
21769,3.15291,0,nan,nan,nan
21770,3.15291,0,nan,nan,nan
21771,3.15291,0,nan,nan,nan
21772,3.15291,0,nan,nan,nan
21773,3.15291,0,nan,nan,nan
21774,3.15291,0,nan,nan,nan
21775,3.15291,0,nan,nan,nan
21776,3.15291,0,nan,nan,nan
21777,3.15291,0,nan,nan,nan
21778,3.15291,0,nan,nan,nan
21779,3.15291,0,nan,nan,nan
21780,3.15291,0,nan,nan,nan
21781,3.15291,0,nan,nan,nan
21782,3.15291,0,nan,nan,nan
21783,3.15291,0,nan,nan,nan
21784,3.15291,0,nan,nan,nan
21785,3.15291,0,nan,nan,nan
21786,3.15291,0,nan,nan,nan
21787,3.15291,0,nan,nan,nan
21788,3.15291,0,nan,nan,nan
21789,3.15291,0,nan,nan,nan
21790,3.15291,0,nan,nan,nan
21791,3.15291,0,nan,nan,nan
21792,3.15291,0,nan,nan,nan
21793,3.15291,0,nan,nan,nan
21794,3.15291,0,nan,nan,nan
21795,3.15291,0,nan,nan,nan
21796,3.15291,0,nan,nan,nan
21797,3.15291,0,nan,nan,nan
21798,3.15291,0,nan,nan,nan
21799,3.15291,0,nan,nan,nan
21800,3.15291,0,nan,nan,nan
21801,3.15291,0,nan,nan,nan
21802,3.15291,0,nan,nan,nan
21803,3.15291,0,nan,nan,nan
21804,3.15291,0,nan,nan,nan
21805,3.15291,0,nan,nan,nan
21806,3.15291,0,nan,nan,nan
21807,3.15291,0,nan,nan,nan
21808,3.15291,0,nan,nan,nan
21809,3.15291,0,nan,nan,nan
21810,3.15291,0,nan,nan,nan
21811,3.15291,0,nan,nan,nan
21812,3.15291,0,nan,nan,nan
21813,3.15291,0,nan,nan,nan
21814,3.15291,0,nan,nan,nan
21815,3.15291,0,nan,nan,nan
21816,3.15291,0,nan,nan,nan
21817,3.15291,0,nan,nan,nan
21818,3.15291,0,nan,nan,nan
21819,3.15291,0,nan,nan,nan
21820,3.15291,0,nan,nan,nan
21821,3.15291,0,nan,nan,nan
21822,3.15291,0,nan,nan,nan
21823,3.15291,0,nan,nan,nan
21824,3.15291,0,nan,nan,nan
21825,3.15291,0,nan,nan,nan
21826,3.15291,0,nan,nan,nan
21827,3.15291,0,nan,nan,nan
21828,3.15291,0,nan,nan,nan
21829,3.15291,0,nan,nan,nan
21830,3.15291,0,nan,nan,nan
21831,3.15291,0,nan,nan,nan
21832,3.15291,0,nan,nan,nan
21833,3.15291,0,nan,nan,nan
21834,3.15291,0,nan,nan,nan
21835,3.15291,0,nan,nan,nan
21836,3.15291,0,nan,nan,nan
21837,3.15291,0,nan,nan,nan
21838,3.15291,0,nan,nan,nan
21839,3.15291,0,nan,nan,nan
21840,3.15291,0,nan,nan,nan
21841,3.15291,0,nan,nan,nan
21842,3.15291,0,nan,nan,nan
21843,3.15291,0,nan,nan,nan
21844,3.15291,0,nan,nan,nan
21845,3.15291,0,nan,nan,nan
21846,3.15291,0,nan,nan,nan
21847,3.15291,0,nan,nan,nan
21848,3.15291,0,nan,nan,nan
21849,3.15291,0,nan,nan,nan
21850,3.15291,0,nan,nan,nan
21851,3.15291,0,nan,nan,nan
21852,3.15291,0,nan,nan,nan
21853,3.15291,0,nan,nan,nan
21854,3.15291,0,nan,nan,nan
21855,3.15291,0,nan,nan,nan
21856,3.15291,0,nan,nan,nan
21857,3.15291,0,nan,nan,nan
21858,3.15291,0,nan,nan,nan
21859,3.15291,0,nan,nan,nan
21860,3.15291,0,nan,nan,nan
21861,3.15291,0,nan,nan,nan
21862,3.15291,0,nan,nan,nan
21863,3.15291,0,nan,nan,nan
21864,3.15291,0,nan,nan,nan
21865,3.15291,0,nan,nan,nan
21866,3.15291,0,nan,nan,nan
21867,3.15291,0,nan,nan,nan
21868,3.15291,0,nan,nan,nan
21869,3.15291,0,nan,nan,nan
21870,3.15291,0,nan,nan,nan
21871,3.15291,0,nan,nan,nan
21872,3.15291,0,nan,nan,nan
21873,3.15291,0,nan,nan,nan
21874,3.15291,0,nan,nan,nan
21875,3.15291,0,nan,nan,nan
21876,3.15291,0,nan,nan,nan
21877,3.15291,0,nan,nan,nan
21878,3.15291,0,nan,nan,nan
21879,3.15291,0,nan,nan,nan
21880,3.15291,0,nan,nan,nan
21881,3.15291,0,nan,nan,nan
21882,3.15291,0,nan,nan,nan
21883,3.15291,0,nan,nan,nan
21884,3.15291,0,nan,nan,nan
21885,3.15291,0,nan,nan,nan
21886,3.15291,0,nan,nan,nan
21887,3.15291,0,nan,nan,nan
21888,3.15291,0,nan,nan,nan
21889,3.15291,0,nan,nan,nan
21890,3.15291,0,nan,nan,nan
21891,3.15291,0,nan,nan,nan
21892,3.15291,0,nan,nan,nan
21893,3.15291,0,nan,nan,nan
21894,3.15291,0,nan,nan,nan
21895,3.15291,0,nan,nan,nan
21896,3.15291,0,nan,nan,nan
21897,3.15291,0,nan,nan,nan
21898,3.15291,0,nan,nan,nan
21899,3.15291,0,nan,nan,nan
21900,3.15291,0,nan,nan,nan
21901,3.15291,0,nan,nan,nan
21902,3.15291,0,nan,nan,nan
21903,3.15291,0,nan,nan,nan
21904,3.15291,0,nan,nan,nan
21905,3.15291,0,nan,nan,nan
21906,3.15291,0,nan,nan,nan
21907,3.15291,0,nan,nan,nan
21908,3.15291,0,nan,nan,nan
21909,3.15291,0,nan,nan,nan
21910,3.15291,0,nan,nan,nan
21911,3.15291,0,nan,nan,nan
21912,3.15291,0,nan,nan,nan
21913,3.15291,0,nan,nan,nan
21914,3.15291,0,nan,nan,nan
21915,3.15291,0,nan,nan,nan
21916,3.15291,0,nan,nan,nan
21917,3.15291,0,nan,nan,nan
21918,3.15291,0,nan,nan,nan
21919,3.15291,0,nan,nan,nan
21920,3.15291,0,nan,nan,nan
21921,3.15291,0,nan,nan,nan
21922,3.15291,0,nan,nan,nan
21923,3.15291,0,nan,nan,nan
21924,3.15291,0,nan,nan,nan
21925,3.15291,0,nan,nan,nan
21926,3.15291,0,nan,nan,nan
21927,3.15291,0,nan,nan,nan
21928,3.15291,0,nan,nan,nan
21929,3.15291,0,nan,nan,nan
21930,3.15291,0,nan,nan,nan
21931,3.15291,0,nan,nan,nan
21932,3.15291,0,nan,nan,nan
21933,3.15291,0,nan,nan,nan
21934,3.15291,0,nan,nan,nan
21935,3.15291,0,nan,nan,nan
21936,3.15291,0,nan,nan,nan
21937,3.15291,0,nan,nan,nan
21938,3.15291,0,nan,nan,nan
21939,3.15291,0,nan,nan,nan
21940,3.15291,0,nan,nan,nan
21941,3.15291,0,nan,nan,nan
21942,3.15291,0,nan,nan,nan
21943,3.15291,0,nan,nan,nan
21944,3.15291,0,nan,nan,nan
21945,3.15291,0,nan,nan,nan
21946,3.15291,0,nan,nan,nan
21947,3.15291,0,nan,nan,nan
21948,3.15291,0,nan,nan,nan
21949,3.15291,0,nan,nan,nan
21950,3.15291,0,nan,nan,nan
21951,3.15291,0,nan,nan,nan
21952,3.15291,0,nan,nan,nan
21953,3.15291,0,nan,nan,nan
21954,3.15291,0,nan,nan,nan
21955,3.15291,0,nan,nan,nan
21956,3.15291,0,nan,nan,nan
21957,3.15291,0,nan,nan,nan
21958,3.15291,0,nan,nan,nan
21959,3.15291,0,nan,nan,nan
21960,3.15291,0,nan,nan,nan
21961,3.15291,0,nan,nan,nan
21962,3.15291,0,nan,nan,nan
21963,3.15291,0,nan,nan,nan
21964,3.15291,0,nan,nan,nan
21965,3.15291,0,nan,nan,nan
21966,3.15291,0,nan,nan,nan
21967,3.15291,0,nan,nan,nan
21968,3.15291,0,nan,nan,nan
21969,3.15291,0,nan,nan,nan
21970,3.15291,0,nan,nan,nan
21971,3.15291,0,nan,nan,nan
21972,3.15291,0,nan,nan,nan
21973,3.15291,0,nan,nan,nan
21974,3.15291,0,nan,nan,nan
21975,3.15291,0,nan,nan,nan
21976,3.15291,0,nan,nan,nan
21977,3.15291,0,nan,nan,nan
21978,3.15291,0,nan,nan,nan
21979,3.15291,0,nan,nan,nan
21980,3.15291,0,nan,nan,nan
21981,3.15291,0,nan,nan,nan
21982,3.15291,0,nan,nan,nan
21983,3.15291,0,nan,nan,nan
21984,3.15291,0,nan,nan,nan
21985,3.15291,0,nan,nan,nan
21986,3.15291,0,nan,nan,nan
21987,3.15291,0,nan,nan,nan
21988,3.15291,0,nan,nan,nan
21989,3.15291,0,nan,nan,nan
21990,3.15291,0,nan,nan,nan
21991,3.15291,0,nan,nan,nan
21992,3.15291,0,nan,nan,nan
21993,3.15291,0,nan,nan,nan
21994,3.15291,0,nan,nan,nan
21995,3.15291,0,nan,nan,nan
21996,3.15291,0,nan,nan,nan
21997,3.15291,0,nan,nan,nan
21998,3.15291,0,nan,nan,nan
21999,3.15291,0,nan,nan,nan
22000,3.15291,0,nan,nan,nan
22001,3.15291,0,nan,nan,nan
22002,3.15291,0,nan,nan,nan
22003,3.15291,0,nan,nan,nan
22004,3.15291,0,nan,nan,nan
22005,3.15291,0,nan,nan,nan
22006,3.15291,0,nan,nan,nan
22007,3.15291,0,nan,nan,nan
22008,3.15291,0,nan,nan,nan
22009,3.15291,0,nan,nan,nan
22010,3.15291,0,nan,nan,nan
22011,3.15291,0,nan,nan,nan
22012,3.15291,0,nan,nan,nan
22013,3.15291,0,nan,nan,nan
22014,3.15291,0,nan,nan,nan
22015,3.15291,0,nan,nan,nan
22016,3.15291,0,nan,nan,nan
22017,3.15291,0,nan,nan,nan
22018,3.15291,0,nan,nan,nan
22019,3.15291,0,nan,nan,nan
22020,3.15291,0,nan,nan,nan
22021,3.15291,0,nan,nan,nan
22022,3.15291,0,nan,nan,nan
22023,3.15291,0,nan,nan,nan
22024,3.15291,0,nan,nan,nan
22025,3.15291,0,nan,nan,nan
22026,3.15291,0,nan,nan,nan
22027,3.15291,0,nan,nan,nan
22028,3.15291,0,nan,nan,nan
22029,3.15291,0,nan,nan,nan
22030,3.15291,0,nan,nan,nan
22031,3.15291,0,nan,nan,nan
22032,3.15291,0,nan,nan,nan
22033,3.15291,0,nan,nan,nan
22034,3.15291,0,nan,nan,nan
22035,3.15291,0,nan,nan,nan
22036,3.15291,0,nan,nan,nan
22037,3.15291,0,nan,nan,nan
22038,3.15291,0,nan,nan,nan
22039,3.15291,0,nan,nan,nan
22040,3.15291,0,nan,nan,nan
22041,3.15291,0,nan,nan,nan
22042,3.15291,0,nan,nan,nan
22043,3.15291,0,nan,nan,nan
22044,3.15291,0,nan,nan,nan
22045,3.15291,0,nan,nan,nan
22046,3.15291,0,nan,nan,nan
22047,3.15291,0,nan,nan,nan
22048,3.15291,0,nan,nan,nan
22049,3.15291,0,nan,nan,nan
22050,3.15291,0,nan,nan,nan
22051,3.15291,0,nan,nan,nan
22052,3.15291,0,nan,nan,nan
22053,3.15291,0,nan,nan,nan
22054,3.15291,0,nan,nan,nan
22055,3.15291,0,nan,nan,nan
22056,3.15291,0,nan,nan,nan
22057,3.15291,0,nan,nan,nan
22058,3.15291,0,nan,nan,nan
22059,3.15291,0,nan,nan,nan
22060,3.15291,0,nan,nan,nan
22061,3.15291,0,nan,nan,nan
22062,3.15291,0,nan,nan,nan
22063,3.15291,0,nan,nan,nan
22064,3.15291,0,nan,nan,nan
22065,3.15291,0,nan,nan,nan
22066,3.15291,0,nan,nan,nan
22067,3.15291,0,nan,nan,nan
22068,3.15291,0,nan,nan,nan
22069,3.15291,0,nan,nan,nan
22070,3.15291,0,nan,nan,nan
22071,3.15291,0,nan,nan,nan
22072,3.15291,0,nan,nan,nan
22073,3.15291,0,nan,nan,nan
22074,3.15291,0,nan,nan,nan
22075,3.15291,0,nan,nan,nan
22076,3.15291,0,nan,nan,nan
22077,3.15291,0,nan,nan,nan
22078,3.15291,0,nan,nan,nan
22079,3.15291,0,nan,nan,nan
22080,3.15291,0,nan,nan,nan
22081,3.15291,0,nan,nan,nan
22082,3.15291,0,nan,nan,nan
22083,3.15291,0,nan,nan,nan
22084,3.15291,0,nan,nan,nan
22085,3.15291,0,nan,nan,nan
22086,3.15291,0,nan,nan,nan
22087,3.15291,0,nan,nan,nan
22088,3.15291,0,nan,nan,nan
22089,3.15291,0,nan,nan,nan
22090,3.15291,0,nan,nan,nan
22091,3.15291,0,nan,nan,nan
22092,3.15291,0,nan,nan,nan
22093,3.15291,0,nan,nan,nan
22094,3.15291,0,nan,nan,nan
22095,3.15291,0,nan,nan,nan
22096,3.15291,0,nan,nan,nan
22097,3.15291,0,nan,nan,nan
22098,3.15291,0,nan,nan,nan
22099,3.15291,0,nan,nan,nan
22100,3.15291,0,nan,nan,nan
22101,3.15291,0,nan,nan,nan
22102,3.15291,0,nan,nan,nan
22103,3.15291,0,nan,nan,nan
22104,3.15291,0,nan,nan,nan
22105,3.15291,0,nan,nan,nan
22106,3.15291,0,nan,nan,nan
22107,3.15291,0,nan,nan,nan
22108,3.15291,0,nan,nan,nan
22109,3.15291,0,nan,nan,nan
22110,3.15291,0,nan,nan,nan
22111,3.15291,0,nan,nan,nan
22112,3.15291,0,nan,nan,nan
22113,3.15291,0,nan,nan,nan
22114,3.15291,0,nan,nan,nan
22115,3.15291,0,nan,nan,nan
22116,3.15291,0,nan,nan,nan
22117,3.15291,0,nan,nan,nan
22118,3.15291,0,nan,nan,nan
22119,3.15291,0,nan,nan,nan
22120,3.15291,0,nan,nan,nan
22121,3.15291,0,nan,nan,nan
22122,3.15291,0,nan,nan,nan
22123,3.15291,0,nan,nan,nan
22124,3.15291,0,nan,nan,nan
22125,3.15291,0,nan,nan,nan
22126,3.15291,0,nan,nan,nan
22127,3.15291,0,nan,nan,nan
22128,3.15291,0,nan,nan,nan
22129,3.15291,0,nan,nan,nan
22130,3.15291,0,nan,nan,nan
22131,3.15291,0,nan,nan,nan
22132,3.15291,0,nan,nan,nan
22133,3.15291,0,nan,nan,nan
22134,3.15291,0,nan,nan,nan
22135,3.15291,0,nan,nan,nan
22136,3.15291,0,nan,nan,nan
22137,3.15291,0,nan,nan,nan
22138,3.15291,0,nan,nan,nan
22139,3.15291,0,nan,nan,nan
22140,3.15291,0,nan,nan,nan
22141,3.15291,0,nan,nan,nan
22142,3.15291,0,nan,nan,nan
22143,3.15291,0,nan,nan,nan
22144,3.15291,0,nan,nan,nan
22145,3.15291,0,nan,nan,nan
22146,3.15291,0,nan,nan,nan
22147,3.15291,0,nan,nan,nan
22148,3.15291,0,nan,nan,nan
22149,3.15291,0,nan,nan,nan
22150,3.15291,0,nan,nan,nan
22151,3.15291,0,nan,nan,nan
22152,3.15291,0,nan,nan,nan
22153,3.15291,0,nan,nan,nan
22154,3.15291,0,nan,nan,nan
22155,3.15291,0,nan,nan,nan
22156,3.15291,0,nan,nan,nan
22157,3.15291,0,nan,nan,nan
22158,3.15291,0,nan,nan,nan
22159,3.15291,0,nan,nan,nan
22160,3.15291,0,nan,nan,nan
22161,3.15291,0,nan,nan,nan
22162,3.15291,0,nan,nan,nan
22163,3.15291,0,nan,nan,nan
22164,3.15291,0,nan,nan,nan
22165,3.15291,0,nan,nan,nan
22166,3.15291,0,nan,nan,nan
22167,3.15291,0,nan,nan,nan
22168,3.15291,0,nan,nan,nan
22169,3.15291,0,nan,nan,nan
22170,3.15291,0,nan,nan,nan
22171,3.15291,0,nan,nan,nan
22172,3.15291,0,nan,nan,nan
22173,3.15291,0,nan,nan,nan
22174,3.15291,0,nan,nan,nan
22175,3.15291,0,nan,nan,nan
22176,3.15291,0,nan,nan,nan
22177,3.15291,0,nan,nan,nan
22178,3.15291,0,nan,nan,nan
22179,3.15291,0,nan,nan,nan
22180,3.15291,0,nan,nan,nan
22181,3.15291,0,nan,nan,nan
22182,3.15291,0,nan,nan,nan
22183,3.15291,0,nan,nan,nan
22184,3.15291,0,nan,nan,nan
22185,3.15291,0,nan,nan,nan
22186,3.15291,0,nan,nan,nan
22187,3.15291,0,nan,nan,nan
22188,3.15291,0,nan,nan,nan
22189,3.15291,0,nan,nan,nan
22190,3.15291,0,nan,nan,nan
22191,3.15291,0,nan,nan,nan
22192,3.15291,0,nan,nan,nan
22193,3.15291,0,nan,nan,nan
22194,3.15291,0,nan,nan,nan
22195,3.15291,0,nan,nan,nan
22196,3.15291,0,nan,nan,nan
22197,3.15291,0,nan,nan,nan
22198,3.15291,0,nan,nan,nan
22199,3.15291,0,nan,nan,nan
22200,3.15291,0,nan,nan,nan
22201,3.15291,0,nan,nan,nan
22202,3.15291,0,nan,nan,nan
22203,3.15291,0,nan,nan,nan
22204,3.15291,0,nan,nan,nan
22205,3.15291,0,nan,nan,nan
22206,3.15291,0,nan,nan,nan
22207,3.15291,0,nan,nan,nan
22208,3.15291,0,nan,nan,nan
22209,3.15291,0,nan,nan,nan
22210,3.15291,0,nan,nan,nan
22211,3.15291,0,nan,nan,nan
22212,3.15291,0,nan,nan,nan
22213,3.15291,0,nan,nan,nan
22214,3.15291,0,nan,nan,nan
22215,3.15291,0,nan,nan,nan
22216,3.15291,0,nan,nan,nan
22217,3.15291,0,nan,nan,nan
22218,3.15291,0,nan,nan,nan
22219,3.15291,0,nan,nan,nan
22220,3.15291,0,nan,nan,nan
22221,3.15291,0,nan,nan,nan
22222,3.15291,0,nan,nan,nan
22223,3.15291,0,nan,nan,nan
22224,3.15291,0,nan,nan,nan
22225,3.15291,0,nan,nan,nan
22226,3.15291,0,nan,nan,nan
22227,3.15291,0,nan,nan,nan
22228,3.15291,0,nan,nan,nan
22229,3.15291,0,nan,nan,nan
22230,3.15291,0,nan,nan,nan
22231,3.15291,0,nan,nan,nan
22232,3.15291,0,nan,nan,nan
22233,3.15291,0,nan,nan,nan
22234,3.15291,0,nan,nan,nan
22235,3.15291,0,nan,nan,nan
22236,3.15291,0,nan,nan,nan
22237,3.15291,0,nan,nan,nan
22238,3.15291,0,nan,nan,nan
22239,3.15291,0,nan,nan,nan
22240,3.15291,0,nan,nan,nan
22241,3.15291,0,nan,nan,nan
22242,3.15291,0,nan,nan,nan
22243,3.15291,0,nan,nan,nan
22244,3.15291,0,nan,nan,nan
22245,3.15291,0,nan,nan,nan
22246,3.15291,0,nan,nan,nan
22247,3.15291,0,nan,nan,nan
22248,3.15291,0,nan,nan,nan
22249,3.15291,0,nan,nan,nan
22250,3.15291,0,nan,nan,nan
22251,3.15291,0,nan,nan,nan
22252,3.15291,0,nan,nan,nan
22253,3.15291,0,nan,nan,nan
22254,3.15291,0,nan,nan,nan
22255,3.15291,0,nan,nan,nan
22256,3.15291,0,nan,nan,nan
22257,3.15291,0,nan,nan,nan
22258,3.15291,0,nan,nan,nan
22259,3.15291,0,nan,nan,nan
22260,3.15291,0,nan,nan,nan
22261,3.15291,0,nan,nan,nan
22262,3.15291,0,nan,nan,nan
22263,3.15291,0,nan,nan,nan
22264,3.15291,0,nan,nan,nan
22265,3.15291,0,nan,nan,nan
22266,3.15291,0,nan,nan,nan
22267,3.15291,0,nan,nan,nan
22268,3.15291,0,nan,nan,nan
22269,3.15291,0,nan,nan,nan
22270,3.15291,0,nan,nan,nan
22271,3.15291,0,nan,nan,nan
22272,3.15291,0,nan,nan,nan
22273,3.15291,0,nan,nan,nan
22274,3.15291,0,nan,nan,nan
22275,3.15291,0,nan,nan,nan
22276,3.15291,0,nan,nan,nan
22277,3.15291,0,nan,nan,nan
22278,3.15291,0,nan,nan,nan
22279,3.15291,0,nan,nan,nan
22280,3.15291,0,nan,nan,nan
22281,3.15291,0,nan,nan,nan
22282,3.15291,0,nan,nan,nan
22283,3.15291,0,nan,nan,nan
22284,3.15291,0,nan,nan,nan
22285,3.15291,0,nan,nan,nan
22286,3.15291,0,nan,nan,nan
22287,3.15291,0,nan,nan,nan
22288,3.15291,0,nan,nan,nan
22289,3.15291,0,nan,nan,nan
22290,3.15291,0,nan,nan,nan
22291,3.15291,0,nan,nan,nan
22292,3.15291,0,nan,nan,nan
22293,3.15291,0,nan,nan,nan
22294,3.15291,0,nan,nan,nan
22295,3.15291,0,nan,nan,nan
22296,3.15291,0,nan,nan,nan
22297,3.15291,0,nan,nan,nan
22298,3.15291,0,nan,nan,nan
22299,3.15291,0,nan,nan,nan
22300,3.15291,0,nan,nan,nan
22301,3.15291,0,nan,nan,nan
22302,3.15291,0,nan,nan,nan
22303,3.15291,0,nan,nan,nan
22304,3.15291,0,nan,nan,nan
22305,3.15291,0,nan,nan,nan
22306,3.15291,0,nan,nan,nan
22307,3.15291,0,nan,nan,nan
22308,3.15291,0,nan,nan,nan
22309,3.15291,0,nan,nan,nan
22310,3.15291,0,nan,nan,nan
22311,3.15291,0,nan,nan,nan
22312,3.15291,0,nan,nan,nan
22313,3.15291,0,nan,nan,nan
22314,3.15291,0,nan,nan,nan
22315,3.15291,0,nan,nan,nan
22316,3.15291,0,nan,nan,nan
22317,3.15291,0,nan,nan,nan
22318,3.15291,0,nan,nan,nan
22319,3.15291,0,nan,nan,nan
22320,3.15291,0,nan,nan,nan
22321,3.15291,0,nan,nan,nan
22322,3.15291,0,nan,nan,nan
22323,3.15291,0,nan,nan,nan
22324,3.15291,0,nan,nan,nan
22325,3.15291,0,nan,nan,nan
22326,3.15291,0,nan,nan,nan
22327,3.15291,0,nan,nan,nan
22328,3.15291,0,nan,nan,nan
22329,3.15291,0,nan,nan,nan
22330,3.15291,0,nan,nan,nan
22331,3.15291,0,nan,nan,nan
22332,3.15291,0,nan,nan,nan
22333,3.15291,0,nan,nan,nan
22334,3.15291,0,nan,nan,nan
22335,3.15291,0,nan,nan,nan
22336,3.15291,0,nan,nan,nan
22337,3.15291,0,nan,nan,nan
22338,3.15291,0,nan,nan,nan
22339,3.15291,0,nan,nan,nan
22340,3.15291,0,nan,nan,nan
22341,3.15291,0,nan,nan,nan
22342,3.15291,0,nan,nan,nan
22343,3.15291,0,nan,nan,nan
22344,3.15291,0,nan,nan,nan
22345,3.15291,0,nan,nan,nan
22346,3.15291,0,nan,nan,nan
22347,3.15291,0,nan,nan,nan
22348,3.15291,0,nan,nan,nan
22349,3.15291,0,nan,nan,nan
22350,3.15291,0,nan,nan,nan
22351,3.15291,0,nan,nan,nan
22352,3.15291,0,nan,nan,nan
22353,3.15291,0,nan,nan,nan
22354,3.15291,0,nan,nan,nan
22355,3.15291,0,nan,nan,nan
22356,3.15291,0,nan,nan,nan
22357,3.15291,0,nan,nan,nan
22358,3.15291,0,nan,nan,nan
22359,3.15291,0,nan,nan,nan
22360,3.15291,0,nan,nan,nan
22361,3.15291,0,nan,nan,nan
22362,3.15291,0,nan,nan,nan
22363,3.15291,0,nan,nan,nan
22364,3.15291,0,nan,nan,nan
22365,3.15291,0,nan,nan,nan
22366,3.15291,0,nan,nan,nan
22367,3.15291,0,nan,nan,nan
22368,3.15291,0,nan,nan,nan
22369,3.15291,0,nan,nan,nan
22370,3.15291,0,nan,nan,nan
22371,3.15291,0,nan,nan,nan
22372,3.15291,0,nan,nan,nan
22373,3.15291,0,nan,nan,nan
22374,3.15291,0,nan,nan,nan
22375,3.15291,0,nan,nan,nan
22376,3.15291,0,nan,nan,nan
22377,3.15291,0,nan,nan,nan
22378,3.15291,0,nan,nan,nan
22379,3.15291,0,nan,nan,nan
22380,3.15291,0,nan,nan,nan
22381,3.15291,0,nan,nan,nan
22382,3.15291,0,nan,nan,nan
22383,3.15291,0,nan,nan,nan
22384,3.15291,0,nan,nan,nan
22385,3.15291,0,nan,nan,nan
22386,3.15291,0,nan,nan,nan
22387,3.15291,0,nan,nan,nan
22388,3.15291,0,nan,nan,nan
22389,3.15291,0,nan,nan,nan
22390,3.15291,0,nan,nan,nan
22391,3.15291,0,nan,nan,nan
22392,3.15291,0,nan,nan,nan
22393,3.15291,0,nan,nan,nan
22394,3.15291,0,nan,nan,nan
22395,3.15291,0,nan,nan,nan
22396,3.15291,0,nan,nan,nan
22397,3.15291,0,nan,nan,nan
22398,3.15291,0,nan,nan,nan
22399,3.15291,0,nan,nan,nan
22400,3.15291,0,nan,nan,nan
22401,3.15291,0,nan,nan,nan
22402,3.15291,0,nan,nan,nan
22403,3.15291,0,nan,nan,nan
22404,3.15291,0,nan,nan,nan
22405,3.15291,0,nan,nan,nan
22406,3.15291,0,nan,nan,nan
22407,3.15291,0,nan,nan,nan
22408,3.15291,0,nan,nan,nan
22409,3.15291,0,nan,nan,nan
22410,3.15291,0,nan,nan,nan
22411,3.15291,0,nan,nan,nan
22412,3.15291,0,nan,nan,nan
22413,3.15291,0,nan,nan,nan
22414,3.15291,0,nan,nan,nan
22415,3.15291,0,nan,nan,nan
22416,3.15291,0,nan,nan,nan
22417,3.15291,0,nan,nan,nan
22418,3.15291,0,nan,nan,nan
22419,3.15291,0,nan,nan,nan
22420,3.15291,0,nan,nan,nan
22421,3.15291,0,nan,nan,nan
22422,3.15291,0,nan,nan,nan
22423,3.15291,0,nan,nan,nan
22424,3.15291,0,nan,nan,nan
22425,3.15291,0,nan,nan,nan
22426,3.15291,0,nan,nan,nan
22427,3.15291,0,nan,nan,nan
22428,3.15291,0,nan,nan,nan
22429,3.15291,0,nan,nan,nan
22430,3.15291,0,nan,nan,nan
22431,3.15291,0,nan,nan,nan
22432,3.15291,0,nan,nan,nan
22433,3.15291,0,nan,nan,nan
22434,3.15291,0,nan,nan,nan
22435,3.15291,0,nan,nan,nan
22436,3.15291,0,nan,nan,nan
22437,3.15291,0,nan,nan,nan
22438,3.15291,0,nan,nan,nan
22439,3.15291,0,nan,nan,nan
22440,3.15291,0,nan,nan,nan
22441,3.15291,0,nan,nan,nan
22442,3.15291,0,nan,nan,nan
22443,3.15291,0,nan,nan,nan
22444,3.15291,0,nan,nan,nan
22445,3.15291,0,nan,nan,nan
22446,3.15291,0,nan,nan,nan
22447,3.15291,0,nan,nan,nan
22448,3.15291,0,nan,nan,nan
22449,3.15291,0,nan,nan,nan
22450,3.15291,0,nan,nan,nan
22451,3.15291,0,nan,nan,nan
22452,3.15291,0,nan,nan,nan
22453,3.15291,0,nan,nan,nan
22454,3.15291,0,nan,nan,nan
22455,3.15291,0,nan,nan,nan
22456,3.15291,0,nan,nan,nan
22457,3.15291,0,nan,nan,nan
22458,3.15291,0,nan,nan,nan
22459,3.15291,0,nan,nan,nan
22460,3.15291,0,nan,nan,nan
22461,3.15291,0,nan,nan,nan
22462,3.15291,0,nan,nan,nan
22463,3.15291,0,nan,nan,nan
22464,3.15291,0,nan,nan,nan
22465,3.15291,0,nan,nan,nan
22466,3.15291,0,nan,nan,nan
22467,3.15291,0,nan,nan,nan
22468,3.15291,0,nan,nan,nan
22469,3.15291,0,nan,nan,nan
22470,3.15291,0,nan,nan,nan
22471,3.15291,0,nan,nan,nan
22472,3.15291,0,nan,nan,nan
22473,3.15291,0,nan,nan,nan
22474,3.15291,0,nan,nan,nan
22475,3.15291,0,nan,nan,nan
22476,3.15291,0,nan,nan,nan
22477,3.15291,0,nan,nan,nan
22478,3.15291,0,nan,nan,nan
22479,3.15291,0,nan,nan,nan
22480,3.15291,0,nan,nan,nan
22481,3.15291,0,nan,nan,nan
22482,3.15291,0,nan,nan,nan
22483,3.15291,0,nan,nan,nan
22484,3.15291,0,nan,nan,nan
22485,3.15291,0,nan,nan,nan
22486,3.15291,0,nan,nan,nan
22487,3.15291,0,nan,nan,nan
22488,3.15291,0,nan,nan,nan
22489,3.15291,0,nan,nan,nan
22490,3.15291,0,nan,nan,nan
22491,3.15291,0,nan,nan,nan
22492,3.15291,0,nan,nan,nan
22493,3.15291,0,nan,nan,nan
22494,3.15291,0,nan,nan,nan
22495,3.15291,0,nan,nan,nan
22496,3.15291,0,nan,nan,nan
22497,3.15291,0,nan,nan,nan
22498,3.15291,0,nan,nan,nan
22499,3.15291,0,nan,nan,nan
22500,3.15291,0,nan,nan,nan
22501,3.15291,0,nan,nan,nan
22502,3.15291,0,nan,nan,nan
22503,3.15291,0,nan,nan,nan
22504,3.15291,0,nan,nan,nan
22505,3.15291,0,nan,nan,nan
22506,3.15291,0,nan,nan,nan
22507,3.15291,0,nan,nan,nan
22508,3.15291,0,nan,nan,nan
22509,3.15291,0,nan,nan,nan
22510,3.15291,0,nan,nan,nan
22511,3.15291,0,nan,nan,nan
22512,3.15291,0,nan,nan,nan
22513,3.15291,0,nan,nan,nan
22514,3.15291,0,nan,nan,nan
22515,3.15291,0,nan,nan,nan
22516,3.15291,0,nan,nan,nan
22517,3.15291,0,nan,nan,nan
22518,3.15291,0,nan,nan,nan
22519,3.15291,0,nan,nan,nan
22520,3.15291,0,nan,nan,nan
22521,3.15291,0,nan,nan,nan
22522,3.15291,0,nan,nan,nan
22523,3.15291,0,nan,nan,nan
22524,3.15291,0,nan,nan,nan
22525,3.15291,0,nan,nan,nan
22526,3.15291,0,nan,nan,nan
22527,3.15291,0,nan,nan,nan
22528,3.15291,0,nan,nan,nan
22529,3.15291,0,nan,nan,nan
22530,3.15291,0,nan,nan,nan
22531,3.15291,0,nan,nan,nan
22532,3.15291,0,nan,nan,nan
22533,3.15291,0,nan,nan,nan
22534,3.15291,0,nan,nan,nan
22535,3.15291,0,nan,nan,nan
22536,3.15291,0,nan,nan,nan
22537,3.15291,0,nan,nan,nan
22538,3.15291,0,nan,nan,nan
22539,3.15291,0,nan,nan,nan
22540,3.15291,0,nan,nan,nan
22541,3.15291,0,nan,nan,nan
22542,3.15291,0,nan,nan,nan
22543,3.15291,0,nan,nan,nan
22544,3.15291,0,nan,nan,nan
22545,3.15291,0,nan,nan,nan
22546,3.15291,0,nan,nan,nan
22547,3.15291,0,nan,nan,nan
22548,3.15291,0,nan,nan,nan
22549,3.15291,0,nan,nan,nan
22550,3.15291,0,nan,nan,nan
22551,3.15291,0,nan,nan,nan
22552,3.15291,0,nan,nan,nan
22553,3.15291,0,nan,nan,nan
22554,3.15291,0,nan,nan,nan
22555,3.15291,0,nan,nan,nan
22556,3.15291,0,nan,nan,nan
22557,3.15291,0,nan,nan,nan
22558,3.15291,0,nan,nan,nan
22559,3.15291,0,nan,nan,nan
22560,3.15291,0,nan,nan,nan
22561,3.15291,0,nan,nan,nan
22562,3.15291,0,nan,nan,nan
22563,3.15291,0,nan,nan,nan
22564,3.15291,0,nan,nan,nan
22565,3.15291,0,nan,nan,nan
22566,3.15291,0,nan,nan,nan
22567,3.15291,0,nan,nan,nan
22568,3.15291,0,nan,nan,nan
22569,3.15291,0,nan,nan,nan
22570,3.15291,0,nan,nan,nan
22571,3.15291,0,nan,nan,nan
22572,3.15291,0,nan,nan,nan
22573,3.15291,0,nan,nan,nan
22574,3.15291,0,nan,nan,nan
22575,3.15291,0,nan,nan,nan
22576,3.15291,0,nan,nan,nan
22577,3.15291,0,nan,nan,nan
22578,3.15291,0,nan,nan,nan
22579,3.15291,0,nan,nan,nan
22580,3.15291,0,nan,nan,nan
22581,3.15291,0,nan,nan,nan
22582,3.15291,0,nan,nan,nan
22583,3.15291,0,nan,nan,nan
22584,3.15291,0,nan,nan,nan
22585,3.15291,0,nan,nan,nan
22586,3.15291,0,nan,nan,nan
22587,3.15291,0,nan,nan,nan
22588,3.15291,0,nan,nan,nan
22589,3.15291,0,nan,nan,nan
22590,3.15291,0,nan,nan,nan
22591,3.15291,0,nan,nan,nan
22592,3.15291,0,nan,nan,nan
22593,3.15291,0,nan,nan,nan
22594,3.15291,0,nan,nan,nan
22595,3.15291,0,nan,nan,nan
22596,3.15291,0,nan,nan,nan
22597,3.15291,0,nan,nan,nan
22598,3.15291,0,nan,nan,nan
22599,3.15291,0,nan,nan,nan
22600,3.15291,0,nan,nan,nan
22601,3.15291,0,nan,nan,nan
22602,3.15291,0,nan,nan,nan
22603,3.15291,0,nan,nan,nan
22604,3.15291,0,nan,nan,nan
22605,3.15291,0,nan,nan,nan
22606,3.15291,0,nan,nan,nan
22607,3.15291,0,nan,nan,nan
22608,3.15291,0,nan,nan,nan
22609,3.15291,0,nan,nan,nan
22610,3.15291,0,nan,nan,nan
22611,3.15291,0,nan,nan,nan
22612,3.15291,0,nan,nan,nan
22613,3.15291,0,nan,nan,nan
22614,3.15291,0,nan,nan,nan
22615,3.15291,0,nan,nan,nan
22616,3.15291,0,nan,nan,nan
22617,3.15291,0,nan,nan,nan
22618,3.15291,0,nan,nan,nan
22619,3.15291,0,nan,nan,nan
22620,3.15291,0,nan,nan,nan
22621,3.15291,0,nan,nan,nan
22622,3.15291,0,nan,nan,nan
22623,3.15291,0,nan,nan,nan
22624,3.15291,0,nan,nan,nan
22625,3.15291,0,nan,nan,nan
22626,3.15291,0,nan,nan,nan
22627,3.15291,0,nan,nan,nan
22628,3.15291,0,nan,nan,nan
22629,3.15291,0,nan,nan,nan
22630,3.15291,0,nan,nan,nan
22631,3.15291,0,nan,nan,nan
22632,3.15291,0,nan,nan,nan
22633,3.15291,0,nan,nan,nan
22634,3.15291,0,nan,nan,nan
22635,3.15291,0,nan,nan,nan
22636,3.15291,0,nan,nan,nan
22637,3.15291,0,nan,nan,nan
22638,3.15291,0,nan,nan,nan
22639,3.15291,0,nan,nan,nan
22640,3.15291,0,nan,nan,nan
22641,3.15291,0,nan,nan,nan
22642,3.15291,0,nan,nan,nan
22643,3.15291,0,nan,nan,nan
22644,3.15291,0,nan,nan,nan
22645,3.15291,0,nan,nan,nan
22646,3.15291,0,nan,nan,nan
22647,3.15291,0,nan,nan,nan
22648,3.15291,0,nan,nan,nan
22649,3.15291,0,nan,nan,nan
22650,3.15291,0,nan,nan,nan
22651,3.15291,0,nan,nan,nan
22652,3.15291,0,nan,nan,nan
22653,3.15291,0,nan,nan,nan
22654,3.15291,0,nan,nan,nan
22655,3.15291,0,nan,nan,nan
22656,3.15291,0,nan,nan,nan
22657,3.15291,0,nan,nan,nan
22658,3.15291,0,nan,nan,nan
22659,3.15291,0,nan,nan,nan
22660,3.15291,0,nan,nan,nan
22661,3.15291,0,nan,nan,nan
22662,3.15291,0,nan,nan,nan
22663,3.15291,0,nan,nan,nan
22664,3.15291,0,nan,nan,nan
22665,3.15291,0,nan,nan,nan
22666,3.15291,0,nan,nan,nan
22667,3.15291,0,nan,nan,nan
22668,3.15291,0,nan,nan,nan
22669,3.15291,0,nan,nan,nan
22670,3.15291,0,nan,nan,nan
22671,3.15291,0,nan,nan,nan
22672,3.15291,0,nan,nan,nan
22673,3.15291,0,nan,nan,nan
22674,3.15291,0,nan,nan,nan
22675,3.15291,0,nan,nan,nan
22676,3.15291,0,nan,nan,nan
22677,3.15291,0,nan,nan,nan
22678,3.15291,0,nan,nan,nan
22679,3.15291,0,nan,nan,nan
22680,3.15291,0,nan,nan,nan
22681,3.15291,0,nan,nan,nan
22682,3.15291,0,nan,nan,nan
22683,3.15291,0,nan,nan,nan
22684,3.15291,0,nan,nan,nan
22685,3.15291,0,nan,nan,nan
22686,3.15291,0,nan,nan,nan
22687,3.15291,0,nan,nan,nan
22688,3.15291,0,nan,nan,nan
22689,3.15291,0,nan,nan,nan
22690,3.15291,0,nan,nan,nan
22691,3.15291,0,nan,nan,nan
22692,3.15291,0,nan,nan,nan
22693,3.15291,0,nan,nan,nan
22694,3.15291,0,nan,nan,nan
22695,3.15291,0,nan,nan,nan
22696,3.15291,0,nan,nan,nan
22697,3.15291,0,nan,nan,nan
22698,3.15291,0,nan,nan,nan
22699,3.15291,0,nan,nan,nan
22700,3.15291,0,nan,nan,nan
22701,3.15291,0,nan,nan,nan
22702,3.15291,0,nan,nan,nan
22703,3.15291,0,nan,nan,nan
22704,3.15291,0,nan,nan,nan
22705,3.15291,0,nan,nan,nan
22706,3.15291,0,nan,nan,nan
22707,3.15291,0,nan,nan,nan
22708,3.15291,0,nan,nan,nan
22709,3.15291,0,nan,nan,nan
22710,3.15291,0,nan,nan,nan
22711,3.15291,0,nan,nan,nan
22712,3.15291,0,nan,nan,nan
22713,3.15291,0,nan,nan,nan
22714,3.15291,0,nan,nan,nan
22715,3.15291,0,nan,nan,nan
22716,3.15291,0,nan,nan,nan
22717,3.15291,0,nan,nan,nan
22718,3.15291,0,nan,nan,nan
22719,3.15291,0,nan,nan,nan
22720,3.15291,0,nan,nan,nan
22721,3.15291,0,nan,nan,nan
22722,3.15291,0,nan,nan,nan
22723,3.15291,0,nan,nan,nan
22724,3.15291,0,nan,nan,nan
22725,3.15291,0,nan,nan,nan
22726,3.15291,0,nan,nan,nan
22727,3.15291,0,nan,nan,nan
22728,3.15291,0,nan,nan,nan
22729,3.15291,0,nan,nan,nan
22730,3.15291,0,nan,nan,nan
22731,3.15291,0,nan,nan,nan
22732,3.15291,0,nan,nan,nan
22733,3.15291,0,nan,nan,nan
22734,3.15291,0,nan,nan,nan
22735,3.15291,0,nan,nan,nan
22736,3.15291,0,nan,nan,nan
22737,3.15291,0,nan,nan,nan
22738,3.15291,0,nan,nan,nan
22739,3.15291,0,nan,nan,nan
22740,3.15291,0,nan,nan,nan
22741,3.15291,0,nan,nan,nan
22742,3.15291,0,nan,nan,nan
22743,3.15291,0,nan,nan,nan
22744,3.15291,0,nan,nan,nan
22745,3.15291,0,nan,nan,nan
22746,3.15291,0,nan,nan,nan
22747,3.15291,0,nan,nan,nan
22748,3.15291,0,nan,nan,nan
22749,3.15291,0,nan,nan,nan
22750,3.15291,0,nan,nan,nan
22751,3.15291,0,nan,nan,nan
22752,3.15291,0,nan,nan,nan
22753,3.15291,0,nan,nan,nan
22754,3.15291,0,nan,nan,nan
22755,3.15291,0,nan,nan,nan
22756,3.15291,0,nan,nan,nan
22757,3.15291,0,nan,nan,nan
22758,3.15291,0,nan,nan,nan
22759,3.15291,0,nan,nan,nan
22760,3.15291,0,nan,nan,nan
22761,3.15291,0,nan,nan,nan
22762,3.15291,0,nan,nan,nan
22763,3.15291,0,nan,nan,nan
22764,3.15291,0,nan,nan,nan
22765,3.15291,0,nan,nan,nan
22766,3.15291,0,nan,nan,nan
22767,3.15291,0,nan,nan,nan
22768,3.15291,0,nan,nan,nan
22769,3.15291,0,nan,nan,nan
22770,3.15291,0,nan,nan,nan
22771,3.15291,0,nan,nan,nan
22772,3.15291,0,nan,nan,nan
22773,3.15291,0,nan,nan,nan
22774,3.15291,0,nan,nan,nan
22775,3.15291,0,nan,nan,nan
22776,3.15291,0,nan,nan,nan
22777,3.15291,0,nan,nan,nan
22778,3.15291,0,nan,nan,nan
22779,3.15291,0,nan,nan,nan
22780,3.15291,0,nan,nan,nan
22781,3.15291,0,nan,nan,nan
22782,3.15291,0,nan,nan,nan
22783,3.15291,0,nan,nan,nan
22784,3.15291,0,nan,nan,nan
22785,3.15291,0,nan,nan,nan
22786,3.15291,0,nan,nan,nan
22787,3.15291,0,nan,nan,nan
22788,3.15291,0,nan,nan,nan
22789,3.15291,0,nan,nan,nan
22790,3.15291,0,nan,nan,nan
22791,3.15291,0,nan,nan,nan
22792,3.15291,0,nan,nan,nan
22793,3.15291,0,nan,nan,nan
22794,3.15291,0,nan,nan,nan
22795,3.15291,0,nan,nan,nan
22796,3.15291,0,nan,nan,nan
22797,3.15291,0,nan,nan,nan
22798,3.15291,0,nan,nan,nan
22799,3.15291,0,nan,nan,nan
22800,3.15291,0,nan,nan,nan
22801,3.15291,0,nan,nan,nan
22802,3.15291,0,nan,nan,nan
22803,3.15291,0,nan,nan,nan
22804,3.15291,0,nan,nan,nan
22805,3.15291,0,nan,nan,nan
22806,3.15291,0,nan,nan,nan
22807,3.15291,0,nan,nan,nan
22808,3.15291,0,nan,nan,nan
22809,3.15291,0,nan,nan,nan
22810,3.15291,0,nan,nan,nan
22811,3.15291,0,nan,nan,nan
22812,3.15291,0,nan,nan,nan
22813,3.15291,0,nan,nan,nan
22814,3.15291,0,nan,nan,nan
22815,3.15291,0,nan,nan,nan
22816,3.15291,0,nan,nan,nan
22817,3.15291,0,nan,nan,nan
22818,3.15291,0,nan,nan,nan
22819,3.15291,0,nan,nan,nan
22820,3.15291,0,nan,nan,nan
22821,3.15291,0,nan,nan,nan
22822,3.15291,0,nan,nan,nan
22823,3.15291,0,nan,nan,nan
22824,3.15291,0,nan,nan,nan
22825,3.15291,0,nan,nan,nan
22826,3.15291,0,nan,nan,nan
22827,3.15291,0,nan,nan,nan
22828,3.15291,0,nan,nan,nan
22829,3.15291,0,nan,nan,nan
22830,3.15291,0,nan,nan,nan
22831,3.15291,0,nan,nan,nan
22832,3.15291,0,nan,nan,nan
22833,3.15291,0,nan,nan,nan
22834,3.15291,0,nan,nan,nan
22835,3.15291,0,nan,nan,nan
22836,3.15291,0,nan,nan,nan
22837,3.15291,0,nan,nan,nan
22838,3.15291,0,nan,nan,nan
22839,3.15291,0,nan,nan,nan
22840,3.15291,0,nan,nan,nan
22841,3.15291,0,nan,nan,nan
22842,3.15291,0,nan,nan,nan
22843,3.15291,0,nan,nan,nan
22844,3.15291,0,nan,nan,nan
22845,3.15291,0,nan,nan,nan
22846,3.15291,0,nan,nan,nan
22847,3.15291,0,nan,nan,nan
22848,3.15291,0,nan,nan,nan
22849,3.15291,0,nan,nan,nan
22850,3.15291,0,nan,nan,nan
22851,3.15291,0,nan,nan,nan
22852,3.15291,0,nan,nan,nan
22853,3.15291,0,nan,nan,nan
22854,3.15291,0,nan,nan,nan
22855,3.15291,0,nan,nan,nan
22856,3.15291,0,nan,nan,nan
22857,3.15291,0,nan,nan,nan
22858,3.15291,0,nan,nan,nan
22859,3.15291,0,nan,nan,nan
22860,3.15291,0,nan,nan,nan
22861,3.15291,0,nan,nan,nan
22862,3.15291,0,nan,nan,nan
22863,3.15291,0,nan,nan,nan
22864,3.15291,0,nan,nan,nan
22865,3.15291,0,nan,nan,nan
22866,3.15291,0,nan,nan,nan
22867,3.15291,0,nan,nan,nan
22868,3.15291,0,nan,nan,nan
22869,3.15291,0,nan,nan,nan
22870,3.15291,0,nan,nan,nan
22871,3.15291,0,nan,nan,nan
22872,3.15291,0,nan,nan,nan
22873,3.15291,0,nan,nan,nan
22874,3.15291,0,nan,nan,nan
22875,3.15291,0,nan,nan,nan
22876,3.15291,0,nan,nan,nan
22877,3.15291,0,nan,nan,nan
22878,3.15291,0,nan,nan,nan
22879,3.15291,0,nan,nan,nan
22880,3.15291,0,nan,nan,nan
22881,3.15291,0,nan,nan,nan
22882,3.15291,0,nan,nan,nan
22883,3.15291,0,nan,nan,nan
22884,3.15291,0,nan,nan,nan
22885,3.15291,0,nan,nan,nan
22886,3.15291,0,nan,nan,nan
22887,3.15291,0,nan,nan,nan
22888,3.15291,0,nan,nan,nan
22889,3.15291,0,nan,nan,nan
22890,3.15291,0,nan,nan,nan
22891,3.15291,0,nan,nan,nan
22892,3.15291,0,nan,nan,nan
22893,3.15291,0,nan,nan,nan
22894,3.15291,0,nan,nan,nan
22895,3.15291,0,nan,nan,nan
22896,3.15291,0,nan,nan,nan
22897,3.15291,0,nan,nan,nan
22898,3.15291,0,nan,nan,nan
22899,3.15291,0,nan,nan,nan
22900,3.15291,0,nan,nan,nan
22901,3.15291,0,nan,nan,nan
22902,3.15291,0,nan,nan,nan
22903,3.15291,0,nan,nan,nan
22904,3.15291,0,nan,nan,nan
22905,3.15291,0,nan,nan,nan
22906,3.15291,0,nan,nan,nan
22907,3.15291,0,nan,nan,nan
22908,3.15291,0,nan,nan,nan
22909,3.15291,0,nan,nan,nan
22910,3.15291,0,nan,nan,nan
22911,3.15291,0,nan,nan,nan
22912,3.15291,0,nan,nan,nan
22913,3.15291,0,nan,nan,nan
22914,3.15291,0,nan,nan,nan
22915,3.15291,0,nan,nan,nan
22916,3.15291,0,nan,nan,nan
22917,3.15291,0,nan,nan,nan
22918,3.15291,0,nan,nan,nan
22919,3.15291,0,nan,nan,nan
22920,3.15291,0,nan,nan,nan
22921,3.15291,0,nan,nan,nan
22922,3.15291,0,nan,nan,nan
22923,3.15291,0,nan,nan,nan
22924,3.15291,0,nan,nan,nan
22925,3.15291,0,nan,nan,nan
22926,3.15291,0,nan,nan,nan
22927,3.15291,0,nan,nan,nan
22928,3.15291,0,nan,nan,nan
22929,3.15291,0,nan,nan,nan
22930,3.15291,0,nan,nan,nan
22931,3.15291,0,nan,nan,nan
22932,3.15291,0,nan,nan,nan
22933,3.15291,0,nan,nan,nan
22934,3.15291,0,nan,nan,nan
22935,3.15291,0,nan,nan,nan
22936,3.15291,0,nan,nan,nan
22937,3.15291,0,nan,nan,nan
22938,3.15291,0,nan,nan,nan
22939,3.15291,0,nan,nan,nan
22940,3.15291,0,nan,nan,nan
22941,3.15291,0,nan,nan,nan
22942,3.15291,0,nan,nan,nan
22943,3.15291,0,nan,nan,nan
22944,3.15291,0,nan,nan,nan
22945,3.15291,0,nan,nan,nan
22946,3.15291,0,nan,nan,nan
22947,3.15291,0,nan,nan,nan
22948,3.15291,0,nan,nan,nan
22949,3.15291,0,nan,nan,nan
22950,3.15291,0,nan,nan,nan
22951,3.15291,0,nan,nan,nan
22952,3.15291,0,nan,nan,nan
22953,3.15291,0,nan,nan,nan
22954,3.15291,0,nan,nan,nan
22955,3.15291,0,nan,nan,nan
22956,3.15291,0,nan,nan,nan
22957,3.15291,0,nan,nan,nan
22958,3.15291,0,nan,nan,nan
22959,3.15291,0,nan,nan,nan
22960,3.15291,0,nan,nan,nan
22961,3.15291,0,nan,nan,nan
22962,3.15291,0,nan,nan,nan
22963,3.15291,0,nan,nan,nan
22964,3.15291,0,nan,nan,nan
22965,3.15291,0,nan,nan,nan
22966,3.15291,0,nan,nan,nan
22967,3.15291,0,nan,nan,nan
22968,3.15291,0,nan,nan,nan
22969,3.15291,0,nan,nan,nan
22970,3.15291,0,nan,nan,nan
22971,3.15291,0,nan,nan,nan
22972,3.15291,0,nan,nan,nan
22973,3.15291,0,nan,nan,nan
22974,3.15291,0,nan,nan,nan
22975,3.15291,0,nan,nan,nan
22976,3.15291,0,nan,nan,nan
22977,3.15291,0,nan,nan,nan
22978,3.15291,0,nan,nan,nan
22979,3.15291,0,nan,nan,nan
22980,3.15291,0,nan,nan,nan
22981,3.15291,0,nan,nan,nan
22982,3.15291,0,nan,nan,nan
22983,3.15291,0,nan,nan,nan
22984,3.15291,0,nan,nan,nan
22985,3.15291,0,nan,nan,nan
22986,3.15291,0,nan,nan,nan
22987,3.15291,0,nan,nan,nan
22988,3.15291,0,nan,nan,nan
22989,3.15291,0,nan,nan,nan
22990,3.15291,0,nan,nan,nan
22991,3.15291,0,nan,nan,nan
22992,3.15291,0,nan,nan,nan
22993,3.15291,0,nan,nan,nan
22994,3.15291,0,nan,nan,nan
22995,3.15291,0,nan,nan,nan
22996,3.15291,0,nan,nan,nan
22997,3.15291,0,nan,nan,nan
22998,3.15291,0,nan,nan,nan
22999,3.15291,0,nan,nan,nan
23000,3.15291,0,nan,nan,nan
23001,3.15291,0,nan,nan,nan
23002,3.15291,0,nan,nan,nan
23003,3.15291,0,nan,nan,nan
23004,3.15291,0,nan,nan,nan
23005,3.15291,0,nan,nan,nan
23006,3.15291,0,nan,nan,nan
23007,3.15291,0,nan,nan,nan
23008,3.15291,0,nan,nan,nan
23009,3.15291,0,nan,nan,nan
23010,3.15291,0,nan,nan,nan
23011,3.15291,0,nan,nan,nan
23012,3.15291,0,nan,nan,nan
23013,3.15291,0,nan,nan,nan
23014,3.15291,0,nan,nan,nan
23015,3.15291,0,nan,nan,nan
23016,3.15291,0,nan,nan,nan
23017,3.15291,0,nan,nan,nan
23018,3.15291,0,nan,nan,nan
23019,3.15291,0,nan,nan,nan
23020,3.15291,0,nan,nan,nan
23021,3.15291,0,nan,nan,nan
23022,3.15291,0,nan,nan,nan
23023,3.15291,0,nan,nan,nan
23024,3.15291,0,nan,nan,nan
23025,3.15291,0,nan,nan,nan
23026,3.15291,0,nan,nan,nan
23027,3.15291,0,nan,nan,nan
23028,3.15291,0,nan,nan,nan
23029,3.15291,0,nan,nan,nan
23030,3.15291,0,nan,nan,nan
23031,3.15291,0,nan,nan,nan
23032,3.15291,0,nan,nan,nan
23033,3.15291,0,nan,nan,nan
23034,3.15291,0,nan,nan,nan
23035,3.15291,0,nan,nan,nan
23036,3.15291,0,nan,nan,nan
23037,3.15291,0,nan,nan,nan
23038,3.15291,0,nan,nan,nan
23039,3.15291,0,nan,nan,nan
23040,3.15291,0,nan,nan,nan
23041,3.15291,0,nan,nan,nan
23042,3.15291,0,nan,nan,nan
23043,3.15291,0,nan,nan,nan
23044,3.15291,0,nan,nan,nan
23045,3.15291,0,nan,nan,nan
23046,3.15291,0,nan,nan,nan
23047,3.15291,0,nan,nan,nan
23048,3.15291,0,nan,nan,nan
23049,3.15291,0,nan,nan,nan
23050,3.15291,0,nan,nan,nan
23051,3.15291,0,nan,nan,nan
23052,3.15291,0,nan,nan,nan
23053,3.15291,0,nan,nan,nan
23054,3.15291,0,nan,nan,nan
23055,3.15291,0,nan,nan,nan
23056,3.15291,0,nan,nan,nan
23057,3.15291,0,nan,nan,nan
23058,3.15291,0,nan,nan,nan
23059,3.15291,0,nan,nan,nan
23060,3.15291,0,nan,nan,nan
23061,3.15291,0,nan,nan,nan
23062,3.15291,0,nan,nan,nan
23063,3.15291,0,nan,nan,nan
23064,3.15291,0,nan,nan,nan
23065,3.15291,0,nan,nan,nan
23066,3.15291,0,nan,nan,nan
23067,3.15291,0,nan,nan,nan
23068,3.15291,0,nan,nan,nan
23069,3.15291,0,nan,nan,nan
23070,3.15291,0,nan,nan,nan
23071,3.15291,0,nan,nan,nan
23072,3.15291,0,nan,nan,nan
23073,3.15291,0,nan,nan,nan
23074,3.15291,0,nan,nan,nan
23075,3.15291,0,nan,nan,nan
23076,3.15291,0,nan,nan,nan
23077,3.15291,0,nan,nan,nan
23078,3.15291,0,nan,nan,nan
23079,3.15291,0,nan,nan,nan
23080,3.15291,0,nan,nan,nan
23081,3.15291,0,nan,nan,nan
23082,3.15291,0,nan,nan,nan
23083,3.15291,0,nan,nan,nan
23084,3.15291,0,nan,nan,nan
23085,3.15291,0,nan,nan,nan
23086,3.15291,0,nan,nan,nan
23087,3.15291,0,nan,nan,nan
23088,3.15291,0,nan,nan,nan
23089,3.15291,0,nan,nan,nan
23090,3.15291,0,nan,nan,nan
23091,3.15291,0,nan,nan,nan
23092,3.15291,0,nan,nan,nan
23093,3.15291,0,nan,nan,nan
23094,3.15291,0,nan,nan,nan
23095,3.15291,0,nan,nan,nan
23096,3.15291,0,nan,nan,nan
23097,3.15291,0,nan,nan,nan
23098,3.15291,0,nan,nan,nan
23099,3.15291,0,nan,nan,nan
23100,3.15291,0,nan,nan,nan
23101,3.15291,0,nan,nan,nan
23102,3.15291,0,nan,nan,nan
23103,3.15291,0,nan,nan,nan
23104,3.15291,0,nan,nan,nan
23105,3.15291,0,nan,nan,nan
23106,3.15291,0,nan,nan,nan
23107,3.15291,0,nan,nan,nan
23108,3.15291,0,nan,nan,nan
23109,3.15291,0,nan,nan,nan
23110,3.15291,0,nan,nan,nan
23111,3.15291,0,nan,nan,nan
23112,3.15291,0,nan,nan,nan
23113,3.15291,0,nan,nan,nan
23114,3.15291,0,nan,nan,nan
23115,3.15291,0,nan,nan,nan
23116,3.15291,0,nan,nan,nan
23117,3.15291,0,nan,nan,nan
23118,3.15291,0,nan,nan,nan
23119,3.15291,0,nan,nan,nan
23120,3.15291,0,nan,nan,nan
23121,3.15291,0,nan,nan,nan
23122,3.15291,0,nan,nan,nan
23123,3.15291,0,nan,nan,nan
23124,3.15291,0,nan,nan,nan
23125,3.15291,0,nan,nan,nan
23126,3.15291,0,nan,nan,nan
23127,3.15291,0,nan,nan,nan
23128,3.15291,0,nan,nan,nan
23129,3.15291,0,nan,nan,nan
23130,3.15291,0,nan,nan,nan
23131,3.15291,0,nan,nan,nan
23132,3.15291,0,nan,nan,nan
23133,3.15291,0,nan,nan,nan
23134,3.15291,0,nan,nan,nan
23135,3.15291,0,nan,nan,nan
23136,3.15291,0,nan,nan,nan
23137,3.15291,0,nan,nan,nan
23138,3.15291,0,nan,nan,nan
23139,3.15291,0,nan,nan,nan
23140,3.15291,0,nan,nan,nan
23141,3.15291,0,nan,nan,nan
23142,3.15291,0,nan,nan,nan
23143,3.15291,0,nan,nan,nan
23144,3.15291,0,nan,nan,nan
23145,3.15291,0,nan,nan,nan
23146,3.15291,0,nan,nan,nan
23147,3.15291,0,nan,nan,nan
23148,3.15291,0,nan,nan,nan
23149,3.15291,0,nan,nan,nan
23150,3.15291,0,nan,nan,nan
23151,3.15291,0,nan,nan,nan
23152,3.15291,0,nan,nan,nan
23153,3.15291,0,nan,nan,nan
23154,3.15291,0,nan,nan,nan
23155,3.15291,0,nan,nan,nan
23156,3.15291,0,nan,nan,nan
23157,3.15291,0,nan,nan,nan
23158,3.15291,0,nan,nan,nan
23159,3.15291,0,nan,nan,nan
23160,3.15291,0,nan,nan,nan
23161,3.15291,0,nan,nan,nan
23162,3.15291,0,nan,nan,nan
23163,3.15291,0,nan,nan,nan
23164,3.15291,0,nan,nan,nan
23165,3.15291,0,nan,nan,nan
23166,3.15291,0,nan,nan,nan
23167,3.15291,0,nan,nan,nan
23168,3.15291,0,nan,nan,nan
23169,3.15291,0,nan,nan,nan
23170,3.15291,0,nan,nan,nan
23171,3.15291,0,nan,nan,nan
23172,3.15291,0,nan,nan,nan
23173,3.15291,0,nan,nan,nan
23174,3.15291,0,nan,nan,nan
23175,3.15291,0,nan,nan,nan
23176,3.15291,0,nan,nan,nan
23177,3.15291,0,nan,nan,nan
23178,3.15291,0,nan,nan,nan
23179,3.15291,0,nan,nan,nan
23180,3.15291,0,nan,nan,nan
23181,3.15291,0,nan,nan,nan
23182,3.15291,0,nan,nan,nan
23183,3.15291,0,nan,nan,nan
23184,3.15291,0,nan,nan,nan
23185,3.15291,0,nan,nan,nan
23186,3.15291,0,nan,nan,nan
23187,3.15291,0,nan,nan,nan
23188,3.15291,0,nan,nan,nan
23189,3.15291,0,nan,nan,nan
23190,3.15291,0,nan,nan,nan
23191,3.15291,0,nan,nan,nan
23192,3.15291,0,nan,nan,nan
23193,3.15291,0,nan,nan,nan
23194,3.15291,0,nan,nan,nan
23195,3.15291,0,nan,nan,nan
23196,3.15291,0,nan,nan,nan
23197,3.15291,0,nan,nan,nan
23198,3.15291,0,nan,nan,nan
23199,3.15291,0,nan,nan,nan
23200,3.15291,0,nan,nan,nan
23201,3.15291,0,nan,nan,nan
23202,3.15291,0,nan,nan,nan
23203,3.15291,0,nan,nan,nan
23204,3.15291,0,nan,nan,nan
23205,3.15291,0,nan,nan,nan
23206,3.15291,0,nan,nan,nan
23207,3.15291,0,nan,nan,nan
23208,3.15291,0,nan,nan,nan
23209,3.15291,0,nan,nan,nan
23210,3.15291,0,nan,nan,nan
23211,3.15291,0,nan,nan,nan
23212,3.15291,0,nan,nan,nan
23213,3.15291,0,nan,nan,nan
23214,3.15291,0,nan,nan,nan
23215,3.15291,0,nan,nan,nan
23216,3.15291,0,nan,nan,nan
23217,3.15291,0,nan,nan,nan
23218,3.15291,0,nan,nan,nan
23219,3.15291,0,nan,nan,nan
23220,3.15291,0,nan,nan,nan
23221,3.15291,0,nan,nan,nan
23222,3.15291,0,nan,nan,nan
23223,3.15291,0,nan,nan,nan
23224,3.15291,0,nan,nan,nan
23225,3.15291,0,nan,nan,nan
23226,3.15291,0,nan,nan,nan
23227,3.15291,0,nan,nan,nan
23228,3.15291,0,nan,nan,nan
23229,3.15291,0,nan,nan,nan
23230,3.15291,0,nan,nan,nan
23231,3.15291,0,nan,nan,nan
23232,3.15291,0,nan,nan,nan
23233,3.15291,0,nan,nan,nan
23234,3.15291,0,nan,nan,nan
23235,3.15291,0,nan,nan,nan
23236,3.15291,0,nan,nan,nan
23237,3.15291,0,nan,nan,nan
23238,3.15291,0,nan,nan,nan
23239,3.15291,0,nan,nan,nan
23240,3.15291,0,nan,nan,nan
23241,3.15291,0,nan,nan,nan
23242,3.15291,0,nan,nan,nan
23243,3.15291,0,nan,nan,nan
23244,3.15291,0,nan,nan,nan
23245,3.15291,0,nan,nan,nan
23246,3.15291,0,nan,nan,nan
23247,3.15291,0,nan,nan,nan
23248,3.15291,0,nan,nan,nan
23249,3.15291,0,nan,nan,nan
23250,3.15291,0,nan,nan,nan
23251,3.15291,0,nan,nan,nan
23252,3.15291,0,nan,nan,nan
23253,3.15291,0,nan,nan,nan
23254,3.15291,0,nan,nan,nan
23255,3.15291,0,nan,nan,nan
23256,3.15291,0,nan,nan,nan
23257,3.15291,0,nan,nan,nan
23258,3.15291,0,nan,nan,nan
23259,3.15291,0,nan,nan,nan
23260,3.15291,0,nan,nan,nan
23261,3.15291,0,nan,nan,nan
23262,3.15291,0,nan,nan,nan
23263,3.15291,0,nan,nan,nan
23264,3.15291,0,nan,nan,nan
23265,3.15291,0,nan,nan,nan
23266,3.15291,0,nan,nan,nan
23267,3.15291,0,nan,nan,nan
23268,3.15291,0,nan,nan,nan
23269,3.15291,0,nan,nan,nan
23270,3.15291,0,nan,nan,nan
23271,3.15291,0,nan,nan,nan
23272,3.15291,0,nan,nan,nan
23273,3.15291,0,nan,nan,nan
23274,3.15291,0,nan,nan,nan
23275,3.15291,0,nan,nan,nan
23276,3.15291,0,nan,nan,nan
23277,3.15291,0,nan,nan,nan
23278,3.15291,0,nan,nan,nan
23279,3.15291,0,nan,nan,nan
23280,3.15291,0,nan,nan,nan
23281,3.15291,0,nan,nan,nan
23282,3.15291,0,nan,nan,nan
23283,3.15291,0,nan,nan,nan
23284,3.15291,0,nan,nan,nan
23285,3.15291,0,nan,nan,nan
23286,3.15291,0,nan,nan,nan
23287,3.15291,0,nan,nan,nan
23288,3.15291,0,nan,nan,nan
23289,3.15291,0,nan,nan,nan
23290,3.15291,0,nan,nan,nan
23291,3.15291,0,nan,nan,nan
23292,3.15291,0,nan,nan,nan
23293,3.15291,0,nan,nan,nan
23294,3.15291,0,nan,nan,nan
23295,3.15291,0,nan,nan,nan
23296,3.15291,0,nan,nan,nan
23297,3.15291,0,nan,nan,nan
23298,3.15291,0,nan,nan,nan
23299,3.15291,0,nan,nan,nan
23300,3.15291,0,nan,nan,nan
23301,3.15291,0,nan,nan,nan
23302,3.15291,0,nan,nan,nan
23303,3.15291,0,nan,nan,nan
23304,3.15291,0,nan,nan,nan
23305,3.15291,0,nan,nan,nan
23306,3.15291,0,nan,nan,nan
23307,3.15291,0,nan,nan,nan
23308,3.15291,0,nan,nan,nan
23309,3.15291,0,nan,nan,nan
23310,3.15291,0,nan,nan,nan
23311,3.15291,0,nan,nan,nan
23312,3.15291,0,nan,nan,nan
23313,3.15291,0,nan,nan,nan
23314,3.15291,0,nan,nan,nan
23315,3.15291,0,nan,nan,nan
23316,3.15291,0,nan,nan,nan
23317,3.15291,0,nan,nan,nan
23318,3.15291,0,nan,nan,nan
23319,3.15291,0,nan,nan,nan
23320,3.15291,0,nan,nan,nan
23321,3.15291,0,nan,nan,nan
23322,3.15291,0,nan,nan,nan
23323,3.15291,0,nan,nan,nan
23324,3.15291,0,nan,nan,nan
23325,3.15291,0,nan,nan,nan
23326,3.15291,0,nan,nan,nan
23327,3.15291,0,nan,nan,nan
23328,3.15291,0,nan,nan,nan
23329,3.15291,0,nan,nan,nan
23330,3.15291,0,nan,nan,nan
23331,3.15291,0,nan,nan,nan
23332,3.15291,0,nan,nan,nan
23333,3.15291,0,nan,nan,nan
23334,3.15291,0,nan,nan,nan
23335,3.15291,0,nan,nan,nan
23336,3.15291,0,nan,nan,nan
23337,3.15291,0,nan,nan,nan
23338,3.15291,0,nan,nan,nan
23339,3.15291,0,nan,nan,nan
23340,3.15291,0,nan,nan,nan
23341,3.15291,0,nan,nan,nan
23342,3.15291,0,nan,nan,nan
23343,3.15291,0,nan,nan,nan
23344,3.15291,0,nan,nan,nan
23345,3.15291,0,nan,nan,nan
23346,3.15291,0,nan,nan,nan
23347,3.15291,0,nan,nan,nan
23348,3.15291,0,nan,nan,nan
23349,3.15291,0,nan,nan,nan
23350,3.15291,0,nan,nan,nan
23351,3.15291,0,nan,nan,nan
23352,3.15291,0,nan,nan,nan
23353,3.15291,0,nan,nan,nan
23354,3.15291,0,nan,nan,nan
23355,3.15291,0,nan,nan,nan
23356,3.15291,0,nan,nan,nan
23357,3.15291,0,nan,nan,nan
23358,3.15291,0,nan,nan,nan
23359,3.15291,0,nan,nan,nan
23360,3.15291,0,nan,nan,nan
23361,3.15291,0,nan,nan,nan
23362,3.15291,0,nan,nan,nan
23363,3.15291,0,nan,nan,nan
23364,3.15291,0,nan,nan,nan
23365,3.15291,0,nan,nan,nan
23366,3.15291,0,nan,nan,nan
23367,3.15291,0,nan,nan,nan
23368,3.15291,0,nan,nan,nan
23369,3.15291,0,nan,nan,nan
23370,3.15291,0,nan,nan,nan
23371,3.15291,0,nan,nan,nan
23372,3.15291,0,nan,nan,nan
23373,3.15291,0,nan,nan,nan
23374,3.15291,0,nan,nan,nan
23375,3.15291,0,nan,nan,nan
23376,3.15291,0,nan,nan,nan
23377,3.15291,0,nan,nan,nan
23378,3.15291,0,nan,nan,nan
23379,3.15291,0,nan,nan,nan
23380,3.15291,0,nan,nan,nan
23381,3.15291,0,nan,nan,nan
23382,3.15291,0,nan,nan,nan
23383,3.15291,0,nan,nan,nan
23384,3.15291,0,nan,nan,nan
23385,3.15291,0,nan,nan,nan
23386,3.15291,0,nan,nan,nan
23387,3.15291,0,nan,nan,nan
23388,3.15291,0,nan,nan,nan
23389,3.15291,0,nan,nan,nan
23390,3.15291,0,nan,nan,nan
23391,3.15291,0,nan,nan,nan
23392,3.15291,0,nan,nan,nan
23393,3.15291,0,nan,nan,nan
23394,3.15291,0,nan,nan,nan
23395,3.15291,0,nan,nan,nan
23396,3.15291,0,nan,nan,nan
23397,3.15291,0,nan,nan,nan
23398,3.15291,0,nan,nan,nan
23399,3.15291,0,nan,nan,nan
23400,3.15291,0,nan,nan,nan
23401,3.15291,0,nan,nan,nan
23402,3.15291,0,nan,nan,nan
23403,3.15291,0,nan,nan,nan
23404,3.15291,0,nan,nan,nan
23405,3.15291,0,nan,nan,nan
23406,3.15291,0,nan,nan,nan
23407,3.15291,0,nan,nan,nan
23408,3.15291,0,nan,nan,nan
23409,3.15291,0,nan,nan,nan
23410,3.15291,0,nan,nan,nan
23411,3.15291,0,nan,nan,nan
23412,3.15291,0,nan,nan,nan
23413,3.15291,0,nan,nan,nan
23414,3.15291,0,nan,nan,nan
23415,3.15291,0,nan,nan,nan
23416,3.15291,0,nan,nan,nan
23417,3.15291,0,nan,nan,nan
23418,3.15291,0,nan,nan,nan
23419,3.15291,0,nan,nan,nan
23420,3.15291,0,nan,nan,nan
23421,3.15291,0,nan,nan,nan
23422,3.15291,0,nan,nan,nan
23423,3.15291,0,nan,nan,nan
23424,3.15291,0,nan,nan,nan
23425,3.15291,0,nan,nan,nan
23426,3.15291,0,nan,nan,nan
23427,3.15291,0,nan,nan,nan
23428,3.15291,0,nan,nan,nan
23429,3.15291,0,nan,nan,nan
23430,3.15291,0,nan,nan,nan
23431,3.15291,0,nan,nan,nan
23432,3.15291,0,nan,nan,nan
23433,3.15291,0,nan,nan,nan
23434,3.15291,0,nan,nan,nan
23435,3.15291,0,nan,nan,nan
23436,3.15291,0,nan,nan,nan
23437,3.15291,0,nan,nan,nan
23438,3.15291,0,nan,nan,nan
23439,3.15291,0,nan,nan,nan
23440,3.15291,0,nan,nan,nan
23441,3.15291,0,nan,nan,nan
23442,3.15291,0,nan,nan,nan
23443,3.15291,0,nan,nan,nan
23444,3.15291,0,nan,nan,nan
23445,3.15291,0,nan,nan,nan
23446,3.15291,0,nan,nan,nan
23447,3.15291,0,nan,nan,nan
23448,3.15291,0,nan,nan,nan
23449,3.15291,0,nan,nan,nan
23450,3.15291,0,nan,nan,nan
23451,3.15291,0,nan,nan,nan
23452,3.15291,0,nan,nan,nan
23453,3.15291,0,nan,nan,nan
23454,3.15291,0,nan,nan,nan
23455,3.15291,0,nan,nan,nan
23456,3.15291,0,nan,nan,nan
23457,3.15291,0,nan,nan,nan
23458,3.15291,0,nan,nan,nan
23459,3.15291,0,nan,nan,nan
23460,3.15291,0,nan,nan,nan
23461,3.15291,0,nan,nan,nan
23462,3.15291,0,nan,nan,nan
23463,3.15291,0,nan,nan,nan
23464,3.15291,0,nan,nan,nan
23465,3.15291,0,nan,nan,nan
23466,3.15291,0,nan,nan,nan
23467,3.15291,0,nan,nan,nan
23468,3.15291,0,nan,nan,nan
23469,3.15291,0,nan,nan,nan
23470,3.15291,0,nan,nan,nan
23471,3.15291,0,nan,nan,nan
23472,3.15291,0,nan,nan,nan
23473,3.15291,0,nan,nan,nan
23474,3.15291,0,nan,nan,nan
23475,3.15291,0,nan,nan,nan
23476,3.15291,0,nan,nan,nan
23477,3.15291,0,nan,nan,nan
23478,3.15291,0,nan,nan,nan
23479,3.15291,0,nan,nan,nan
23480,3.15291,0,nan,nan,nan
23481,3.15291,0,nan,nan,nan
23482,3.15291,0,nan,nan,nan
23483,3.15291,0,nan,nan,nan
23484,3.15291,0,nan,nan,nan
23485,3.15291,0,nan,nan,nan
23486,3.15291,0,nan,nan,nan
23487,3.15291,0,nan,nan,nan
23488,3.15291,0,nan,nan,nan
23489,3.15291,0,nan,nan,nan
23490,3.15291,0,nan,nan,nan
23491,3.15291,0,nan,nan,nan
23492,3.15291,0,nan,nan,nan
23493,3.15291,0,nan,nan,nan
23494,3.15291,0,nan,nan,nan
23495,3.15291,0,nan,nan,nan
23496,3.15291,0,nan,nan,nan
23497,3.15291,0,nan,nan,nan
23498,3.15291,0,nan,nan,nan
23499,3.15291,0,nan,nan,nan
23500,3.15291,0,nan,nan,nan
23501,3.15291,0,nan,nan,nan
23502,3.15291,0,nan,nan,nan
23503,3.15291,0,nan,nan,nan
23504,3.15291,0,nan,nan,nan
23505,3.15291,0,nan,nan,nan
23506,3.15291,0,nan,nan,nan
23507,3.15291,0,nan,nan,nan
23508,3.15291,0,nan,nan,nan
23509,3.15291,0,nan,nan,nan
23510,3.15291,0,nan,nan,nan
23511,3.15291,0,nan,nan,nan
23512,3.15291,0,nan,nan,nan
23513,3.15291,0,nan,nan,nan
23514,3.15291,0,nan,nan,nan
23515,3.15291,0,nan,nan,nan
23516,3.15291,0,nan,nan,nan
23517,3.15291,0,nan,nan,nan
23518,3.15291,0,nan,nan,nan
23519,3.15291,0,nan,nan,nan
23520,3.15291,0,nan,nan,nan
23521,3.15291,0,nan,nan,nan
23522,3.15291,0,nan,nan,nan
23523,3.15291,0,nan,nan,nan
23524,3.15291,0,nan,nan,nan
23525,3.15291,0,nan,nan,nan
23526,3.15291,0,nan,nan,nan
23527,3.15291,0,nan,nan,nan
23528,3.15291,0,nan,nan,nan
23529,3.15291,0,nan,nan,nan
23530,3.15291,0,nan,nan,nan
23531,3.15291,0,nan,nan,nan
23532,3.15291,0,nan,nan,nan
23533,3.15291,0,nan,nan,nan
23534,3.15291,0,nan,nan,nan
23535,3.15291,0,nan,nan,nan
23536,3.15291,0,nan,nan,nan
23537,3.15291,0,nan,nan,nan
23538,3.15291,0,nan,nan,nan
23539,3.15291,0,nan,nan,nan
23540,3.15291,0,nan,nan,nan
23541,3.15291,0,nan,nan,nan
23542,3.15291,0,nan,nan,nan
23543,3.15291,0,nan,nan,nan
23544,3.15291,0,nan,nan,nan
23545,3.15291,0,nan,nan,nan
23546,3.15291,0,nan,nan,nan
23547,3.15291,0,nan,nan,nan
23548,3.15291,0,nan,nan,nan
23549,3.15291,0,nan,nan,nan
23550,3.15291,0,nan,nan,nan
23551,3.15291,0,nan,nan,nan
23552,3.15291,0,nan,nan,nan
23553,3.15291,0,nan,nan,nan
23554,3.15291,0,nan,nan,nan
23555,3.15291,0,nan,nan,nan
23556,3.15291,0,nan,nan,nan
23557,3.15291,0,nan,nan,nan
23558,3.15291,0,nan,nan,nan
23559,3.15291,0,nan,nan,nan
23560,3.15291,0,nan,nan,nan
23561,3.15291,0,nan,nan,nan
23562,3.15291,0,nan,nan,nan
23563,3.15291,0,nan,nan,nan
23564,3.15291,0,nan,nan,nan
23565,3.15291,0,nan,nan,nan
23566,3.15291,0,nan,nan,nan
23567,3.15291,0,nan,nan,nan
23568,3.15291,0,nan,nan,nan
23569,3.15291,0,nan,nan,nan
23570,3.15291,0,nan,nan,nan
23571,3.15291,0,nan,nan,nan
23572,3.15291,0,nan,nan,nan
23573,3.15291,0,nan,nan,nan
23574,3.15291,0,nan,nan,nan
23575,3.15291,0,nan,nan,nan
23576,3.15291,0,nan,nan,nan
23577,3.15291,0,nan,nan,nan
23578,3.15291,0,nan,nan,nan
23579,3.15291,0,nan,nan,nan
23580,3.15291,0,nan,nan,nan
23581,3.15291,0,nan,nan,nan
23582,3.15291,0,nan,nan,nan
23583,3.15291,0,nan,nan,nan
23584,3.15291,0,nan,nan,nan
23585,3.15291,0,nan,nan,nan
23586,3.15291,0,nan,nan,nan
23587,3.15291,0,nan,nan,nan
23588,3.15291,0,nan,nan,nan
23589,3.15291,0,nan,nan,nan
23590,3.15291,0,nan,nan,nan
23591,3.15291,0,nan,nan,nan
23592,3.15291,0,nan,nan,nan
23593,3.15291,0,nan,nan,nan
23594,3.15291,0,nan,nan,nan
23595,3.15291,0,nan,nan,nan
23596,3.15291,0,nan,nan,nan
23597,3.15291,0,nan,nan,nan
23598,3.15291,0,nan,nan,nan
23599,3.15291,0,nan,nan,nan
23600,3.15291,0,nan,nan,nan
23601,3.15291,0,nan,nan,nan
23602,3.15291,0,nan,nan,nan
23603,3.15291,0,nan,nan,nan
23604,3.15291,0,nan,nan,nan
23605,3.15291,0,nan,nan,nan
23606,3.15291,0,nan,nan,nan
23607,3.15291,0,nan,nan,nan
23608,3.15291,0,nan,nan,nan
23609,3.15291,0,nan,nan,nan
23610,3.15291,0,nan,nan,nan
23611,3.15291,0,nan,nan,nan
23612,3.15291,0,nan,nan,nan
23613,3.15291,0,nan,nan,nan
23614,3.15291,0,nan,nan,nan
23615,3.15291,0,nan,nan,nan
23616,3.15291,0,nan,nan,nan
23617,3.15291,0,nan,nan,nan
23618,3.15291,0,nan,nan,nan
23619,3.15291,0,nan,nan,nan
23620,3.15291,0,nan,nan,nan
23621,3.15291,0,nan,nan,nan
23622,3.15291,0,nan,nan,nan
23623,3.15291,0,nan,nan,nan
23624,3.15291,0,nan,nan,nan
23625,3.15291,0,nan,nan,nan
23626,3.15291,0,nan,nan,nan
23627,3.15291,0,nan,nan,nan
23628,3.15291,0,nan,nan,nan
23629,3.15291,0,nan,nan,nan
23630,3.15291,0,nan,nan,nan
23631,3.15291,0,nan,nan,nan
23632,3.15291,0,nan,nan,nan
23633,3.15291,0,nan,nan,nan
23634,3.15291,0,nan,nan,nan
23635,3.15291,0,nan,nan,nan
23636,3.15291,0,nan,nan,nan
23637,3.15291,0,nan,nan,nan
23638,3.15291,0,nan,nan,nan
23639,3.15291,0,nan,nan,nan
23640,3.15291,0,nan,nan,nan
23641,3.15291,0,nan,nan,nan
23642,3.15291,0,nan,nan,nan
23643,3.15291,0,nan,nan,nan
23644,3.15291,0,nan,nan,nan
23645,3.15291,0,nan,nan,nan
23646,3.15291,0,nan,nan,nan
23647,3.15291,0,nan,nan,nan
23648,3.15291,0,nan,nan,nan
23649,3.15291,0,nan,nan,nan
23650,3.15291,0,nan,nan,nan
23651,3.15291,0,nan,nan,nan
23652,3.15291,0,nan,nan,nan
23653,3.15291,0,nan,nan,nan
23654,3.15291,0,nan,nan,nan
23655,3.15291,0,nan,nan,nan
23656,3.15291,0,nan,nan,nan
23657,3.15291,0,nan,nan,nan
23658,3.15291,0,nan,nan,nan
23659,3.15291,0,nan,nan,nan
23660,3.15291,0,nan,nan,nan
23661,3.15291,0,nan,nan,nan
23662,3.15291,0,nan,nan,nan
23663,3.15291,0,nan,nan,nan
23664,3.15291,0,nan,nan,nan
23665,3.15291,0,nan,nan,nan
23666,3.15291,0,nan,nan,nan
23667,3.15291,0,nan,nan,nan
23668,3.15291,0,nan,nan,nan
23669,3.15291,0,nan,nan,nan
23670,3.15291,0,nan,nan,nan
23671,3.15291,0,nan,nan,nan
23672,3.15291,0,nan,nan,nan
23673,3.15291,0,nan,nan,nan
23674,3.15291,0,nan,nan,nan
23675,3.15291,0,nan,nan,nan
23676,3.15291,0,nan,nan,nan
23677,3.15291,0,nan,nan,nan
23678,3.15291,0,nan,nan,nan
23679,3.15291,0,nan,nan,nan
23680,3.15291,0,nan,nan,nan
23681,3.15291,0,nan,nan,nan
23682,3.15291,0,nan,nan,nan
23683,3.15291,0,nan,nan,nan
23684,3.15291,0,nan,nan,nan
23685,3.15291,0,nan,nan,nan
23686,3.15291,0,nan,nan,nan
23687,3.15291,0,nan,nan,nan
23688,3.15291,0,nan,nan,nan
23689,3.15291,0,nan,nan,nan
23690,3.15291,0,nan,nan,nan
23691,3.15291,0,nan,nan,nan
23692,3.15291,0,nan,nan,nan
23693,3.15291,0,nan,nan,nan
23694,3.15291,0,nan,nan,nan
23695,3.15291,0,nan,nan,nan
23696,3.15291,0,nan,nan,nan
23697,3.15291,0,nan,nan,nan
23698,3.15291,0,nan,nan,nan
23699,3.15291,0,nan,nan,nan
23700,3.15291,0,nan,nan,nan
23701,3.15291,0,nan,nan,nan
23702,3.15291,0,nan,nan,nan
23703,3.15291,0,nan,nan,nan
23704,3.15291,0,nan,nan,nan
23705,3.15291,0,nan,nan,nan
23706,3.15291,0,nan,nan,nan
23707,3.15291,0,nan,nan,nan
23708,3.15291,0,nan,nan,nan
23709,3.15291,0,nan,nan,nan
23710,3.15291,0,nan,nan,nan
23711,3.15291,0,nan,nan,nan
23712,3.15291,0,nan,nan,nan
23713,3.15291,0,nan,nan,nan
23714,3.15291,0,nan,nan,nan
23715,3.15291,0,nan,nan,nan
23716,3.15291,0,nan,nan,nan
23717,3.15291,0,nan,nan,nan
23718,3.15291,0,nan,nan,nan
23719,3.15291,0,nan,nan,nan
23720,3.15291,0,nan,nan,nan
23721,3.15291,0,nan,nan,nan
23722,3.15291,0,nan,nan,nan
23723,3.15291,0,nan,nan,nan
23724,3.15291,0,nan,nan,nan
23725,3.15291,0,nan,nan,nan
23726,3.15291,0,nan,nan,nan
23727,3.15291,0,nan,nan,nan
23728,3.15291,0,nan,nan,nan
23729,3.15291,0,nan,nan,nan
23730,3.15291,0,nan,nan,nan
23731,3.15291,0,nan,nan,nan
23732,3.15291,0,nan,nan,nan
23733,3.15291,0,nan,nan,nan
23734,3.15291,0,nan,nan,nan
23735,3.15291,0,nan,nan,nan
23736,3.15291,0,nan,nan,nan
23737,3.15291,0,nan,nan,nan
23738,3.15291,0,nan,nan,nan
23739,3.15291,0,nan,nan,nan
23740,3.15291,0,nan,nan,nan
23741,3.15291,0,nan,nan,nan
23742,3.15291,0,nan,nan,nan
23743,3.15291,0,nan,nan,nan
23744,3.15291,0,nan,nan,nan
23745,3.15291,0,nan,nan,nan
23746,3.15291,0,nan,nan,nan
23747,3.15291,0,nan,nan,nan
23748,3.15291,0,nan,nan,nan
23749,3.15291,0,nan,nan,nan
23750,3.15291,0,nan,nan,nan
23751,3.15291,0,nan,nan,nan
23752,3.15291,0,nan,nan,nan
23753,3.15291,0,nan,nan,nan
23754,3.15291,0,nan,nan,nan
23755,3.15291,0,nan,nan,nan
23756,3.15291,0,nan,nan,nan
23757,3.15291,0,nan,nan,nan
23758,3.15291,0,nan,nan,nan
23759,3.15291,0,nan,nan,nan
23760,3.15291,0,nan,nan,nan
23761,3.15291,0,nan,nan,nan
23762,3.15291,0,nan,nan,nan
23763,3.15291,0,nan,nan,nan
23764,3.15291,0,nan,nan,nan
23765,3.15291,0,nan,nan,nan
23766,3.15291,0,nan,nan,nan
23767,3.15291,0,nan,nan,nan
23768,3.15291,0,nan,nan,nan
23769,3.15291,0,nan,nan,nan
23770,3.15291,0,nan,nan,nan
23771,3.15291,0,nan,nan,nan
23772,3.15291,0,nan,nan,nan
23773,3.15291,0,nan,nan,nan
23774,3.15291,0,nan,nan,nan
23775,3.15291,0,nan,nan,nan
23776,3.15291,0,nan,nan,nan
23777,3.15291,0,nan,nan,nan
23778,3.15291,0,nan,nan,nan
23779,3.15291,0,nan,nan,nan
23780,3.15291,0,nan,nan,nan
23781,3.15291,0,nan,nan,nan
23782,3.15291,0,nan,nan,nan
23783,3.15291,0,nan,nan,nan
23784,3.15291,0,nan,nan,nan
23785,3.15291,0,nan,nan,nan
23786,3.15291,0,nan,nan,nan
23787,3.15291,0,nan,nan,nan
23788,3.15291,0,nan,nan,nan
23789,3.15291,0,nan,nan,nan
23790,3.15291,0,nan,nan,nan
23791,3.15291,0,nan,nan,nan
23792,3.15291,0,nan,nan,nan
23793,3.15291,0,nan,nan,nan
23794,3.15291,0,nan,nan,nan
23795,3.15291,0,nan,nan,nan
23796,3.15291,0,nan,nan,nan
23797,3.15291,0,nan,nan,nan
23798,3.15291,0,nan,nan,nan
23799,3.15291,0,nan,nan,nan
23800,3.15291,0,nan,nan,nan
23801,3.15291,0,nan,nan,nan
23802,3.15291,0,nan,nan,nan
23803,3.15291,0,nan,nan,nan
23804,3.15291,0,nan,nan,nan
23805,3.15291,0,nan,nan,nan
23806,3.15291,0,nan,nan,nan
23807,3.15291,0,nan,nan,nan
23808,3.15291,0,nan,nan,nan
23809,3.15291,0,nan,nan,nan
23810,3.15291,0,nan,nan,nan
23811,3.15291,0,nan,nan,nan
23812,3.15291,0,nan,nan,nan
23813,3.15291,0,nan,nan,nan
23814,3.15291,0,nan,nan,nan
23815,3.15291,0,nan,nan,nan
23816,3.15291,0,nan,nan,nan
23817,3.15291,0,nan,nan,nan
23818,3.15291,0,nan,nan,nan
23819,3.15291,0,nan,nan,nan
23820,3.15291,0,nan,nan,nan
23821,3.15291,0,nan,nan,nan
23822,3.15291,0,nan,nan,nan
23823,3.15291,0,nan,nan,nan
23824,3.15291,0,nan,nan,nan
23825,3.15291,0,nan,nan,nan
23826,3.15291,0,nan,nan,nan
23827,3.15291,0,nan,nan,nan
23828,3.15291,0,nan,nan,nan
23829,3.15291,0,nan,nan,nan
23830,3.15291,0,nan,nan,nan
23831,3.15291,0,nan,nan,nan
23832,3.15291,0,nan,nan,nan
23833,3.15291,0,nan,nan,nan
23834,3.15291,0,nan,nan,nan
23835,3.15291,0,nan,nan,nan
23836,3.15291,0,nan,nan,nan
23837,3.15291,0,nan,nan,nan
23838,3.15291,0,nan,nan,nan
23839,3.15291,0,nan,nan,nan
23840,3.15291,0,nan,nan,nan
23841,3.15291,0,nan,nan,nan
23842,3.15291,0,nan,nan,nan
23843,3.15291,0,nan,nan,nan
23844,3.15291,0,nan,nan,nan
23845,3.15291,0,nan,nan,nan
23846,3.15291,0,nan,nan,nan
23847,3.15291,0,nan,nan,nan
23848,3.15291,0,nan,nan,nan
23849,3.15291,0,nan,nan,nan
23850,3.15291,0,nan,nan,nan
23851,3.15291,0,nan,nan,nan
23852,3.15291,0,nan,nan,nan
23853,3.15291,0,nan,nan,nan
23854,3.15291,0,nan,nan,nan
23855,3.15291,0,nan,nan,nan
23856,3.15291,0,nan,nan,nan
23857,3.15291,0,nan,nan,nan
23858,3.15291,0,nan,nan,nan
23859,3.15291,0,nan,nan,nan
23860,3.15291,0,nan,nan,nan
23861,3.15291,0,nan,nan,nan
23862,3.15291,0,nan,nan,nan
23863,3.15291,0,nan,nan,nan
23864,3.15291,0,nan,nan,nan
23865,3.15291,0,nan,nan,nan
23866,3.15291,0,nan,nan,nan
23867,3.15291,0,nan,nan,nan
23868,3.15291,0,nan,nan,nan
23869,3.15291,0,nan,nan,nan
23870,3.15291,0,nan,nan,nan
23871,3.15291,0,nan,nan,nan
23872,3.15291,0,nan,nan,nan
23873,3.15291,0,nan,nan,nan
23874,3.15291,0,nan,nan,nan
23875,3.15291,0,nan,nan,nan
23876,3.15291,0,nan,nan,nan
23877,3.15291,0,nan,nan,nan
23878,3.15291,0,nan,nan,nan
23879,3.15291,0,nan,nan,nan
23880,3.15291,0,nan,nan,nan
23881,3.15291,0,nan,nan,nan
23882,3.15291,0,nan,nan,nan
23883,3.15291,0,nan,nan,nan
23884,3.15291,0,nan,nan,nan
23885,3.15291,0,nan,nan,nan
23886,3.15291,0,nan,nan,nan
23887,3.15291,0,nan,nan,nan
23888,3.15291,0,nan,nan,nan
23889,3.15291,0,nan,nan,nan
23890,3.15291,0,nan,nan,nan
23891,3.15291,0,nan,nan,nan
23892,3.15291,0,nan,nan,nan
23893,3.15291,0,nan,nan,nan
23894,3.15291,0,nan,nan,nan
23895,3.15291,0,nan,nan,nan
23896,3.15291,0,nan,nan,nan
23897,3.15291,0,nan,nan,nan
23898,3.15291,0,nan,nan,nan
23899,3.15291,0,nan,nan,nan
23900,3.15291,0,nan,nan,nan
23901,3.15291,0,nan,nan,nan
23902,3.15291,0,nan,nan,nan
23903,3.15291,0,nan,nan,nan
23904,3.15291,0,nan,nan,nan
23905,3.15291,0,nan,nan,nan
23906,3.15291,0,nan,nan,nan
23907,3.15291,0,nan,nan,nan
23908,3.15291,0,nan,nan,nan
23909,3.15291,0,nan,nan,nan
23910,3.15291,0,nan,nan,nan
23911,3.15291,0,nan,nan,nan
23912,3.15291,0,nan,nan,nan
23913,3.15291,0,nan,nan,nan
23914,3.15291,0,nan,nan,nan
23915,3.15291,0,nan,nan,nan
23916,3.15291,0,nan,nan,nan
23917,3.15291,0,nan,nan,nan
23918,3.15291,0,nan,nan,nan
23919,3.15291,0,nan,nan,nan
23920,3.15291,0,nan,nan,nan
23921,3.15291,0,nan,nan,nan
23922,3.15291,0,nan,nan,nan
23923,3.15291,0,nan,nan,nan
23924,3.15291,0,nan,nan,nan
23925,3.15291,0,nan,nan,nan
23926,3.15291,0,nan,nan,nan
23927,3.15291,0,nan,nan,nan
23928,3.15291,0,nan,nan,nan
23929,3.15291,0,nan,nan,nan
23930,3.15291,0,nan,nan,nan
23931,3.15291,0,nan,nan,nan
23932,3.15291,0,nan,nan,nan
23933,3.15291,0,nan,nan,nan
23934,3.15291,0,nan,nan,nan
23935,3.15291,0,nan,nan,nan
23936,3.15291,0,nan,nan,nan
23937,3.15291,0,nan,nan,nan
23938,3.15291,0,nan,nan,nan
23939,3.15291,0,nan,nan,nan
23940,3.15291,0,nan,nan,nan
23941,3.15291,0,nan,nan,nan
23942,3.15291,0,nan,nan,nan
23943,3.15291,0,nan,nan,nan
23944,3.15291,0,nan,nan,nan
23945,3.15291,0,nan,nan,nan
23946,3.15291,0,nan,nan,nan
23947,3.15291,0,nan,nan,nan
23948,3.15291,0,nan,nan,nan
23949,3.15291,0,nan,nan,nan
23950,3.15291,0,nan,nan,nan
23951,3.15291,0,nan,nan,nan
23952,3.15291,0,nan,nan,nan
23953,3.15291,0,nan,nan,nan
23954,3.15291,0,nan,nan,nan
23955,3.15291,0,nan,nan,nan
23956,3.15291,0,nan,nan,nan
23957,3.15291,0,nan,nan,nan
23958,3.15291,0,nan,nan,nan
23959,3.15291,0,nan,nan,nan
23960,3.15291,0,nan,nan,nan
23961,3.15291,0,nan,nan,nan
23962,3.15291,0,nan,nan,nan
23963,3.15291,0,nan,nan,nan
23964,3.15291,0,nan,nan,nan
23965,3.15291,0,nan,nan,nan
23966,3.15291,0,nan,nan,nan
23967,3.15291,0,nan,nan,nan
23968,3.15291,0,nan,nan,nan
23969,3.15291,0,nan,nan,nan
23970,3.15291,0,nan,nan,nan
23971,3.15291,0,nan,nan,nan
23972,3.15291,0,nan,nan,nan
23973,3.15291,0,nan,nan,nan
23974,3.15291,0,nan,nan,nan
23975,3.15291,0,nan,nan,nan
23976,3.15291,0,nan,nan,nan
23977,3.15291,0,nan,nan,nan
23978,3.15291,0,nan,nan,nan
23979,3.15291,0,nan,nan,nan
23980,3.15291,0,nan,nan,nan
23981,3.15291,0,nan,nan,nan
23982,3.15291,0,nan,nan,nan
23983,3.15291,0,nan,nan,nan
23984,3.15291,0,nan,nan,nan
23985,3.15291,0,nan,nan,nan
23986,3.15291,0,nan,nan,nan
23987,3.15291,0,nan,nan,nan
23988,3.15291,0,nan,nan,nan
23989,3.15291,0,nan,nan,nan
23990,3.15291,0,nan,nan,nan
23991,3.15291,0,nan,nan,nan
23992,3.15291,0,nan,nan,nan
23993,3.15291,0,nan,nan,nan
23994,3.15291,0,nan,nan,nan
23995,3.15291,0,nan,nan,nan
23996,3.15291,0,nan,nan,nan
23997,3.15291,0,nan,nan,nan
23998,3.15291,0,nan,nan,nan
23999,3.15291,0,nan,nan,nan
24000,3.15291,0,nan,nan,nan
24001,3.15291,0,nan,nan,nan
24002,3.15291,0,nan,nan,nan
24003,3.15291,0,nan,nan,nan
24004,3.15291,0,nan,nan,nan
24005,3.15291,0,nan,nan,nan
24006,3.15291,0,nan,nan,nan
24007,3.15291,0,nan,nan,nan
24008,3.15291,0,nan,nan,nan
24009,3.15291,0,nan,nan,nan
24010,3.15291,0,nan,nan,nan
24011,3.15291,0,nan,nan,nan
24012,3.15291,0,nan,nan,nan
24013,3.15291,0,nan,nan,nan
24014,3.15291,0,nan,nan,nan
24015,3.15291,0,nan,nan,nan
24016,3.15291,0,nan,nan,nan
24017,3.15291,0,nan,nan,nan
24018,3.15291,0,nan,nan,nan
24019,3.15291,0,nan,nan,nan
24020,3.15291,0,nan,nan,nan
24021,3.15291,0,nan,nan,nan
24022,3.15291,0,nan,nan,nan
24023,3.15291,0,nan,nan,nan
24024,3.15291,0,nan,nan,nan
24025,3.15291,0,nan,nan,nan
24026,3.15291,0,nan,nan,nan
24027,3.15291,0,nan,nan,nan
24028,3.15291,0,nan,nan,nan
24029,3.15291,0,nan,nan,nan
24030,3.15291,0,nan,nan,nan
24031,3.15291,0,nan,nan,nan
24032,3.15291,0,nan,nan,nan
24033,3.15291,0,nan,nan,nan
24034,3.15291,0,nan,nan,nan
24035,3.15291,0,nan,nan,nan
24036,3.15291,0,nan,nan,nan
24037,3.15291,0,nan,nan,nan
24038,3.15291,0,nan,nan,nan
24039,3.15291,0,nan,nan,nan
24040,3.15291,0,nan,nan,nan
24041,3.15291,0,nan,nan,nan
24042,3.15291,0,nan,nan,nan
24043,3.15291,0,nan,nan,nan
24044,3.15291,0,nan,nan,nan
24045,3.15291,0,nan,nan,nan
24046,3.15291,0,nan,nan,nan
24047,3.15291,0,nan,nan,nan
24048,3.15291,0,nan,nan,nan
24049,3.15291,0,nan,nan,nan
24050,3.15291,0,nan,nan,nan
24051,3.15291,0,nan,nan,nan
24052,3.15291,0,nan,nan,nan
24053,3.15291,0,nan,nan,nan
24054,3.15291,0,nan,nan,nan
24055,3.15291,0,nan,nan,nan
24056,3.15291,0,nan,nan,nan
24057,3.15291,0,nan,nan,nan
24058,3.15291,0,nan,nan,nan
24059,3.15291,0,nan,nan,nan
24060,3.15291,0,nan,nan,nan
24061,3.15291,0,nan,nan,nan
24062,3.15291,0,nan,nan,nan
24063,3.15291,0,nan,nan,nan
24064,3.15291,0,nan,nan,nan
24065,3.15291,0,nan,nan,nan
24066,3.15291,0,nan,nan,nan
24067,3.15291,0,nan,nan,nan
24068,3.15291,0,nan,nan,nan
24069,3.15291,0,nan,nan,nan
24070,3.15291,0,nan,nan,nan
24071,3.15291,0,nan,nan,nan
24072,3.15291,0,nan,nan,nan
24073,3.15291,0,nan,nan,nan
24074,3.15291,0,nan,nan,nan
24075,3.15291,0,nan,nan,nan
24076,3.15291,0,nan,nan,nan
24077,3.15291,0,nan,nan,nan
24078,3.15291,0,nan,nan,nan
24079,3.15291,0,nan,nan,nan
24080,3.15291,0,nan,nan,nan
24081,3.15291,0,nan,nan,nan
24082,3.15291,0,nan,nan,nan
24083,3.15291,0,nan,nan,nan
24084,3.15291,0,nan,nan,nan
24085,3.15291,0,nan,nan,nan
24086,3.15291,0,nan,nan,nan
24087,3.15291,0,nan,nan,nan
24088,3.15291,0,nan,nan,nan
24089,3.15291,0,nan,nan,nan
24090,3.15291,0,nan,nan,nan
24091,3.15291,0,nan,nan,nan
24092,3.15291,0,nan,nan,nan
24093,3.15291,0,nan,nan,nan
24094,3.15291,0,nan,nan,nan
24095,3.15291,0,nan,nan,nan
24096,3.15291,0,nan,nan,nan
24097,3.15291,0,nan,nan,nan
24098,3.15291,0,nan,nan,nan
24099,3.15291,0,nan,nan,nan
24100,3.15291,0,nan,nan,nan
24101,3.15291,0,nan,nan,nan
24102,3.15291,0,nan,nan,nan
24103,3.15291,0,nan,nan,nan
24104,3.15291,0,nan,nan,nan
24105,3.15291,0,nan,nan,nan
24106,3.15291,0,nan,nan,nan
24107,3.15291,0,nan,nan,nan
24108,3.15291,0,nan,nan,nan
24109,3.15291,0,nan,nan,nan
24110,3.15291,0,nan,nan,nan
24111,3.15291,0,nan,nan,nan
24112,3.15291,0,nan,nan,nan
24113,3.15291,0,nan,nan,nan
24114,3.15291,0,nan,nan,nan
24115,3.15291,0,nan,nan,nan
24116,3.15291,0,nan,nan,nan
24117,3.15291,0,nan,nan,nan
24118,3.15291,0,nan,nan,nan
24119,3.15291,0,nan,nan,nan
24120,3.15291,0,nan,nan,nan
24121,3.15291,0,nan,nan,nan
24122,3.15291,0,nan,nan,nan
24123,3.15291,0,nan,nan,nan
24124,3.15291,0,nan,nan,nan
24125,3.15291,0,nan,nan,nan
24126,3.15291,0,nan,nan,nan
24127,3.15291,0,nan,nan,nan
24128,3.15291,0,nan,nan,nan
24129,3.15291,0,nan,nan,nan
24130,3.15291,0,nan,nan,nan
24131,3.15291,0,nan,nan,nan
24132,3.15291,0,nan,nan,nan
24133,3.15291,0,nan,nan,nan
24134,3.15291,0,nan,nan,nan
24135,3.15291,0,nan,nan,nan
24136,3.15291,0,nan,nan,nan
24137,3.15291,0,nan,nan,nan
24138,3.15291,0,nan,nan,nan
24139,3.15291,0,nan,nan,nan
24140,3.15291,0,nan,nan,nan
24141,3.15291,0,nan,nan,nan
24142,3.15291,0,nan,nan,nan
24143,3.15291,0,nan,nan,nan
24144,3.15291,0,nan,nan,nan
24145,3.15291,0,nan,nan,nan
24146,3.15291,0,nan,nan,nan
24147,3.15291,0,nan,nan,nan
24148,3.15291,0,nan,nan,nan
24149,3.15291,0,nan,nan,nan
24150,3.15291,0,nan,nan,nan
24151,3.15291,0,nan,nan,nan
24152,3.15291,0,nan,nan,nan
24153,3.15291,0,nan,nan,nan
24154,3.15291,0,nan,nan,nan
24155,3.15291,0,nan,nan,nan
24156,3.15291,0,nan,nan,nan
24157,3.15291,0,nan,nan,nan
24158,3.15291,0,nan,nan,nan
24159,3.15291,0,nan,nan,nan
24160,3.15291,0,nan,nan,nan
24161,3.15291,0,nan,nan,nan
24162,3.15291,0,nan,nan,nan
24163,3.15291,0,nan,nan,nan
24164,3.15291,0,nan,nan,nan
24165,3.15291,0,nan,nan,nan
24166,3.15291,0,nan,nan,nan
24167,3.15291,0,nan,nan,nan
24168,3.15291,0,nan,nan,nan
24169,3.15291,0,nan,nan,nan
24170,3.15291,0,nan,nan,nan
24171,3.15291,0,nan,nan,nan
24172,3.15291,0,nan,nan,nan
24173,3.15291,0,nan,nan,nan
24174,3.15291,0,nan,nan,nan
24175,3.15291,0,nan,nan,nan
24176,3.15291,0,nan,nan,nan
24177,3.15291,0,nan,nan,nan
24178,3.15291,0,nan,nan,nan
24179,3.15291,0,nan,nan,nan
24180,3.15291,0,nan,nan,nan
24181,3.15291,0,nan,nan,nan
24182,3.15291,0,nan,nan,nan
24183,3.15291,0,nan,nan,nan
24184,3.15291,0,nan,nan,nan
24185,3.15291,0,nan,nan,nan
24186,3.15291,0,nan,nan,nan
24187,3.15291,0,nan,nan,nan
24188,3.15291,0,nan,nan,nan
24189,3.15291,0,nan,nan,nan
24190,3.15291,0,nan,nan,nan
24191,3.15291,0,nan,nan,nan
24192,3.15291,0,nan,nan,nan
24193,3.15291,0,nan,nan,nan
24194,3.15291,0,nan,nan,nan
24195,3.15291,0,nan,nan,nan
24196,3.15291,0,nan,nan,nan
24197,3.15291,0,nan,nan,nan
24198,3.15291,0,nan,nan,nan
24199,3.15291,0,nan,nan,nan
24200,3.15291,0,nan,nan,nan
24201,3.15291,0,nan,nan,nan
24202,3.15291,0,nan,nan,nan
24203,3.15291,0,nan,nan,nan
24204,3.15291,0,nan,nan,nan
24205,3.15291,0,nan,nan,nan
24206,3.15291,0,nan,nan,nan
24207,3.15291,0,nan,nan,nan
24208,3.15291,0,nan,nan,nan
24209,3.15291,0,nan,nan,nan
24210,3.15291,0,nan,nan,nan
24211,3.15291,0,nan,nan,nan
24212,3.15291,0,nan,nan,nan
24213,3.15291,0,nan,nan,nan
24214,3.15291,0,nan,nan,nan
24215,3.15291,0,nan,nan,nan
24216,3.15291,0,nan,nan,nan
24217,3.15291,0,nan,nan,nan
24218,3.15291,0,nan,nan,nan
24219,3.15291,0,nan,nan,nan
24220,3.15291,0,nan,nan,nan
24221,3.15291,0,nan,nan,nan
24222,3.15291,0,nan,nan,nan
24223,3.15291,0,nan,nan,nan
24224,3.15291,0,nan,nan,nan
24225,3.15291,0,nan,nan,nan
24226,3.15291,0,nan,nan,nan
24227,3.15291,0,nan,nan,nan
24228,3.15291,0,nan,nan,nan
24229,3.15291,0,nan,nan,nan
24230,3.15291,0,nan,nan,nan
24231,3.15291,0,nan,nan,nan
24232,3.15291,0,nan,nan,nan
24233,3.15291,0,nan,nan,nan
24234,3.15291,0,nan,nan,nan
24235,3.15291,0,nan,nan,nan
24236,3.15291,0,nan,nan,nan
24237,3.15291,0,nan,nan,nan
24238,3.15291,0,nan,nan,nan
24239,3.15291,0,nan,nan,nan
24240,3.15291,0,nan,nan,nan
24241,3.15291,0,nan,nan,nan
24242,3.15291,0,nan,nan,nan
24243,3.15291,0,nan,nan,nan
24244,3.15291,0,nan,nan,nan
24245,3.15291,0,nan,nan,nan
24246,3.15291,0,nan,nan,nan
24247,3.15291,0,nan,nan,nan
24248,3.15291,0,nan,nan,nan
24249,3.15291,0,nan,nan,nan
24250,3.15291,0,nan,nan,nan
24251,3.15291,0,nan,nan,nan
24252,3.15291,0,nan,nan,nan
24253,3.15291,0,nan,nan,nan
24254,3.15291,0,nan,nan,nan
24255,3.15291,0,nan,nan,nan
24256,3.15291,0,nan,nan,nan
24257,3.15291,0,nan,nan,nan
24258,3.15291,0,nan,nan,nan
24259,3.15291,0,nan,nan,nan
24260,3.15291,0,nan,nan,nan
24261,3.15291,0,nan,nan,nan
24262,3.15291,0,nan,nan,nan
24263,3.15291,0,nan,nan,nan
24264,3.15291,0,nan,nan,nan
24265,3.15291,0,nan,nan,nan
24266,3.15291,0,nan,nan,nan
24267,3.15291,0,nan,nan,nan
24268,3.15291,0,nan,nan,nan
24269,3.15291,0,nan,nan,nan
24270,3.15291,0,nan,nan,nan
24271,3.15291,0,nan,nan,nan
24272,3.15291,0,nan,nan,nan
24273,3.15291,0,nan,nan,nan
24274,3.15291,0,nan,nan,nan
24275,3.15291,0,nan,nan,nan
24276,3.15291,0,nan,nan,nan
24277,3.15291,0,nan,nan,nan
24278,3.15291,0,nan,nan,nan
24279,3.15291,0,nan,nan,nan
24280,3.15291,0,nan,nan,nan
24281,3.15291,0,nan,nan,nan
24282,3.15291,0,nan,nan,nan
24283,3.15291,0,nan,nan,nan
24284,3.15291,0,nan,nan,nan
24285,3.15291,0,nan,nan,nan
24286,3.15291,0,nan,nan,nan
24287,3.15291,0,nan,nan,nan
24288,3.15291,0,nan,nan,nan
24289,3.15291,0,nan,nan,nan
24290,3.15291,0,nan,nan,nan
24291,3.15291,0,nan,nan,nan
24292,3.15291,0,nan,nan,nan
24293,3.15291,0,nan,nan,nan
24294,3.15291,0,nan,nan,nan
24295,3.15291,0,nan,nan,nan
24296,3.15291,0,nan,nan,nan
24297,3.15291,0,nan,nan,nan
24298,3.15291,0,nan,nan,nan
24299,3.15291,0,nan,nan,nan
24300,3.15291,0,nan,nan,nan
24301,3.15291,0,nan,nan,nan
24302,3.15291,0,nan,nan,nan
24303,3.15291,0,nan,nan,nan
24304,3.15291,0,nan,nan,nan
24305,3.15291,0,nan,nan,nan
24306,3.15291,0,nan,nan,nan
24307,3.15291,0,nan,nan,nan
24308,3.15291,0,nan,nan,nan
24309,3.15291,0,nan,nan,nan
24310,3.15291,0,nan,nan,nan
24311,3.15291,0,nan,nan,nan
24312,3.15291,0,nan,nan,nan
24313,3.15291,0,nan,nan,nan
24314,3.15291,0,nan,nan,nan
24315,3.15291,0,nan,nan,nan
24316,3.15291,0,nan,nan,nan
24317,3.15291,0,nan,nan,nan
24318,3.15291,0,nan,nan,nan
24319,3.15291,0,nan,nan,nan
24320,3.15291,0,nan,nan,nan
24321,3.15291,0,nan,nan,nan
24322,3.15291,0,nan,nan,nan
24323,3.15291,0,nan,nan,nan
24324,3.15291,0,nan,nan,nan
24325,3.15291,0,nan,nan,nan
24326,3.15291,0,nan,nan,nan
24327,3.15291,0,nan,nan,nan
24328,3.15291,0,nan,nan,nan
24329,3.15291,0,nan,nan,nan
24330,3.15291,0,nan,nan,nan
24331,3.15291,0,nan,nan,nan
24332,3.15291,0,nan,nan,nan
24333,3.15291,0,nan,nan,nan
24334,3.15291,0,nan,nan,nan
24335,3.15291,0,nan,nan,nan
24336,3.15291,0,nan,nan,nan
24337,3.15291,0,nan,nan,nan
24338,3.15291,0,nan,nan,nan
24339,3.15291,0,nan,nan,nan
24340,3.15291,0,nan,nan,nan
24341,3.15291,0,nan,nan,nan
24342,3.15291,0,nan,nan,nan
24343,3.15291,0,nan,nan,nan
24344,3.15291,0,nan,nan,nan
24345,3.15291,0,nan,nan,nan
24346,3.15291,0,nan,nan,nan
24347,3.15291,0,nan,nan,nan
24348,3.15291,0,nan,nan,nan
24349,3.15291,0,nan,nan,nan
24350,3.15291,0,nan,nan,nan
24351,3.15291,0,nan,nan,nan
24352,3.15291,0,nan,nan,nan
24353,3.15291,0,nan,nan,nan
24354,3.15291,0,nan,nan,nan
24355,3.15291,0,nan,nan,nan
24356,3.15291,0,nan,nan,nan
24357,3.15291,0,nan,nan,nan
24358,3.15291,0,nan,nan,nan
24359,3.15291,0,nan,nan,nan
24360,3.15291,0,nan,nan,nan
24361,3.15291,0,nan,nan,nan
24362,3.15291,0,nan,nan,nan
24363,3.15291,0,nan,nan,nan
24364,3.15291,0,nan,nan,nan
24365,3.15291,0,nan,nan,nan
24366,3.15291,0,nan,nan,nan
24367,3.15291,0,nan,nan,nan
24368,3.15291,0,nan,nan,nan
24369,3.15291,0,nan,nan,nan
24370,3.15291,0,nan,nan,nan
24371,3.15291,0,nan,nan,nan
24372,3.15291,0,nan,nan,nan
24373,3.15291,0,nan,nan,nan
24374,3.15291,0,nan,nan,nan
24375,3.15291,0,nan,nan,nan
24376,3.15291,0,nan,nan,nan
24377,3.15291,0,nan,nan,nan
24378,3.15291,0,nan,nan,nan
24379,3.15291,0,nan,nan,nan
24380,3.15291,0,nan,nan,nan
24381,3.15291,0,nan,nan,nan
24382,3.15291,0,nan,nan,nan
24383,3.15291,0,nan,nan,nan
24384,3.15291,0,nan,nan,nan
24385,3.15291,0,nan,nan,nan
24386,3.15291,0,nan,nan,nan
24387,3.15291,0,nan,nan,nan
24388,3.15291,0,nan,nan,nan
24389,3.15291,0,nan,nan,nan
24390,3.15291,0,nan,nan,nan
24391,3.15291,0,nan,nan,nan
24392,3.15291,0,nan,nan,nan
24393,3.15291,0,nan,nan,nan
24394,3.15291,0,nan,nan,nan
24395,3.15291,0,nan,nan,nan
24396,3.15291,0,nan,nan,nan
24397,3.15291,0,nan,nan,nan
24398,3.15291,0,nan,nan,nan
24399,3.15291,0,nan,nan,nan
24400,3.15291,0,nan,nan,nan
24401,3.15291,0,nan,nan,nan
24402,3.15291,0,nan,nan,nan
24403,3.15291,0,nan,nan,nan
24404,3.15291,0,nan,nan,nan
24405,3.15291,0,nan,nan,nan
24406,3.15291,0,nan,nan,nan
24407,3.15291,0,nan,nan,nan
24408,3.15291,0,nan,nan,nan
24409,3.15291,0,nan,nan,nan
24410,3.15291,0,nan,nan,nan
24411,3.15291,0,nan,nan,nan
24412,3.15291,0,nan,nan,nan
24413,3.15291,0,nan,nan,nan
24414,3.15291,0,nan,nan,nan
24415,3.15291,0,nan,nan,nan
24416,3.15291,0,nan,nan,nan
24417,3.15291,0,nan,nan,nan
24418,3.15291,0,nan,nan,nan
24419,3.15291,0,nan,nan,nan
24420,3.15291,0,nan,nan,nan
24421,3.15291,0,nan,nan,nan
24422,3.15291,0,nan,nan,nan
24423,3.15291,0,nan,nan,nan
24424,3.15291,0,nan,nan,nan
24425,3.15291,0,nan,nan,nan
24426,3.15291,0,nan,nan,nan
24427,3.15291,0,nan,nan,nan
24428,3.15291,0,nan,nan,nan
24429,3.15291,0,nan,nan,nan
24430,3.15291,0,nan,nan,nan
24431,3.15291,0,nan,nan,nan
24432,3.15291,0,nan,nan,nan
24433,3.15291,0,nan,nan,nan
24434,3.15291,0,nan,nan,nan
24435,3.15291,0,nan,nan,nan
24436,3.15291,0,nan,nan,nan
24437,3.15291,0,nan,nan,nan
24438,3.15291,0,nan,nan,nan
24439,3.15291,0,nan,nan,nan
24440,3.15291,0,nan,nan,nan
24441,3.15291,0,nan,nan,nan
24442,3.15291,0,nan,nan,nan
24443,3.15291,0,nan,nan,nan
24444,3.15291,0,nan,nan,nan
24445,3.15291,0,nan,nan,nan
24446,3.15291,0,nan,nan,nan
24447,3.15291,0,nan,nan,nan
24448,3.15291,0,nan,nan,nan
24449,3.15291,0,nan,nan,nan
24450,3.15291,0,nan,nan,nan
24451,3.15291,0,nan,nan,nan
24452,3.15291,0,nan,nan,nan
24453,3.15291,0,nan,nan,nan
24454,3.15291,0,nan,nan,nan
24455,3.15291,0,nan,nan,nan
24456,3.15291,0,nan,nan,nan
24457,3.15291,0,nan,nan,nan
24458,3.15291,0,nan,nan,nan
24459,3.15291,0,nan,nan,nan
24460,3.15291,0,nan,nan,nan
24461,3.15291,0,nan,nan,nan
24462,3.15291,0,nan,nan,nan
24463,3.15291,0,nan,nan,nan
24464,3.15291,0,nan,nan,nan
24465,3.15291,0,nan,nan,nan
24466,3.15291,0,nan,nan,nan
24467,3.15291,0,nan,nan,nan
24468,3.15291,0,nan,nan,nan
24469,3.15291,0,nan,nan,nan
24470,3.15291,0,nan,nan,nan
24471,3.15291,0,nan,nan,nan
24472,3.15291,0,nan,nan,nan
24473,3.15291,0,nan,nan,nan
24474,3.15291,0,nan,nan,nan
24475,3.15291,0,nan,nan,nan
24476,3.15291,0,nan,nan,nan
24477,3.15291,0,nan,nan,nan
24478,3.15291,0,nan,nan,nan
24479,3.15291,0,nan,nan,nan
24480,3.15291,0,nan,nan,nan
24481,3.15291,0,nan,nan,nan
24482,3.15291,0,nan,nan,nan
24483,3.15291,0,nan,nan,nan
24484,3.15291,0,nan,nan,nan
24485,3.15291,0,nan,nan,nan
24486,3.15291,0,nan,nan,nan
24487,3.15291,0,nan,nan,nan
24488,3.15291,0,nan,nan,nan
24489,3.15291,0,nan,nan,nan
24490,3.15291,0,nan,nan,nan
24491,3.15291,0,nan,nan,nan
24492,3.15291,0,nan,nan,nan
24493,3.15291,0,nan,nan,nan
24494,3.15291,0,nan,nan,nan
24495,3.15291,0,nan,nan,nan
24496,3.15291,0,nan,nan,nan
24497,3.15291,0,nan,nan,nan
24498,3.15291,0,nan,nan,nan
24499,3.15291,0,nan,nan,nan
24500,3.15291,0,nan,nan,nan
24501,3.15291,0,nan,nan,nan
24502,3.15291,0,nan,nan,nan
24503,3.15291,0,nan,nan,nan
24504,3.15291,0,nan,nan,nan
24505,3.15291,0,nan,nan,nan
24506,3.15291,0,nan,nan,nan
24507,3.15291,0,nan,nan,nan
24508,3.15291,0,nan,nan,nan
24509,3.15291,0,nan,nan,nan
24510,3.15291,0,nan,nan,nan
24511,3.15291,0,nan,nan,nan
24512,3.15291,0,nan,nan,nan
24513,3.15291,0,nan,nan,nan
24514,3.15291,0,nan,nan,nan
24515,3.15291,0,nan,nan,nan
24516,3.15291,0,nan,nan,nan
24517,3.15291,0,nan,nan,nan
24518,3.15291,0,nan,nan,nan
24519,3.15291,0,nan,nan,nan
24520,3.15291,0,nan,nan,nan
24521,3.15291,0,nan,nan,nan
24522,3.15291,0,nan,nan,nan
24523,3.15291,0,nan,nan,nan
24524,3.15291,0,nan,nan,nan
24525,3.15291,0,nan,nan,nan
24526,3.15291,0,nan,nan,nan
24527,3.15291,0,nan,nan,nan
24528,3.15291,0,nan,nan,nan
24529,3.15291,0,nan,nan,nan
24530,3.15291,0,nan,nan,nan
24531,3.15291,0,nan,nan,nan
24532,3.15291,0,nan,nan,nan
24533,3.15291,0,nan,nan,nan
24534,3.15291,0,nan,nan,nan
24535,3.15291,0,nan,nan,nan
24536,3.15291,0,nan,nan,nan
24537,3.15291,0,nan,nan,nan
24538,3.15291,0,nan,nan,nan
24539,3.15291,0,nan,nan,nan
24540,3.15291,0,nan,nan,nan
24541,3.15291,0,nan,nan,nan
24542,3.15291,0,nan,nan,nan
24543,3.15291,0,nan,nan,nan
24544,3.15291,0,nan,nan,nan
24545,3.15291,0,nan,nan,nan
24546,3.15291,0,nan,nan,nan
24547,3.15291,0,nan,nan,nan
24548,3.15291,0,nan,nan,nan
24549,3.15291,0,nan,nan,nan
24550,3.15291,0,nan,nan,nan
24551,3.15291,0,nan,nan,nan
24552,3.15291,0,nan,nan,nan
24553,3.15291,0,nan,nan,nan
24554,3.15291,0,nan,nan,nan
24555,3.15291,0,nan,nan,nan
24556,3.15291,0,nan,nan,nan
24557,3.15291,0,nan,nan,nan
24558,3.15291,0,nan,nan,nan
24559,3.15291,0,nan,nan,nan
24560,3.15291,0,nan,nan,nan
24561,3.15291,0,nan,nan,nan
24562,3.15291,0,nan,nan,nan
24563,3.15291,0,nan,nan,nan
24564,3.15291,0,nan,nan,nan
24565,3.15291,0,nan,nan,nan
24566,3.15291,0,nan,nan,nan
24567,3.15291,0,nan,nan,nan
24568,3.15291,0,nan,nan,nan
24569,3.15291,0,nan,nan,nan
24570,3.15291,0,nan,nan,nan
24571,3.15291,0,nan,nan,nan
24572,3.15291,0,nan,nan,nan
24573,3.15291,0,nan,nan,nan
24574,3.15291,0,nan,nan,nan
24575,3.15291,0,nan,nan,nan
24576,3.15291,0,nan,nan,nan
24577,3.15291,0,nan,nan,nan
24578,3.15291,0,nan,nan,nan
24579,3.15291,0,nan,nan,nan
24580,3.15291,0,nan,nan,nan
24581,3.15291,0,nan,nan,nan
24582,3.15291,0,nan,nan,nan
24583,3.15291,0,nan,nan,nan
24584,3.15291,0,nan,nan,nan
24585,3.15291,0,nan,nan,nan
24586,3.15291,0,nan,nan,nan
24587,3.15291,0,nan,nan,nan
24588,3.15291,0,nan,nan,nan
24589,3.15291,0,nan,nan,nan
24590,3.15291,0,nan,nan,nan
24591,3.15291,0,nan,nan,nan
24592,3.15291,0,nan,nan,nan
24593,3.15291,0,nan,nan,nan
24594,3.15291,0,nan,nan,nan
24595,3.15291,0,nan,nan,nan
24596,3.15291,0,nan,nan,nan
24597,3.15291,0,nan,nan,nan
24598,3.15291,0,nan,nan,nan
24599,3.15291,0,nan,nan,nan
24600,3.15291,0,nan,nan,nan
24601,3.15291,0,nan,nan,nan
24602,3.15291,0,nan,nan,nan
24603,3.15291,0,nan,nan,nan
24604,3.15291,0,nan,nan,nan
24605,3.15291,0,nan,nan,nan
24606,3.15291,0,nan,nan,nan
24607,3.15291,0,nan,nan,nan
24608,3.15291,0,nan,nan,nan
24609,3.15291,0,nan,nan,nan
24610,3.15291,0,nan,nan,nan
24611,3.15291,0,nan,nan,nan
24612,3.15291,0,nan,nan,nan
24613,3.15291,0,nan,nan,nan
24614,3.15291,0,nan,nan,nan
24615,3.15291,0,nan,nan,nan
24616,3.15291,0,nan,nan,nan
24617,3.15291,0,nan,nan,nan
24618,3.15291,0,nan,nan,nan
24619,3.15291,0,nan,nan,nan
24620,3.15291,0,nan,nan,nan
24621,3.15291,0,nan,nan,nan
24622,3.15291,0,nan,nan,nan
24623,3.15291,0,nan,nan,nan
24624,3.15291,0,nan,nan,nan
24625,3.15291,0,nan,nan,nan
24626,3.15291,0,nan,nan,nan
24627,3.15291,0,nan,nan,nan
24628,3.15291,0,nan,nan,nan
24629,3.15291,0,nan,nan,nan
24630,3.15291,0,nan,nan,nan
24631,3.15291,0,nan,nan,nan
24632,3.15291,0,nan,nan,nan
24633,3.15291,0,nan,nan,nan
24634,3.15291,0,nan,nan,nan
24635,3.15291,0,nan,nan,nan
24636,3.15291,0,nan,nan,nan
24637,3.15291,0,nan,nan,nan
24638,3.15291,0,nan,nan,nan
24639,3.15291,0,nan,nan,nan
24640,3.15291,0,nan,nan,nan
24641,3.15291,0,nan,nan,nan
24642,3.15291,0,nan,nan,nan
24643,3.15291,0,nan,nan,nan
24644,3.15291,0,nan,nan,nan
24645,3.15291,0,nan,nan,nan
24646,3.15291,0,nan,nan,nan
24647,3.15291,0,nan,nan,nan
24648,3.15291,0,nan,nan,nan
24649,3.15291,0,nan,nan,nan
24650,3.15291,0,nan,nan,nan
24651,3.15291,0,nan,nan,nan
24652,3.15291,0,nan,nan,nan
24653,3.15291,0,nan,nan,nan
24654,3.15291,0,nan,nan,nan
24655,3.15291,0,nan,nan,nan
24656,3.15291,0,nan,nan,nan
24657,3.15291,0,nan,nan,nan
24658,3.15291,0,nan,nan,nan
24659,3.15291,0,nan,nan,nan
24660,3.15291,0,nan,nan,nan
24661,3.15291,0,nan,nan,nan
24662,3.15291,0,nan,nan,nan
24663,3.15291,0,nan,nan,nan
24664,3.15291,0,nan,nan,nan
24665,3.15291,0,nan,nan,nan
24666,3.15291,0,nan,nan,nan
24667,3.15291,0,nan,nan,nan
24668,3.15291,0,nan,nan,nan
24669,3.15291,0,nan,nan,nan
24670,3.15291,0,nan,nan,nan
24671,3.15291,0,nan,nan,nan
24672,3.15291,0,nan,nan,nan
24673,3.15291,0,nan,nan,nan
24674,3.15291,0,nan,nan,nan
24675,3.15291,0,nan,nan,nan
24676,3.15291,0,nan,nan,nan
24677,3.15291,0,nan,nan,nan
24678,3.15291,0,nan,nan,nan
24679,3.15291,0,nan,nan,nan
24680,3.15291,0,nan,nan,nan
24681,3.15291,0,nan,nan,nan
24682,3.15291,0,nan,nan,nan
24683,3.15291,0,nan,nan,nan
24684,3.15291,0,nan,nan,nan
24685,3.15291,0,nan,nan,nan
24686,3.15291,0,nan,nan,nan
24687,3.15291,0,nan,nan,nan
24688,3.15291,0,nan,nan,nan
24689,3.15291,0,nan,nan,nan
24690,3.15291,0,nan,nan,nan
24691,3.15291,0,nan,nan,nan
24692,3.15291,0,nan,nan,nan
24693,3.15291,0,nan,nan,nan
24694,3.15291,0,nan,nan,nan
24695,3.15291,0,nan,nan,nan
24696,3.15291,0,nan,nan,nan
24697,3.15291,0,nan,nan,nan
24698,3.15291,0,nan,nan,nan
24699,3.15291,0,nan,nan,nan
24700,3.15291,0,nan,nan,nan
24701,3.15291,0,nan,nan,nan
24702,3.15291,0,nan,nan,nan
24703,3.15291,0,nan,nan,nan
24704,3.15291,0,nan,nan,nan
24705,3.15291,0,nan,nan,nan
24706,3.15291,0,nan,nan,nan
24707,3.15291,0,nan,nan,nan
24708,3.15291,0,nan,nan,nan
24709,3.15291,0,nan,nan,nan
24710,3.15291,0,nan,nan,nan
24711,3.15291,0,nan,nan,nan
24712,3.15291,0,nan,nan,nan
24713,3.15291,0,nan,nan,nan
24714,3.15291,0,nan,nan,nan
24715,3.15291,0,nan,nan,nan
24716,3.15291,0,nan,nan,nan
24717,3.15291,0,nan,nan,nan
24718,3.15291,0,nan,nan,nan
24719,3.15291,0,nan,nan,nan
24720,3.15291,0,nan,nan,nan
24721,3.15291,0,nan,nan,nan
24722,3.15291,0,nan,nan,nan
24723,3.15291,0,nan,nan,nan
24724,3.15291,0,nan,nan,nan
24725,3.15291,0,nan,nan,nan
24726,3.15291,0,nan,nan,nan
24727,3.15291,0,nan,nan,nan
24728,3.15291,0,nan,nan,nan
24729,3.15291,0,nan,nan,nan
24730,3.15291,0,nan,nan,nan
24731,3.15291,0,nan,nan,nan
24732,3.15291,0,nan,nan,nan
24733,3.15291,0,nan,nan,nan
24734,3.15291,0,nan,nan,nan
24735,3.15291,0,nan,nan,nan
24736,3.15291,0,nan,nan,nan
24737,3.15291,0,nan,nan,nan
24738,3.15291,0,nan,nan,nan
24739,3.15291,0,nan,nan,nan
24740,3.15291,0,nan,nan,nan
24741,3.15291,0,nan,nan,nan
24742,3.15291,0,nan,nan,nan
24743,3.15291,0,nan,nan,nan
24744,3.15291,0,nan,nan,nan
24745,3.15291,0,nan,nan,nan
24746,3.15291,0,nan,nan,nan
24747,3.15291,0,nan,nan,nan
24748,3.15291,0,nan,nan,nan
24749,3.15291,0,nan,nan,nan
24750,3.15291,0,nan,nan,nan
24751,3.15291,0,nan,nan,nan
24752,3.15291,0,nan,nan,nan
24753,3.15291,0,nan,nan,nan
24754,3.15291,0,nan,nan,nan
24755,3.15291,0,nan,nan,nan
24756,3.15291,0,nan,nan,nan
24757,3.15291,0,nan,nan,nan
24758,3.15291,0,nan,nan,nan
24759,3.15291,0,nan,nan,nan
24760,3.15291,0,nan,nan,nan
24761,3.15291,0,nan,nan,nan
24762,3.15291,0,nan,nan,nan
24763,3.15291,0,nan,nan,nan
24764,3.15291,0,nan,nan,nan
24765,3.15291,0,nan,nan,nan
24766,3.15291,0,nan,nan,nan
24767,3.15291,0,nan,nan,nan
24768,3.15291,0,nan,nan,nan
24769,3.15291,0,nan,nan,nan
24770,3.15291,0,nan,nan,nan
24771,3.15291,0,nan,nan,nan
24772,3.15291,0,nan,nan,nan
24773,3.15291,0,nan,nan,nan
24774,3.15291,0,nan,nan,nan
24775,3.15291,0,nan,nan,nan
24776,3.15291,0,nan,nan,nan
24777,3.15291,0,nan,nan,nan
24778,3.15291,0,nan,nan,nan
24779,3.15291,0,nan,nan,nan
24780,3.15291,0,nan,nan,nan
24781,3.15291,0,nan,nan,nan
24782,3.15291,0,nan,nan,nan
24783,3.15291,0,nan,nan,nan
24784,3.15291,0,nan,nan,nan
24785,3.15291,0,nan,nan,nan
24786,3.15291,0,nan,nan,nan
24787,3.15291,0,nan,nan,nan
24788,3.15291,0,nan,nan,nan
24789,3.15291,0,nan,nan,nan
24790,3.15291,0,nan,nan,nan
24791,3.15291,0,nan,nan,nan
24792,3.15291,0,nan,nan,nan
24793,3.15291,0,nan,nan,nan
24794,3.15291,0,nan,nan,nan
24795,3.15291,0,nan,nan,nan
24796,3.15291,0,nan,nan,nan
24797,3.15291,0,nan,nan,nan
24798,3.15291,0,nan,nan,nan
24799,3.15291,0,nan,nan,nan
24800,3.15291,0,nan,nan,nan
24801,3.15291,0,nan,nan,nan
24802,3.15291,0,nan,nan,nan
24803,3.15291,0,nan,nan,nan
24804,3.15291,0,nan,nan,nan
24805,3.15291,0,nan,nan,nan
24806,3.15291,0,nan,nan,nan
24807,3.15291,0,nan,nan,nan
24808,3.15291,0,nan,nan,nan
24809,3.15291,0,nan,nan,nan
24810,3.15291,0,nan,nan,nan
24811,3.15291,0,nan,nan,nan
24812,3.15291,0,nan,nan,nan
24813,3.15291,0,nan,nan,nan
24814,3.15291,0,nan,nan,nan
24815,3.15291,0,nan,nan,nan
24816,3.15291,0,nan,nan,nan
24817,3.15291,0,nan,nan,nan
24818,3.15291,0,nan,nan,nan
24819,3.15291,0,nan,nan,nan
24820,3.15291,0,nan,nan,nan
24821,3.15291,0,nan,nan,nan
24822,3.15291,0,nan,nan,nan
24823,3.15291,0,nan,nan,nan
24824,3.15291,0,nan,nan,nan
24825,3.15291,0,nan,nan,nan
24826,3.15291,0,nan,nan,nan
24827,3.15291,0,nan,nan,nan
24828,3.15291,0,nan,nan,nan
24829,3.15291,0,nan,nan,nan
24830,3.15291,0,nan,nan,nan
24831,3.15291,0,nan,nan,nan
24832,3.15291,0,nan,nan,nan
24833,3.15291,0,nan,nan,nan
24834,3.15291,0,nan,nan,nan
24835,3.15291,0,nan,nan,nan
24836,3.15291,0,nan,nan,nan
24837,3.15291,0,nan,nan,nan
24838,3.15291,0,nan,nan,nan
24839,3.15291,0,nan,nan,nan
24840,3.15291,0,nan,nan,nan
24841,3.15291,0,nan,nan,nan
24842,3.15291,0,nan,nan,nan
24843,3.15291,0,nan,nan,nan
24844,3.15291,0,nan,nan,nan
24845,3.15291,0,nan,nan,nan
24846,3.15291,0,nan,nan,nan
24847,3.15291,0,nan,nan,nan
24848,3.15291,0,nan,nan,nan
24849,3.15291,0,nan,nan,nan
24850,3.15291,0,nan,nan,nan
24851,3.15291,0,nan,nan,nan
24852,3.15291,0,nan,nan,nan
24853,3.15291,0,nan,nan,nan
24854,3.15291,0,nan,nan,nan
24855,3.15291,0,nan,nan,nan
24856,3.15291,0,nan,nan,nan
24857,3.15291,0,nan,nan,nan
24858,3.15291,0,nan,nan,nan
24859,3.15291,0,nan,nan,nan
24860,3.15291,0,nan,nan,nan
24861,3.15291,0,nan,nan,nan
24862,3.15291,0,nan,nan,nan
24863,3.15291,0,nan,nan,nan
24864,3.15291,0,nan,nan,nan
24865,3.15291,0,nan,nan,nan
24866,3.15291,0,nan,nan,nan
24867,3.15291,0,nan,nan,nan
24868,3.15291,0,nan,nan,nan
24869,3.15291,0,nan,nan,nan
24870,3.15291,0,nan,nan,nan
24871,3.15291,0,nan,nan,nan
24872,3.15291,0,nan,nan,nan
24873,3.15291,0,nan,nan,nan
24874,3.15291,0,nan,nan,nan
24875,3.15291,0,nan,nan,nan
24876,3.15291,0,nan,nan,nan
24877,3.15291,0,nan,nan,nan
24878,3.15291,0,nan,nan,nan
24879,3.15291,0,nan,nan,nan
24880,3.15291,0,nan,nan,nan
24881,3.15291,0,nan,nan,nan
24882,3.15291,0,nan,nan,nan
24883,3.15291,0,nan,nan,nan
24884,3.15291,0,nan,nan,nan
24885,3.15291,0,nan,nan,nan
24886,3.15291,0,nan,nan,nan
24887,3.15291,0,nan,nan,nan
24888,3.15291,0,nan,nan,nan
24889,3.15291,0,nan,nan,nan
24890,3.15291,0,nan,nan,nan
24891,3.15291,0,nan,nan,nan
24892,3.15291,0,nan,nan,nan
24893,3.15291,0,nan,nan,nan
24894,3.15291,0,nan,nan,nan
24895,3.15291,0,nan,nan,nan
24896,3.15291,0,nan,nan,nan
24897,3.15291,0,nan,nan,nan
24898,3.15291,0,nan,nan,nan
24899,3.15291,0,nan,nan,nan
24900,3.15291,0,nan,nan,nan
24901,3.15291,0,nan,nan,nan
24902,3.15291,0,nan,nan,nan
24903,3.15291,0,nan,nan,nan
24904,3.15291,0,nan,nan,nan
24905,3.15291,0,nan,nan,nan
24906,3.15291,0,nan,nan,nan
24907,3.15291,0,nan,nan,nan
24908,3.15291,0,nan,nan,nan
24909,3.15291,0,nan,nan,nan
24910,3.15291,0,nan,nan,nan
24911,3.15291,0,nan,nan,nan
24912,3.15291,0,nan,nan,nan
24913,3.15291,0,nan,nan,nan
24914,3.15291,0,nan,nan,nan
24915,3.15291,0,nan,nan,nan
24916,3.15291,0,nan,nan,nan
24917,3.15291,0,nan,nan,nan
24918,3.15291,0,nan,nan,nan
24919,3.15291,0,nan,nan,nan
24920,3.15291,0,nan,nan,nan
24921,3.15291,0,nan,nan,nan
24922,3.15291,0,nan,nan,nan
24923,3.15291,0,nan,nan,nan
24924,3.15291,0,nan,nan,nan
24925,3.15291,0,nan,nan,nan
24926,3.15291,0,nan,nan,nan
24927,3.15291,0,nan,nan,nan
24928,3.15291,0,nan,nan,nan
24929,3.15291,0,nan,nan,nan
24930,3.15291,0,nan,nan,nan
24931,3.15291,0,nan,nan,nan
24932,3.15291,0,nan,nan,nan
24933,3.15291,0,nan,nan,nan
24934,3.15291,0,nan,nan,nan
24935,3.15291,0,nan,nan,nan
24936,3.15291,0,nan,nan,nan
24937,3.15291,0,nan,nan,nan
24938,3.15291,0,nan,nan,nan
24939,3.15291,0,nan,nan,nan
24940,3.15291,0,nan,nan,nan
24941,3.15291,0,nan,nan,nan
24942,3.15291,0,nan,nan,nan
24943,3.15291,0,nan,nan,nan
24944,3.15291,0,nan,nan,nan
24945,3.15291,0,nan,nan,nan
24946,3.15291,0,nan,nan,nan
24947,3.15291,0,nan,nan,nan
24948,3.15291,0,nan,nan,nan
24949,3.15291,0,nan,nan,nan
24950,3.15291,0,nan,nan,nan
24951,3.15291,0,nan,nan,nan
24952,3.15291,0,nan,nan,nan
24953,3.15291,0,nan,nan,nan
24954,3.15291,0,nan,nan,nan
24955,3.15291,0,nan,nan,nan
24956,3.15291,0,nan,nan,nan
24957,3.15291,0,nan,nan,nan
24958,3.15291,0,nan,nan,nan
24959,3.15291,0,nan,nan,nan
24960,3.15291,0,nan,nan,nan
24961,3.15291,0,nan,nan,nan
24962,3.15291,0,nan,nan,nan
24963,3.15291,0,nan,nan,nan
24964,3.15291,0,nan,nan,nan
24965,3.15291,0,nan,nan,nan
24966,3.15291,0,nan,nan,nan
24967,3.15291,0,nan,nan,nan
24968,3.15291,0,nan,nan,nan
24969,3.15291,0,nan,nan,nan
24970,3.15291,0,nan,nan,nan
24971,3.15291,0,nan,nan,nan
24972,3.15291,0,nan,nan,nan
24973,3.15291,0,nan,nan,nan
24974,3.15291,0,nan,nan,nan
24975,3.15291,0,nan,nan,nan
24976,3.15291,0,nan,nan,nan
24977,3.15291,0,nan,nan,nan
24978,3.15291,0,nan,nan,nan
24979,3.15291,0,nan,nan,nan
24980,3.15291,0,nan,nan,nan
24981,3.15291,0,nan,nan,nan
24982,3.15291,0,nan,nan,nan
24983,3.15291,0,nan,nan,nan
24984,3.15291,0,nan,nan,nan
24985,3.15291,0,nan,nan,nan
24986,3.15291,0,nan,nan,nan
24987,3.15291,0,nan,nan,nan
24988,3.15291,0,nan,nan,nan
24989,3.15291,0,nan,nan,nan
24990,3.15291,0,nan,nan,nan
24991,3.15291,0,nan,nan,nan
24992,3.15291,0,nan,nan,nan
24993,3.15291,0,nan,nan,nan
24994,3.15291,0,nan,nan,nan
24995,3.15291,0,nan,nan,nan
24996,3.15291,0,nan,nan,nan
24997,3.15291,0,nan,nan,nan
24998,3.15291,0,nan,nan,nan
24999,3.15291,0,nan,nan,nan
25000,3.15291,0,nan,nan,nan
25001,3.15291,0,nan,nan,nan
25002,3.15291,0,nan,nan,nan
25003,3.15291,0,nan,nan,nan
25004,3.15291,0,nan,nan,nan
25005,3.15291,0,nan,nan,nan
25006,3.15291,0,nan,nan,nan
25007,3.15291,0,nan,nan,nan
25008,3.15291,0,nan,nan,nan
25009,3.15291,0,nan,nan,nan
25010,3.15291,0,nan,nan,nan
25011,3.15291,0,nan,nan,nan
25012,3.15291,0,nan,nan,nan
25013,3.15291,0,nan,nan,nan
25014,3.15291,0,nan,nan,nan
25015,3.15291,0,nan,nan,nan
25016,3.15291,0,nan,nan,nan
25017,3.15291,0,nan,nan,nan
25018,3.15291,0,nan,nan,nan
25019,3.15291,0,nan,nan,nan
25020,3.15291,0,nan,nan,nan
25021,3.15291,0,nan,nan,nan
25022,3.15291,0,nan,nan,nan
25023,3.15291,0,nan,nan,nan
25024,3.15291,0,nan,nan,nan
25025,3.15291,0,nan,nan,nan
25026,3.15291,0,nan,nan,nan
25027,3.15291,0,nan,nan,nan
25028,3.15291,0,nan,nan,nan
25029,3.15291,0,nan,nan,nan
25030,3.15291,0,nan,nan,nan
25031,3.15291,0,nan,nan,nan
25032,3.15291,0,nan,nan,nan
25033,3.15291,0,nan,nan,nan
25034,3.15291,0,nan,nan,nan
25035,3.15291,0,nan,nan,nan
25036,3.15291,0,nan,nan,nan
25037,3.15291,0,nan,nan,nan
25038,3.15291,0,nan,nan,nan
25039,3.15291,0,nan,nan,nan
25040,3.15291,0,nan,nan,nan
25041,3.15291,0,nan,nan,nan
25042,3.15291,0,nan,nan,nan
25043,3.15291,0,nan,nan,nan
25044,3.15291,0,nan,nan,nan
25045,3.15291,0,nan,nan,nan
25046,3.15291,0,nan,nan,nan
25047,3.15291,0,nan,nan,nan
25048,3.15291,0,nan,nan,nan
25049,3.15291,0,nan,nan,nan
25050,3.15291,0,nan,nan,nan
25051,3.15291,0,nan,nan,nan
25052,3.15291,0,nan,nan,nan
25053,3.15291,0,nan,nan,nan
25054,3.15291,0,nan,nan,nan
25055,3.15291,0,nan,nan,nan
25056,3.15291,0,nan,nan,nan
25057,3.15291,0,nan,nan,nan
25058,3.15291,0,nan,nan,nan
25059,3.15291,0,nan,nan,nan
25060,3.15291,0,nan,nan,nan
25061,3.15291,0,nan,nan,nan
25062,3.15291,0,nan,nan,nan
25063,3.15291,0,nan,nan,nan
25064,3.15291,0,nan,nan,nan
25065,3.15291,0,nan,nan,nan
25066,3.15291,0,nan,nan,nan
25067,3.15291,0,nan,nan,nan
25068,3.15291,0,nan,nan,nan
25069,3.15291,0,nan,nan,nan
25070,3.15291,0,nan,nan,nan
25071,3.15291,0,nan,nan,nan
25072,3.15291,0,nan,nan,nan
25073,3.15291,0,nan,nan,nan
25074,3.15291,0,nan,nan,nan
25075,3.15291,0,nan,nan,nan
25076,3.15291,0,nan,nan,nan
25077,3.15291,0,nan,nan,nan
25078,3.15291,0,nan,nan,nan
25079,3.15291,0,nan,nan,nan
25080,3.15291,0,nan,nan,nan
25081,3.15291,0,nan,nan,nan
25082,3.15291,0,nan,nan,nan
25083,3.15291,0,nan,nan,nan
25084,3.15291,0,nan,nan,nan
25085,3.15291,0,nan,nan,nan
25086,3.15291,0,nan,nan,nan
25087,3.15291,0,nan,nan,nan
25088,3.15291,0,nan,nan,nan
25089,3.15291,0,nan,nan,nan
25090,3.15291,0,nan,nan,nan
25091,3.15291,0,nan,nan,nan
25092,3.15291,0,nan,nan,nan
25093,3.15291,0,nan,nan,nan
25094,3.15291,0,nan,nan,nan
25095,3.15291,0,nan,nan,nan
25096,3.15291,0,nan,nan,nan
25097,3.15291,0,nan,nan,nan
25098,3.15291,0,nan,nan,nan
25099,3.15291,0,nan,nan,nan
25100,3.15291,0,nan,nan,nan
25101,3.15291,0,nan,nan,nan
25102,3.15291,0,nan,nan,nan
25103,3.15291,0,nan,nan,nan
25104,3.15291,0,nan,nan,nan
25105,3.15291,0,nan,nan,nan
25106,3.15291,0,nan,nan,nan
25107,3.15291,0,nan,nan,nan
25108,3.15291,0,nan,nan,nan
25109,3.15291,0,nan,nan,nan
25110,3.15291,0,nan,nan,nan
25111,3.15291,0,nan,nan,nan
25112,3.15291,0,nan,nan,nan
25113,3.15291,0,nan,nan,nan
25114,3.15291,0,nan,nan,nan
25115,3.15291,0,nan,nan,nan
25116,3.15291,0,nan,nan,nan
25117,3.15291,0,nan,nan,nan
25118,3.15291,0,nan,nan,nan
25119,3.15291,0,nan,nan,nan
25120,3.15291,0,nan,nan,nan
25121,3.15291,0,nan,nan,nan
25122,3.15291,0,nan,nan,nan
25123,3.15291,0,nan,nan,nan
25124,3.15291,0,nan,nan,nan
25125,3.15291,0,nan,nan,nan
25126,3.15291,0,nan,nan,nan
25127,3.15291,0,nan,nan,nan
25128,3.15291,0,nan,nan,nan
25129,3.15291,0,nan,nan,nan
25130,3.15291,0,nan,nan,nan
25131,3.15291,0,nan,nan,nan
25132,3.15291,0,nan,nan,nan
25133,3.15291,0,nan,nan,nan
25134,3.15291,0,nan,nan,nan
25135,3.15291,0,nan,nan,nan
25136,3.15291,0,nan,nan,nan
25137,3.15291,0,nan,nan,nan
25138,3.15291,0,nan,nan,nan
25139,3.15291,0,nan,nan,nan
25140,3.15291,0,nan,nan,nan
25141,3.15291,0,nan,nan,nan
25142,3.15291,0,nan,nan,nan
25143,3.15291,0,nan,nan,nan
25144,3.15291,0,nan,nan,nan
25145,3.15291,0,nan,nan,nan
25146,3.15291,0,nan,nan,nan
25147,3.15291,0,nan,nan,nan
25148,3.15291,0,nan,nan,nan
25149,3.15291,0,nan,nan,nan
25150,3.15291,0,nan,nan,nan
25151,3.15291,0,nan,nan,nan
25152,3.15291,0,nan,nan,nan
25153,3.15291,0,nan,nan,nan
25154,3.15291,0,nan,nan,nan
25155,3.15291,0,nan,nan,nan
25156,3.15291,0,nan,nan,nan
25157,3.15291,0,nan,nan,nan
25158,3.15291,0,nan,nan,nan
25159,3.15291,0,nan,nan,nan
25160,3.15291,0,nan,nan,nan
25161,3.15291,0,nan,nan,nan
25162,3.15291,0,nan,nan,nan
25163,3.15291,0,nan,nan,nan
25164,3.15291,0,nan,nan,nan
25165,3.15291,0,nan,nan,nan
25166,3.15291,0,nan,nan,nan
25167,3.15291,0,nan,nan,nan
25168,3.15291,0,nan,nan,nan
25169,3.15291,0,nan,nan,nan
25170,3.15291,0,nan,nan,nan
25171,3.15291,0,nan,nan,nan
25172,3.15291,0,nan,nan,nan
25173,3.15291,0,nan,nan,nan
25174,3.15291,0,nan,nan,nan
25175,3.15291,0,nan,nan,nan
25176,3.15291,0,nan,nan,nan
25177,3.15291,0,nan,nan,nan
25178,3.15291,0,nan,nan,nan
25179,3.15291,0,nan,nan,nan
25180,3.15291,0,nan,nan,nan
25181,3.15291,0,nan,nan,nan
25182,3.15291,0,nan,nan,nan
25183,3.15291,0,nan,nan,nan
25184,3.15291,0,nan,nan,nan
25185,3.15291,0,nan,nan,nan
25186,3.15291,0,nan,nan,nan
25187,3.15291,0,nan,nan,nan
25188,3.15291,0,nan,nan,nan
25189,3.15291,0,nan,nan,nan
25190,3.15291,0,nan,nan,nan
25191,3.15291,0,nan,nan,nan
25192,3.15291,0,nan,nan,nan
25193,3.15291,0,nan,nan,nan
25194,3.15291,0,nan,nan,nan
25195,3.15291,0,nan,nan,nan
25196,3.15291,0,nan,nan,nan
25197,3.15291,0,nan,nan,nan
25198,3.15291,0,nan,nan,nan
25199,3.15291,0,nan,nan,nan
25200,3.15291,0,nan,nan,nan
25201,3.15291,0,nan,nan,nan
25202,3.15291,0,nan,nan,nan
25203,3.15291,0,nan,nan,nan
25204,3.15291,0,nan,nan,nan
25205,3.15291,0,nan,nan,nan
25206,3.15291,0,nan,nan,nan
25207,3.15291,0,nan,nan,nan
25208,3.15291,0,nan,nan,nan
25209,3.15291,0,nan,nan,nan
25210,3.15291,0,nan,nan,nan
25211,3.15291,0,nan,nan,nan
25212,3.15291,0,nan,nan,nan
25213,3.15291,0,nan,nan,nan
25214,3.15291,0,nan,nan,nan
25215,3.15291,0,nan,nan,nan
25216,3.15291,0,nan,nan,nan
25217,3.15291,0,nan,nan,nan
25218,3.15291,0,nan,nan,nan
25219,3.15291,0,nan,nan,nan
25220,3.15291,0,nan,nan,nan
25221,3.15291,0,nan,nan,nan
25222,3.15291,0,nan,nan,nan
25223,3.15291,0,nan,nan,nan
25224,3.15291,0,nan,nan,nan
25225,3.15291,0,nan,nan,nan
25226,3.15291,0,nan,nan,nan
25227,3.15291,0,nan,nan,nan
25228,3.15291,0,nan,nan,nan
25229,3.15291,0,nan,nan,nan
25230,3.15291,0,nan,nan,nan
25231,3.15291,0,nan,nan,nan
25232,3.15291,0,nan,nan,nan
25233,3.15291,0,nan,nan,nan
25234,3.15291,0,nan,nan,nan
25235,3.15291,0,nan,nan,nan
25236,3.15291,0,nan,nan,nan
25237,3.15291,0,nan,nan,nan
25238,3.15291,0,nan,nan,nan
25239,3.15291,0,nan,nan,nan
25240,3.15291,0,nan,nan,nan
25241,3.15291,0,nan,nan,nan
25242,3.15291,0,nan,nan,nan
25243,3.15291,0,nan,nan,nan
25244,3.15291,0,nan,nan,nan
25245,3.15291,0,nan,nan,nan
25246,3.15291,0,nan,nan,nan
25247,3.15291,0,nan,nan,nan
25248,3.15291,0,nan,nan,nan
25249,3.15291,0,nan,nan,nan
25250,3.15291,0,nan,nan,nan
25251,3.15291,0,nan,nan,nan
25252,3.15291,0,nan,nan,nan
25253,3.15291,0,nan,nan,nan
25254,3.15291,0,nan,nan,nan
25255,3.15291,0,nan,nan,nan
25256,3.15291,0,nan,nan,nan
25257,3.15291,0,nan,nan,nan
25258,3.15291,0,nan,nan,nan
25259,3.15291,0,nan,nan,nan
25260,3.15291,0,nan,nan,nan
25261,3.15291,0,nan,nan,nan
25262,3.15291,0,nan,nan,nan
25263,3.15291,0,nan,nan,nan
25264,3.15291,0,nan,nan,nan
25265,3.15291,0,nan,nan,nan
25266,3.15291,0,nan,nan,nan
25267,3.15291,0,nan,nan,nan
25268,3.15291,0,nan,nan,nan
25269,3.15291,0,nan,nan,nan
25270,3.15291,0,nan,nan,nan
25271,3.15291,0,nan,nan,nan
25272,3.15291,0,nan,nan,nan
25273,3.15291,0,nan,nan,nan
25274,3.15291,0,nan,nan,nan
25275,3.15291,0,nan,nan,nan
25276,3.15291,0,nan,nan,nan
25277,3.15291,0,nan,nan,nan
25278,3.15291,0,nan,nan,nan
25279,3.15291,0,nan,nan,nan
25280,3.15291,0,nan,nan,nan
25281,3.15291,0,nan,nan,nan
25282,3.15291,0,nan,nan,nan
25283,3.15291,0,nan,nan,nan
25284,3.15291,0,nan,nan,nan
25285,3.15291,0,nan,nan,nan
25286,3.15291,0,nan,nan,nan
25287,3.15291,0,nan,nan,nan
25288,3.15291,0,nan,nan,nan
25289,3.15291,0,nan,nan,nan
25290,3.15291,0,nan,nan,nan
25291,3.15291,0,nan,nan,nan
25292,3.15291,0,nan,nan,nan
25293,3.15291,0,nan,nan,nan
25294,3.15291,0,nan,nan,nan
25295,3.15291,0,nan,nan,nan
25296,3.15291,0,nan,nan,nan
25297,3.15291,0,nan,nan,nan
25298,3.15291,0,nan,nan,nan
25299,3.15291,0,nan,nan,nan
25300,3.15291,0,nan,nan,nan
25301,3.15291,0,nan,nan,nan
25302,3.15291,0,nan,nan,nan
25303,3.15291,0,nan,nan,nan
25304,3.15291,0,nan,nan,nan
25305,3.15291,0,nan,nan,nan
25306,3.15291,0,nan,nan,nan
25307,3.15291,0,nan,nan,nan
25308,3.15291,0,nan,nan,nan
25309,3.15291,0,nan,nan,nan
25310,3.15291,0,nan,nan,nan
25311,3.15291,0,nan,nan,nan
25312,3.15291,0,nan,nan,nan
25313,3.15291,0,nan,nan,nan
25314,3.15291,0,nan,nan,nan
25315,3.15291,0,nan,nan,nan
25316,3.15291,0,nan,nan,nan
25317,3.15291,0,nan,nan,nan
25318,3.15291,0,nan,nan,nan
25319,3.15291,0,nan,nan,nan
25320,3.15291,0,nan,nan,nan
25321,3.15291,0,nan,nan,nan
25322,3.15291,0,nan,nan,nan
25323,3.15291,0,nan,nan,nan
25324,3.15291,0,nan,nan,nan
25325,3.15291,0,nan,nan,nan
25326,3.15291,0,nan,nan,nan
25327,3.15291,0,nan,nan,nan
25328,3.15291,0,nan,nan,nan
25329,3.15291,0,nan,nan,nan
25330,3.15291,0,nan,nan,nan
25331,3.15291,0,nan,nan,nan
25332,3.15291,0,nan,nan,nan
25333,3.15291,0,nan,nan,nan
25334,3.15291,0,nan,nan,nan
25335,3.15291,0,nan,nan,nan
25336,3.15291,0,nan,nan,nan
25337,3.15291,0,nan,nan,nan
25338,3.15291,0,nan,nan,nan
25339,3.15291,0,nan,nan,nan
25340,3.15291,0,nan,nan,nan
25341,3.15291,0,nan,nan,nan
25342,3.15291,0,nan,nan,nan
25343,3.15291,0,nan,nan,nan
25344,3.15291,0,nan,nan,nan
25345,3.15291,0,nan,nan,nan
25346,3.15291,0,nan,nan,nan
25347,3.15291,0,nan,nan,nan
25348,3.15291,0,nan,nan,nan
25349,3.15291,0,nan,nan,nan
25350,3.15291,0,nan,nan,nan
25351,3.15291,0,nan,nan,nan
25352,3.15291,0,nan,nan,nan
25353,3.15291,0,nan,nan,nan
25354,3.15291,0,nan,nan,nan
25355,3.15291,0,nan,nan,nan
25356,3.15291,0,nan,nan,nan
25357,3.15291,0,nan,nan,nan
25358,3.15291,0,nan,nan,nan
25359,3.15291,0,nan,nan,nan
25360,3.15291,0,nan,nan,nan
25361,3.15291,0,nan,nan,nan
25362,3.15291,0,nan,nan,nan
25363,3.15291,0,nan,nan,nan
25364,3.15291,0,nan,nan,nan
25365,3.15291,0,nan,nan,nan
25366,3.15291,0,nan,nan,nan
25367,3.15291,0,nan,nan,nan
25368,3.15291,0,nan,nan,nan
25369,3.15291,0,nan,nan,nan
25370,3.15291,0,nan,nan,nan
25371,3.15291,0,nan,nan,nan
25372,3.15291,0,nan,nan,nan
25373,3.15291,0,nan,nan,nan
25374,3.15291,0,nan,nan,nan
25375,3.15291,0,nan,nan,nan
25376,3.15291,0,nan,nan,nan
25377,3.15291,0,nan,nan,nan
25378,3.15291,0,nan,nan,nan
25379,3.15291,0,nan,nan,nan
25380,3.15291,0,nan,nan,nan
25381,3.15291,0,nan,nan,nan
25382,3.15291,0,nan,nan,nan
25383,3.15291,0,nan,nan,nan
25384,3.15291,0,nan,nan,nan
25385,3.15291,0,nan,nan,nan
25386,3.15291,0,nan,nan,nan
25387,3.15291,0,nan,nan,nan
25388,3.15291,0,nan,nan,nan
25389,3.15291,0,nan,nan,nan
25390,3.15291,0,nan,nan,nan
25391,3.15291,0,nan,nan,nan
25392,3.15291,0,nan,nan,nan
25393,3.15291,0,nan,nan,nan
25394,3.15291,0,nan,nan,nan
25395,3.15291,0,nan,nan,nan
25396,3.15291,0,nan,nan,nan
25397,3.15291,0,nan,nan,nan
25398,3.15291,0,nan,nan,nan
25399,3.15291,0,nan,nan,nan
25400,3.15291,0,nan,nan,nan
25401,3.15291,0,nan,nan,nan
25402,3.15291,0,nan,nan,nan
25403,3.15291,0,nan,nan,nan
25404,3.15291,0,nan,nan,nan
25405,3.15291,0,nan,nan,nan
25406,3.15291,0,nan,nan,nan
25407,3.15291,0,nan,nan,nan
25408,3.15291,0,nan,nan,nan
25409,3.15291,0,nan,nan,nan
25410,3.15291,0,nan,nan,nan
25411,3.15291,0,nan,nan,nan
25412,3.15291,0,nan,nan,nan
25413,3.15291,0,nan,nan,nan
25414,3.15291,0,nan,nan,nan
25415,3.15291,0,nan,nan,nan
25416,3.15291,0,nan,nan,nan
25417,3.15291,0,nan,nan,nan
25418,3.15291,0,nan,nan,nan
25419,3.15291,0,nan,nan,nan
25420,3.15291,0,nan,nan,nan
25421,3.15291,0,nan,nan,nan
25422,3.15291,0,nan,nan,nan
25423,3.15291,0,nan,nan,nan
25424,3.15291,0,nan,nan,nan
25425,3.15291,0,nan,nan,nan
25426,3.15291,0,nan,nan,nan
25427,3.15291,0,nan,nan,nan
25428,3.15291,0,nan,nan,nan
25429,3.15291,0,nan,nan,nan
25430,3.15291,0,nan,nan,nan
25431,3.15291,0,nan,nan,nan
25432,3.15291,0,nan,nan,nan
25433,3.15291,0,nan,nan,nan
25434,3.15291,0,nan,nan,nan
25435,3.15291,0,nan,nan,nan
25436,3.15291,0,nan,nan,nan
25437,3.15291,0,nan,nan,nan
25438,3.15291,0,nan,nan,nan
25439,3.15291,0,nan,nan,nan
25440,3.15291,0,nan,nan,nan
25441,3.15291,0,nan,nan,nan
25442,3.15291,0,nan,nan,nan
25443,3.15291,0,nan,nan,nan
25444,3.15291,0,nan,nan,nan
25445,3.15291,0,nan,nan,nan
25446,3.15291,0,nan,nan,nan
25447,3.15291,0,nan,nan,nan
25448,3.15291,0,nan,nan,nan
25449,3.15291,0,nan,nan,nan
25450,3.15291,0,nan,nan,nan
25451,3.15291,0,nan,nan,nan
25452,3.15291,0,nan,nan,nan
25453,3.15291,0,nan,nan,nan
25454,3.15291,0,nan,nan,nan
25455,3.15291,0,nan,nan,nan
25456,3.15291,0,nan,nan,nan
25457,3.15291,0,nan,nan,nan
25458,3.15291,0,nan,nan,nan
25459,3.15291,0,nan,nan,nan
25460,3.15291,0,nan,nan,nan
25461,3.15291,0,nan,nan,nan
25462,3.15291,0,nan,nan,nan
25463,3.15291,0,nan,nan,nan
25464,3.15291,0,nan,nan,nan
25465,3.15291,0,nan,nan,nan
25466,3.15291,0,nan,nan,nan
25467,3.15291,0,nan,nan,nan
25468,3.15291,0,nan,nan,nan
25469,3.15291,0,nan,nan,nan
25470,3.15291,0,nan,nan,nan
25471,3.15291,0,nan,nan,nan
25472,3.15291,0,nan,nan,nan
25473,3.15291,0,nan,nan,nan
25474,3.15291,0,nan,nan,nan
25475,3.15291,0,nan,nan,nan
25476,3.15291,0,nan,nan,nan
25477,3.15291,0,nan,nan,nan
25478,3.15291,0,nan,nan,nan
25479,3.15291,0,nan,nan,nan
25480,3.15291,0,nan,nan,nan
25481,3.15291,0,nan,nan,nan
25482,3.15291,0,nan,nan,nan
25483,3.15291,0,nan,nan,nan
25484,3.15291,0,nan,nan,nan
25485,3.15291,0,nan,nan,nan
25486,3.15291,0,nan,nan,nan
25487,3.15291,0,nan,nan,nan
25488,3.15291,0,nan,nan,nan
25489,3.15291,0,nan,nan,nan
25490,3.15291,0,nan,nan,nan
25491,3.15291,0,nan,nan,nan
25492,3.15291,0,nan,nan,nan
25493,3.15291,0,nan,nan,nan
25494,3.15291,0,nan,nan,nan
25495,3.15291,0,nan,nan,nan
25496,3.15291,0,nan,nan,nan
25497,3.15291,0,nan,nan,nan
25498,3.15291,0,nan,nan,nan
25499,3.15291,0,nan,nan,nan
25500,3.15291,0,nan,nan,nan
25501,3.15291,0,nan,nan,nan
25502,3.15291,0,nan,nan,nan
25503,3.15291,0,nan,nan,nan
25504,3.15291,0,nan,nan,nan
25505,3.15291,0,nan,nan,nan
25506,3.15291,0,nan,nan,nan
25507,3.15291,0,nan,nan,nan
25508,3.15291,0,nan,nan,nan
25509,3.15291,0,nan,nan,nan
25510,3.15291,0,nan,nan,nan
25511,3.15291,0,nan,nan,nan
25512,3.15291,0,nan,nan,nan
25513,3.15291,0,nan,nan,nan
25514,3.15291,0,nan,nan,nan
25515,3.15291,0,nan,nan,nan
25516,3.15291,0,nan,nan,nan
25517,3.15291,0,nan,nan,nan
25518,3.15291,0,nan,nan,nan
25519,3.15291,0,nan,nan,nan
25520,3.15291,0,nan,nan,nan
25521,3.15291,0,nan,nan,nan
25522,3.15291,0,nan,nan,nan
25523,3.15291,0,nan,nan,nan
25524,3.15291,0,nan,nan,nan
25525,3.15291,0,nan,nan,nan
25526,3.15291,0,nan,nan,nan
25527,3.15291,0,nan,nan,nan
25528,3.15291,0,nan,nan,nan
25529,3.15291,0,nan,nan,nan
25530,3.15291,0,nan,nan,nan
25531,3.15291,0,nan,nan,nan
25532,3.15291,0,nan,nan,nan
25533,3.15291,0,nan,nan,nan
25534,3.15291,0,nan,nan,nan
25535,3.15291,0,nan,nan,nan
25536,3.15291,0,nan,nan,nan
25537,3.15291,0,nan,nan,nan
25538,3.15291,0,nan,nan,nan
25539,3.15291,0,nan,nan,nan
25540,3.15291,0,nan,nan,nan
25541,3.15291,0,nan,nan,nan
25542,3.15291,0,nan,nan,nan
25543,3.15291,0,nan,nan,nan
25544,3.15291,0,nan,nan,nan
25545,3.15291,0,nan,nan,nan
25546,3.15291,0,nan,nan,nan
25547,3.15291,0,nan,nan,nan
25548,3.15291,0,nan,nan,nan
25549,3.15291,0,nan,nan,nan
25550,3.15291,0,nan,nan,nan
25551,3.15291,0,nan,nan,nan
25552,3.15291,0,nan,nan,nan
25553,3.15291,0,nan,nan,nan
25554,3.15291,0,nan,nan,nan
25555,3.15291,0,nan,nan,nan
25556,3.15291,0,nan,nan,nan
25557,3.15291,0,nan,nan,nan
25558,3.15291,0,nan,nan,nan
25559,3.15291,0,nan,nan,nan
25560,3.15291,0,nan,nan,nan
25561,3.15291,0,nan,nan,nan
25562,3.15291,0,nan,nan,nan
25563,3.15291,0,nan,nan,nan
25564,3.15291,0,nan,nan,nan
25565,3.15291,0,nan,nan,nan
25566,3.15291,0,nan,nan,nan
25567,3.15291,0,nan,nan,nan
25568,3.15291,0,nan,nan,nan
25569,3.15291,0,nan,nan,nan
25570,3.15291,0,nan,nan,nan
25571,3.15291,0,nan,nan,nan
25572,3.15291,0,nan,nan,nan
25573,3.15291,0,nan,nan,nan
25574,3.15291,0,nan,nan,nan
25575,3.15291,0,nan,nan,nan
25576,3.15291,0,nan,nan,nan
25577,3.15291,0,nan,nan,nan
25578,3.15291,0,nan,nan,nan
25579,3.15291,0,nan,nan,nan
25580,3.15291,0,nan,nan,nan
25581,3.15291,0,nan,nan,nan
25582,3.15291,0,nan,nan,nan
25583,3.15291,0,nan,nan,nan
25584,3.15291,0,nan,nan,nan
25585,3.15291,0,nan,nan,nan
25586,3.15291,0,nan,nan,nan
25587,3.15291,0,nan,nan,nan
25588,3.15291,0,nan,nan,nan
25589,3.15291,0,nan,nan,nan
25590,3.15291,0,nan,nan,nan
25591,3.15291,0,nan,nan,nan
25592,3.15291,0,nan,nan,nan
25593,3.15291,0,nan,nan,nan
25594,3.15291,0,nan,nan,nan
25595,3.15291,0,nan,nan,nan
25596,3.15291,0,nan,nan,nan
25597,3.15291,0,nan,nan,nan
25598,3.15291,0,nan,nan,nan
25599,3.15291,0,nan,nan,nan
25600,3.15291,0,nan,nan,nan
25601,3.15291,0,nan,nan,nan
25602,3.15291,0,nan,nan,nan
25603,3.15291,0,nan,nan,nan
25604,3.15291,0,nan,nan,nan
25605,3.15291,0,nan,nan,nan
25606,3.15291,0,nan,nan,nan
25607,3.15291,0,nan,nan,nan
25608,3.15291,0,nan,nan,nan
25609,3.15291,0,nan,nan,nan
25610,3.15291,0,nan,nan,nan
25611,3.15291,0,nan,nan,nan
25612,3.15291,0,nan,nan,nan
25613,3.15291,0,nan,nan,nan
25614,3.15291,0,nan,nan,nan
25615,3.15291,0,nan,nan,nan
25616,3.15291,0,nan,nan,nan
25617,3.15291,0,nan,nan,nan
25618,3.15291,0,nan,nan,nan
25619,3.15291,0,nan,nan,nan
25620,3.15291,0,nan,nan,nan
25621,3.15291,0,nan,nan,nan
25622,3.15291,0,nan,nan,nan
25623,3.15291,0,nan,nan,nan
25624,3.15291,0,nan,nan,nan
25625,3.15291,0,nan,nan,nan
25626,3.15291,0,nan,nan,nan
25627,3.15291,0,nan,nan,nan
25628,3.15291,0,nan,nan,nan
25629,3.15291,0,nan,nan,nan
25630,3.15291,0,nan,nan,nan
25631,3.15291,0,nan,nan,nan
25632,3.15291,0,nan,nan,nan
25633,3.15291,0,nan,nan,nan
25634,3.15291,0,nan,nan,nan
25635,3.15291,0,nan,nan,nan
25636,3.15291,0,nan,nan,nan
25637,3.15291,0,nan,nan,nan
25638,3.15291,0,nan,nan,nan
25639,3.15291,0,nan,nan,nan
25640,3.15291,0,nan,nan,nan
25641,3.15291,0,nan,nan,nan
25642,3.15291,0,nan,nan,nan
25643,3.15291,0,nan,nan,nan
25644,3.15291,0,nan,nan,nan
25645,3.15291,0,nan,nan,nan
25646,3.15291,0,nan,nan,nan
25647,3.15291,0,nan,nan,nan
25648,3.15291,0,nan,nan,nan
25649,3.15291,0,nan,nan,nan
25650,3.15291,0,nan,nan,nan
25651,3.15291,0,nan,nan,nan
25652,3.15291,0,nan,nan,nan
25653,3.15291,0,nan,nan,nan
25654,3.15291,0,nan,nan,nan
25655,3.15291,0,nan,nan,nan
25656,3.15291,0,nan,nan,nan
25657,3.15291,0,nan,nan,nan
25658,3.15291,0,nan,nan,nan
25659,3.15291,0,nan,nan,nan
25660,3.15291,0,nan,nan,nan
25661,3.15291,0,nan,nan,nan
25662,3.15291,0,nan,nan,nan
25663,3.15291,0,nan,nan,nan
25664,3.15291,0,nan,nan,nan
25665,3.15291,0,nan,nan,nan
25666,3.15291,0,nan,nan,nan
25667,3.15291,0,nan,nan,nan
25668,3.15291,0,nan,nan,nan
25669,3.15291,0,nan,nan,nan
25670,3.15291,0,nan,nan,nan
25671,3.15291,0,nan,nan,nan
25672,3.15291,0,nan,nan,nan
25673,3.15291,0,nan,nan,nan
25674,3.15291,0,nan,nan,nan
25675,3.15291,0,nan,nan,nan
25676,3.15291,0,nan,nan,nan
25677,3.15291,0,nan,nan,nan
25678,3.15291,0,nan,nan,nan
25679,3.15291,0,nan,nan,nan
25680,3.15291,0,nan,nan,nan
25681,3.15291,0,nan,nan,nan
25682,3.15291,0,nan,nan,nan
25683,3.15291,0,nan,nan,nan
25684,3.15291,0,nan,nan,nan
25685,3.15291,0,nan,nan,nan
25686,3.15291,0,nan,nan,nan
25687,3.15291,0,nan,nan,nan
25688,3.15291,0,nan,nan,nan
25689,3.15291,0,nan,nan,nan
25690,3.15291,0,nan,nan,nan
25691,3.15291,0,nan,nan,nan
25692,3.15291,0,nan,nan,nan
25693,3.15291,0,nan,nan,nan
25694,3.15291,0,nan,nan,nan
25695,3.15291,0,nan,nan,nan
25696,3.15291,0,nan,nan,nan
25697,3.15291,0,nan,nan,nan
25698,3.15291,0,nan,nan,nan
25699,3.15291,0,nan,nan,nan
25700,3.15291,0,nan,nan,nan
25701,3.15291,0,nan,nan,nan
25702,3.15291,0,nan,nan,nan
25703,3.15291,0,nan,nan,nan
25704,3.15291,0,nan,nan,nan
25705,3.15291,0,nan,nan,nan
25706,3.15291,0,nan,nan,nan
25707,3.15291,0,nan,nan,nan
25708,3.15291,0,nan,nan,nan
25709,3.15291,0,nan,nan,nan
25710,3.15291,0,nan,nan,nan
25711,3.15291,0,nan,nan,nan
25712,3.15291,0,nan,nan,nan
25713,3.15291,0,nan,nan,nan
25714,3.15291,0,nan,nan,nan
25715,3.15291,0,nan,nan,nan
25716,3.15291,0,nan,nan,nan
25717,3.15291,0,nan,nan,nan
25718,3.15291,0,nan,nan,nan
25719,3.15291,0,nan,nan,nan
25720,3.15291,0,nan,nan,nan
25721,3.15291,0,nan,nan,nan
25722,3.15291,0,nan,nan,nan
25723,3.15291,0,nan,nan,nan
25724,3.15291,0,nan,nan,nan
25725,3.15291,0,nan,nan,nan
25726,3.15291,0,nan,nan,nan
25727,3.15291,0,nan,nan,nan
25728,3.15291,0,nan,nan,nan
25729,3.15291,0,nan,nan,nan
25730,3.15291,0,nan,nan,nan
25731,3.15291,0,nan,nan,nan
25732,3.15291,0,nan,nan,nan
25733,3.15291,0,nan,nan,nan
25734,3.15291,0,nan,nan,nan
25735,3.15291,0,nan,nan,nan
25736,3.15291,0,nan,nan,nan
25737,3.15291,0,nan,nan,nan
25738,3.15291,0,nan,nan,nan
25739,3.15291,0,nan,nan,nan
25740,3.15291,0,nan,nan,nan
25741,3.15291,0,nan,nan,nan
25742,3.15291,0,nan,nan,nan
25743,3.15291,0,nan,nan,nan
25744,3.15291,0,nan,nan,nan
25745,3.15291,0,nan,nan,nan
25746,3.15291,0,nan,nan,nan
25747,3.15291,0,nan,nan,nan
25748,3.15291,0,nan,nan,nan
25749,3.15291,0,nan,nan,nan
25750,3.15291,0,nan,nan,nan
25751,3.15291,0,nan,nan,nan
25752,3.15291,0,nan,nan,nan
25753,3.15291,0,nan,nan,nan
25754,3.15291,0,nan,nan,nan
25755,3.15291,0,nan,nan,nan
25756,3.15291,0,nan,nan,nan
25757,3.15291,0,nan,nan,nan
25758,3.15291,0,nan,nan,nan
25759,3.15291,0,nan,nan,nan
25760,3.15291,0,nan,nan,nan
25761,3.15291,0,nan,nan,nan
25762,3.15291,0,nan,nan,nan
25763,3.15291,0,nan,nan,nan
25764,3.15291,0,nan,nan,nan
25765,3.15291,0,nan,nan,nan
25766,3.15291,0,nan,nan,nan
25767,3.15291,0,nan,nan,nan
25768,3.15291,0,nan,nan,nan
25769,3.15291,0,nan,nan,nan
25770,3.15291,0,nan,nan,nan
25771,3.15291,0,nan,nan,nan
25772,3.15291,0,nan,nan,nan
25773,3.15291,0,nan,nan,nan
25774,3.15291,0,nan,nan,nan
25775,3.15291,0,nan,nan,nan
25776,3.15291,0,nan,nan,nan
25777,3.15291,0,nan,nan,nan
25778,3.15291,0,nan,nan,nan
25779,3.15291,0,nan,nan,nan
25780,3.15291,0,nan,nan,nan
25781,3.15291,0,nan,nan,nan
25782,3.15291,0,nan,nan,nan
25783,3.15291,0,nan,nan,nan
25784,3.15291,0,nan,nan,nan
25785,3.15291,0,nan,nan,nan
25786,3.15291,0,nan,nan,nan
25787,3.15291,0,nan,nan,nan
25788,3.15291,0,nan,nan,nan
25789,3.15291,0,nan,nan,nan
25790,3.15291,0,nan,nan,nan
25791,3.15291,0,nan,nan,nan
25792,3.15291,0,nan,nan,nan
25793,3.15291,0,nan,nan,nan
25794,3.15291,0,nan,nan,nan
25795,3.15291,0,nan,nan,nan
25796,3.15291,0,nan,nan,nan
25797,3.15291,0,nan,nan,nan
25798,3.15291,0,nan,nan,nan
25799,3.15291,0,nan,nan,nan
25800,3.15291,0,nan,nan,nan
25801,3.15291,0,nan,nan,nan
25802,3.15291,0,nan,nan,nan
25803,3.15291,0,nan,nan,nan
25804,3.15291,0,nan,nan,nan
25805,3.15291,0,nan,nan,nan
25806,3.15291,0,nan,nan,nan
25807,3.15291,0,nan,nan,nan
25808,3.15291,0,nan,nan,nan
25809,3.15291,0,nan,nan,nan
25810,3.15291,0,nan,nan,nan
25811,3.15291,0,nan,nan,nan
25812,3.15291,0,nan,nan,nan
25813,3.15291,0,nan,nan,nan
25814,3.15291,0,nan,nan,nan
25815,3.15291,0,nan,nan,nan
25816,3.15291,0,nan,nan,nan
25817,3.15291,0,nan,nan,nan
25818,3.15291,0,nan,nan,nan
25819,3.15291,0,nan,nan,nan
25820,3.15291,0,nan,nan,nan
25821,3.15291,0,nan,nan,nan
25822,3.15291,0,nan,nan,nan
25823,3.15291,0,nan,nan,nan
25824,3.15291,0,nan,nan,nan
25825,3.15291,0,nan,nan,nan
25826,3.15291,0,nan,nan,nan
25827,3.15291,0,nan,nan,nan
25828,3.15291,0,nan,nan,nan
25829,3.15291,0,nan,nan,nan
25830,3.15291,0,nan,nan,nan
25831,3.15291,0,nan,nan,nan
25832,3.15291,0,nan,nan,nan
25833,3.15291,0,nan,nan,nan
25834,3.15291,0,nan,nan,nan
25835,3.15291,0,nan,nan,nan
25836,3.15291,0,nan,nan,nan
25837,3.15291,0,nan,nan,nan
25838,3.15291,0,nan,nan,nan
25839,3.15291,0,nan,nan,nan
25840,3.15291,0,nan,nan,nan
25841,3.15291,0,nan,nan,nan
25842,3.15291,0,nan,nan,nan
25843,3.15291,0,nan,nan,nan
25844,3.15291,0,nan,nan,nan
25845,3.15291,0,nan,nan,nan
25846,3.15291,0,nan,nan,nan
25847,3.15291,0,nan,nan,nan
25848,3.15291,0,nan,nan,nan
25849,3.15291,0,nan,nan,nan
25850,3.15291,0,nan,nan,nan
25851,3.15291,0,nan,nan,nan
25852,3.15291,0,nan,nan,nan
25853,3.15291,0,nan,nan,nan
25854,3.15291,0,nan,nan,nan
25855,3.15291,0,nan,nan,nan
25856,3.15291,0,nan,nan,nan
25857,3.15291,0,nan,nan,nan
25858,3.15291,0,nan,nan,nan
25859,3.15291,0,nan,nan,nan
25860,3.15291,0,nan,nan,nan
25861,3.15291,0,nan,nan,nan
25862,3.15291,0,nan,nan,nan
25863,3.15291,0,nan,nan,nan
25864,3.15291,0,nan,nan,nan
25865,3.15291,0,nan,nan,nan
25866,3.15291,0,nan,nan,nan
25867,3.15291,0,nan,nan,nan
25868,3.15291,0,nan,nan,nan
25869,3.15291,0,nan,nan,nan
25870,3.15291,0,nan,nan,nan
25871,3.15291,0,nan,nan,nan
25872,3.15291,0,nan,nan,nan
25873,3.15291,0,nan,nan,nan
25874,3.15291,0,nan,nan,nan
25875,3.15291,0,nan,nan,nan
25876,3.15291,0,nan,nan,nan
25877,3.15291,0,nan,